{"level":"info","message":"VerbyFlow backend server running on port 3000","module":"server","service":"verbyflow","timestamp":"2025-07-05 20:02:05"}
{"level":"info","message":"Shutting down server...","module":"server","service":"verbyflow","timestamp":"2025-07-05 20:02:24"}
{"level":"info","message":"VerbyFlow backend server running on port 3000","module":"server","service":"verbyflow","timestamp":"2025-07-05 20:21:41"}
{"level":"info","message":"VerbyFlow backend server running on port 3000","module":"server","service":"verbyflow","timestamp":"2025-07-05 20:24:00"}
{"level":"info","message":"VerbyFlow backend server running on port 3000","module":"server","service":"verbyflow","timestamp":"2025-07-05 20:24:22"}
{"level":"info","message":"VerbyFlow backend server running on port 3000","module":"server","service":"verbyflow","timestamp":"2025-07-05 20:24:56"}
{"level":"debug","message":"Fetching available languages","module":"api-routes","service":"verbyflow","timestamp":"2025-07-05 20:27:17"}
{"level":"info","message":"VerbyFlow backend server running on port 3000","module":"server","service":"verbyflow","timestamp":"2025-07-05 20:27:49"}
{"level":"debug","message":"Fetching available languages","module":"api-routes","service":"verbyflow","timestamp":"2025-07-05 20:27:59"}
{"level":"info","message":"Shutting down server...","module":"server","service":"verbyflow","timestamp":"2025-07-05 20:28:18"}
{"level":"info","message":"VerbyFlow backend server running on port 3000","module":"server","service":"verbyflow","timestamp":"2025-07-05 20:30:05"}
{"level":"debug","message":"Fetching available languages","module":"api-routes","service":"verbyflow","timestamp":"2025-07-05 20:30:18"}
{"level":"debug","message":"Fetching available languages","module":"api-routes","service":"verbyflow","timestamp":"2025-07-05 20:31:32"}
{"level":"info","message":"VerbyFlow backend server running on port 3000","module":"server","service":"verbyflow","timestamp":"2025-07-05 20:32:09"}
{"level":"info","message":"VerbyFlow backend server running on port 3000","module":"server","service":"verbyflow","timestamp":"2025-07-05 20:32:38"}
{"level":"info","message":"VerbyFlow backend server running on port 3000","module":"server","service":"verbyflow","timestamp":"2025-07-05 20:33:03"}
{"level":"info","message":"VerbyFlow backend server running on port 3000","module":"server","service":"verbyflow","timestamp":"2025-07-05 20:34:18"}
{"level":"debug","message":"Fetching available languages","module":"api-routes","service":"verbyflow","timestamp":"2025-07-05 20:35:47"}
{"level":"info","message":"Created new call: 61563cbc-7de1-445c-802f-0ad72c8961bb by user 40775662-f721-4518-a974-a460337220c2","module":"calls-api","service":"verbyflow","timestamp":"2025-07-05 20:35:50"}
{"level":"debug","message":"Fetching available languages","module":"api-routes","service":"verbyflow","timestamp":"2025-07-05 20:37:31"}
{"level":"debug","message":"Fetching call: 61563cbc-7de1-445c-802f-0ad72c8961bb","module":"calls-api","service":"verbyflow","timestamp":"2025-07-05 20:37:31"}
{"level":"debug","message":"Fetching call: 61563cbc-7de1-445c-802f-0ad72c8961bb","module":"calls-api","service":"verbyflow","timestamp":"2025-07-05 20:38:38"}
{"level":"debug","message":"Fetching call: 61563cbc-7de1-445c-802f-0ad72c8961bb","module":"calls-api","service":"verbyflow","timestamp":"2025-07-05 20:39:00"}
{"level":"debug","message":"Fetching available languages","module":"api-routes","service":"verbyflow","timestamp":"2025-07-05 20:39:46"}
{"level":"debug","message":"Fetching available languages","module":"api-routes","service":"verbyflow","timestamp":"2025-07-05 20:39:51"}
{"level":"info","message":"Created new call: 0ac884a0-807b-4448-b332-0bf744230fd6 by user 40775662-f721-4518-a974-a460337220c2","module":"calls-api","service":"verbyflow","timestamp":"2025-07-05 20:39:53"}
{"level":"debug","message":"Fetching available languages","module":"api-routes","service":"verbyflow","timestamp":"2025-07-05 20:40:28"}
{"level":"info","message":"Created new user: 99797203-c3e1-421c-af38-8766127bc006 (User_939)","module":"api-routes","service":"verbyflow","timestamp":"2025-07-05 20:40:34"}
{"level":"debug","message":"Fetching call: 0ac884a0-807b-4448-b332-0bf744230fd6","module":"calls-api","service":"verbyflow","timestamp":"2025-07-05 20:40:41"}
{"level":"debug","message":"Fetching available languages","module":"api-routes","service":"verbyflow","timestamp":"2025-07-05 20:41:25"}
{"level":"debug","message":"Fetching available languages","module":"api-routes","service":"verbyflow","timestamp":"2025-07-05 20:41:26"}
{"level":"info","message":"VerbyFlow backend server running on port 3000","module":"server","service":"verbyflow","timestamp":"2025-07-05 20:43:32"}
{"level":"info","message":"VerbyFlow backend server running on port 3000","module":"server","service":"verbyflow","timestamp":"2025-07-05 20:44:59"}
{"level":"info","message":"Shutting down server...","module":"server","service":"verbyflow","timestamp":"2025-07-05 20:45:48"}
{"level":"info","message":"VerbyFlow backend server running on port 3000","module":"server","service":"verbyflow","timestamp":"2025-07-05 20:45:55"}
{"level":"debug","message":"Fetching available languages","module":"api-routes","service":"verbyflow","timestamp":"2025-07-05 20:46:19"}
{"level":"debug","message":"Fetching available languages","module":"api-routes","service":"verbyflow","timestamp":"2025-07-05 20:46:20"}
{"level":"info","message":"Created new call: 89cd76b1-550c-4a2a-85b5-ab0cdc9cb7db by user 40775662-f721-4518-a974-a460337220c2","module":"calls-api","service":"verbyflow","timestamp":"2025-07-05 20:46:22"}
{"level":"info","message":"Raw WebSocket client connected: 40775662-f721-4518-a974-a460337220c2 to call 89cd76b1-550c-4a2a-85b5-ab0cdc9cb7db","module":"server","service":"verbyflow","timestamp":"2025-07-05 20:46:22"}
{"level":"debug","message":"Fetching call: 89cd76b1-550c-4a2a-85b5-ab0cdc9cb7db","module":"calls-api","service":"verbyflow","timestamp":"2025-07-05 20:46:57"}
{"level":"info","message":"Raw WebSocket client connected: 99797203-c3e1-421c-af38-8766127bc006 to call 89cd76b1-550c-4a2a-85b5-ab0cdc9cb7db","module":"server","service":"verbyflow","timestamp":"2025-07-05 20:46:57"}
{"level":"debug","message":"Received raw WebSocket audio chunk: 2703 bytes from 99797203-c3e1-421c-af38-8766127bc006","module":"server","service":"verbyflow","timestamp":"2025-07-05 20:47:02"}
{"level":"debug","message":"Audio chunk too small (2703 bytes), skipping processing","module":"server","service":"verbyflow","timestamp":"2025-07-05 20:47:02"}
{"level":"debug","message":"Received raw WebSocket audio chunk: 3157 bytes from 99797203-c3e1-421c-af38-8766127bc006","module":"server","service":"verbyflow","timestamp":"2025-07-05 20:47:03"}
{"level":"debug","message":"Audio chunk too small (3157 bytes), skipping processing","module":"server","service":"verbyflow","timestamp":"2025-07-05 20:47:03"}
{"level":"debug","message":"Received raw WebSocket audio chunk: 5860 bytes from 99797203-c3e1-421c-af38-8766127bc006","module":"server","service":"verbyflow","timestamp":"2025-07-05 20:47:04"}
{"level":"debug","message":"Audio chunk too small (5860 bytes), skipping processing","module":"server","service":"verbyflow","timestamp":"2025-07-05 20:47:04"}
{"level":"debug","message":"Received raw WebSocket audio chunk: 2924 bytes from 99797203-c3e1-421c-af38-8766127bc006","module":"server","service":"verbyflow","timestamp":"2025-07-05 20:47:04"}
{"level":"debug","message":"Audio chunk too small (2924 bytes), skipping processing","module":"server","service":"verbyflow","timestamp":"2025-07-05 20:47:04"}
{"level":"debug","message":"Received raw WebSocket audio chunk: 3097 bytes from 99797203-c3e1-421c-af38-8766127bc006","module":"server","service":"verbyflow","timestamp":"2025-07-05 20:47:05"}
{"level":"debug","message":"Audio chunk too small (3097 bytes), skipping processing","module":"server","service":"verbyflow","timestamp":"2025-07-05 20:47:05"}
{"level":"debug","message":"Received raw WebSocket audio chunk: 6021 bytes from 99797203-c3e1-421c-af38-8766127bc006","module":"server","service":"verbyflow","timestamp":"2025-07-05 20:47:05"}
{"level":"debug","message":"Audio chunk too small (6021 bytes), skipping processing","module":"server","service":"verbyflow","timestamp":"2025-07-05 20:47:05"}
{"level":"debug","message":"Received raw WebSocket audio chunk: 2947 bytes from 99797203-c3e1-421c-af38-8766127bc006","module":"server","service":"verbyflow","timestamp":"2025-07-05 20:47:06"}
{"level":"debug","message":"Audio chunk too small (2947 bytes), skipping processing","module":"server","service":"verbyflow","timestamp":"2025-07-05 20:47:06"}
{"level":"debug","message":"Received raw WebSocket audio chunk: 2770 bytes from 99797203-c3e1-421c-af38-8766127bc006","module":"server","service":"verbyflow","timestamp":"2025-07-05 20:47:07"}
{"level":"debug","message":"Audio chunk too small (2770 bytes), skipping processing","module":"server","service":"verbyflow","timestamp":"2025-07-05 20:47:07"}
{"level":"debug","message":"Received raw WebSocket audio chunk: 3066 bytes from 99797203-c3e1-421c-af38-8766127bc006","module":"server","service":"verbyflow","timestamp":"2025-07-05 20:47:08"}
{"level":"debug","message":"Audio chunk too small (3066 bytes), skipping processing","module":"server","service":"verbyflow","timestamp":"2025-07-05 20:47:08"}
{"level":"debug","message":"Received raw WebSocket audio chunk: 8783 bytes from 99797203-c3e1-421c-af38-8766127bc006","module":"server","service":"verbyflow","timestamp":"2025-07-05 20:47:09"}
{"level":"debug","message":"Audio chunk too small (8783 bytes), skipping processing","module":"server","service":"verbyflow","timestamp":"2025-07-05 20:47:09"}
{"level":"debug","message":"Received raw WebSocket audio chunk: 2982 bytes from 99797203-c3e1-421c-af38-8766127bc006","module":"server","service":"verbyflow","timestamp":"2025-07-05 20:47:09"}
{"level":"debug","message":"Audio chunk too small (2982 bytes), skipping processing","module":"server","service":"verbyflow","timestamp":"2025-07-05 20:47:09"}
{"level":"debug","message":"Received raw WebSocket audio chunk: 2982 bytes from 99797203-c3e1-421c-af38-8766127bc006","module":"server","service":"verbyflow","timestamp":"2025-07-05 20:47:10"}
{"level":"debug","message":"Audio chunk too small (2982 bytes), skipping processing","module":"server","service":"verbyflow","timestamp":"2025-07-05 20:47:10"}
{"level":"debug","message":"Received raw WebSocket audio chunk: 3003 bytes from 99797203-c3e1-421c-af38-8766127bc006","module":"server","service":"verbyflow","timestamp":"2025-07-05 20:47:10"}
{"level":"debug","message":"Audio chunk too small (3003 bytes), skipping processing","module":"server","service":"verbyflow","timestamp":"2025-07-05 20:47:10"}
{"level":"debug","message":"Received raw WebSocket audio chunk: 2716 bytes from 99797203-c3e1-421c-af38-8766127bc006","module":"server","service":"verbyflow","timestamp":"2025-07-05 20:47:11"}
{"level":"debug","message":"Audio chunk too small (2716 bytes), skipping processing","module":"server","service":"verbyflow","timestamp":"2025-07-05 20:47:11"}
{"level":"debug","message":"Received raw WebSocket audio chunk: 3045 bytes from 99797203-c3e1-421c-af38-8766127bc006","module":"server","service":"verbyflow","timestamp":"2025-07-05 20:47:12"}
{"level":"debug","message":"Audio chunk too small (3045 bytes), skipping processing","module":"server","service":"verbyflow","timestamp":"2025-07-05 20:47:12"}
{"level":"debug","message":"Received raw WebSocket audio chunk: 3092 bytes from 99797203-c3e1-421c-af38-8766127bc006","module":"server","service":"verbyflow","timestamp":"2025-07-05 20:47:13"}
{"level":"debug","message":"Audio chunk too small (3092 bytes), skipping processing","module":"server","service":"verbyflow","timestamp":"2025-07-05 20:47:13"}
{"level":"debug","message":"Received raw WebSocket audio chunk: 2770 bytes from 99797203-c3e1-421c-af38-8766127bc006","module":"server","service":"verbyflow","timestamp":"2025-07-05 20:47:14"}
{"level":"debug","message":"Audio chunk too small (2770 bytes), skipping processing","module":"server","service":"verbyflow","timestamp":"2025-07-05 20:47:14"}
{"level":"debug","message":"Received raw WebSocket audio chunk: 2923 bytes from 99797203-c3e1-421c-af38-8766127bc006","module":"server","service":"verbyflow","timestamp":"2025-07-05 20:47:15"}
{"level":"debug","message":"Audio chunk too small (2923 bytes), skipping processing","module":"server","service":"verbyflow","timestamp":"2025-07-05 20:47:15"}
{"level":"debug","message":"Received raw WebSocket audio chunk: 17549 bytes from 99797203-c3e1-421c-af38-8766127bc006","module":"server","service":"verbyflow","timestamp":"2025-07-05 20:47:16"}
{"level":"debug","message":"Received raw WebSocket audio chunk: 3047 bytes from 99797203-c3e1-421c-af38-8766127bc006","module":"server","service":"verbyflow","timestamp":"2025-07-05 20:47:16"}
{"level":"debug","message":"Audio chunk too small (3047 bytes), skipping processing","module":"server","service":"verbyflow","timestamp":"2025-07-05 20:47:16"}
{"level":"debug","message":"Received raw WebSocket audio chunk: 3039 bytes from 99797203-c3e1-421c-af38-8766127bc006","module":"server","service":"verbyflow","timestamp":"2025-07-05 20:47:17"}
{"level":"debug","message":"Audio chunk too small (3039 bytes), skipping processing","module":"server","service":"verbyflow","timestamp":"2025-07-05 20:47:17"}
{"level":"debug","message":"Received raw WebSocket audio chunk: 2978 bytes from 99797203-c3e1-421c-af38-8766127bc006","module":"server","service":"verbyflow","timestamp":"2025-07-05 20:47:18"}
{"level":"debug","message":"Audio chunk too small (2978 bytes), skipping processing","module":"server","service":"verbyflow","timestamp":"2025-07-05 20:47:18"}
{"level":"debug","message":"Received raw WebSocket audio chunk: 2718 bytes from 99797203-c3e1-421c-af38-8766127bc006","module":"server","service":"verbyflow","timestamp":"2025-07-05 20:47:19"}
{"level":"debug","message":"Audio chunk too small (2718 bytes), skipping processing","module":"server","service":"verbyflow","timestamp":"2025-07-05 20:47:19"}
{"level":"warn","message":"Failed to detect format using ffprobe: Command failed: ffprobe -v error -show_entries format=format_name -of default=noprint_wrappers=1:nokey=1 \"C:\\Users\\Jarvis\\Documents\\verby\\verbyflow\\backend\\temp\\99797203-c3e1-421c-af38-8766127bc006-54d27b58-765c-42b4-aead-7cfae03e57e8.webm\"\nC:\\Users\\Jarvis\\Documents\\verby\\verbyflow\\backend\\temp\\99797203-c3e1-421c-af38-8766127bc006-54d27b58-765c-42b4-aead-7cfae03e57e8.webm: Invalid data found when processing input\r\n","module":"audio-utils","service":"verbyflow","timestamp":"2025-07-05 20:47:20"}
{"level":"debug","message":"Detected audio format: webm","module":"server","service":"verbyflow","timestamp":"2025-07-05 20:47:20"}
{"level":"debug","message":"Using file extension to determine format: webm","module":"audio-utils","service":"verbyflow","timestamp":"2025-07-05 20:47:20"}
{"level":"debug","message":"Converting webm to WAV format","module":"audio-utils","service":"verbyflow","timestamp":"2025-07-05 20:47:20"}
{"level":"error","message":"Error converting audio format: Command failed: ffmpeg -i \"C:\\Users\\Jarvis\\Documents\\verby\\verbyflow\\backend\\temp\\99797203-c3e1-421c-af38-8766127bc006-54d27b58-765c-42b4-aead-7cfae03e57e8.webm\" -y -ar 16000 -ac 1 -c:a pcm_s16le \"C:\\Users\\Jarvis\\Documents\\verby\\verbyflow\\backend\\temp\\99797203-c3e1-421c-af38-8766127bc006-54d27b58-765c-42b4-aead-7cfae03e57e8.wav\"\nffmpeg version 7.1.1-full_build-www.gyan.dev Copyright (c) 2000-2025 the FFmpeg developers\r\n  built with gcc 14.2.0 (Rev1, Built by MSYS2 project)\r\n  configuration: --enable-gpl --enable-version3 --enable-static --disable-w32threads --disable-autodetect --enable-fontconfig --enable-iconv --enable-gnutls --enable-lcms2 --enable-libxml2 --enable-gmp --enable-bzlib --enable-lzma --enable-libsnappy --enable-zlib --enable-librist --enable-libsrt --enable-libssh --enable-libzmq --enable-avisynth --enable-libbluray --enable-libcaca --enable-libdvdnav --enable-libdvdread --enable-sdl2 --enable-libaribb24 --enable-libaribcaption --enable-libdav1d --enable-libdavs2 --enable-libopenjpeg --enable-libquirc --enable-libuavs3d --enable-libxevd --enable-libzvbi --enable-libqrencode --enable-librav1e --enable-libsvtav1 --enable-libvvenc --enable-libwebp --enable-libx264 --enable-libx265 --enable-libxavs2 --enable-libxeve --enable-libxvid --enable-libaom --enable-libjxl --enable-libvpx --enable-mediafoundation --enable-libass --enable-frei0r --enable-libfreetype --enable-libfribidi --enable-libharfbuzz --enable-liblensfun --enable-libvidstab --enable-libvmaf --enable-libzimg --enable-amf --enable-cuda-llvm --enable-cuvid --enable-dxva2 --enable-d3d11va --enable-d3d12va --enable-ffnvcodec --enable-libvpl --enable-nvdec --enable-nvenc --enable-vaapi --enable-libshaderc --enable-vulkan --enable-libplacebo --enable-opencl --enable-libcdio --enable-libgme --enable-libmodplug --enable-libopenmpt --enable-libopencore-amrwb --enable-libmp3lame --enable-libshine --enable-libtheora --enable-libtwolame --enable-libvo-amrwbenc --enable-libcodec2 --enable-libilbc --enable-libgsm --enable-liblc3 --enable-libopencore-amrnb --enable-libopus --enable-libspeex --enable-libvorbis --enable-ladspa --enable-libbs2b --enable-libflite --enable-libmysofa --enable-librubberband --enable-libsoxr --enable-chromaprint\r\n  libavutil      59. 39.100 / 59. 39.100\r\n  libavcodec     61. 19.101 / 61. 19.101\r\n  libavformat    61.  7.100 / 61.  7.100\r\n  libavdevice    61.  3.100 / 61.  3.100\r\n  libavfilter    10.  4.100 / 10.  4.100\r\n  libswscale      8.  3.100 /  8.  3.100\r\n  libswresample   5.  3.100 /  5.  3.100\r\n  libpostproc    58.  3.100 / 58.  3.100\r\n[in#0 @ 00000212b7efe740] Error opening input: Invalid data found when processing input\r\nError opening input file C:\\Users\\Jarvis\\Documents\\verby\\verbyflow\\backend\\temp\\99797203-c3e1-421c-af38-8766127bc006-54d27b58-765c-42b4-aead-7cfae03e57e8.webm.\r\nError opening input files: Invalid data found when processing input\r\n","module":"audio-utils","service":"verbyflow","timestamp":"2025-07-05 20:47:20"}
{"level":"debug","message":"Attempting alternative conversion approach for WebM/OGG","module":"audio-utils","service":"verbyflow","timestamp":"2025-07-05 20:47:20"}
{"level":"error","message":"Alternative conversion failed: Command failed: ffmpeg -i \"C:\\Users\\Jarvis\\Documents\\verby\\verbyflow\\backend\\temp\\99797203-c3e1-421c-af38-8766127bc006-54d27b58-765c-42b4-aead-7cfae03e57e8.webm\" -y -ar 16000 -ac 1 -f wav \"C:\\Users\\Jarvis\\Documents\\verby\\verbyflow\\backend\\temp\\99797203-c3e1-421c-af38-8766127bc006-54d27b58-765c-42b4-aead-7cfae03e57e8.wav\"\nffmpeg version 7.1.1-full_build-www.gyan.dev Copyright (c) 2000-2025 the FFmpeg developers\r\n  built with gcc 14.2.0 (Rev1, Built by MSYS2 project)\r\n  configuration: --enable-gpl --enable-version3 --enable-static --disable-w32threads --disable-autodetect --enable-fontconfig --enable-iconv --enable-gnutls --enable-lcms2 --enable-libxml2 --enable-gmp --enable-bzlib --enable-lzma --enable-libsnappy --enable-zlib --enable-librist --enable-libsrt --enable-libssh --enable-libzmq --enable-avisynth --enable-libbluray --enable-libcaca --enable-libdvdnav --enable-libdvdread --enable-sdl2 --enable-libaribb24 --enable-libaribcaption --enable-libdav1d --enable-libdavs2 --enable-libopenjpeg --enable-libquirc --enable-libuavs3d --enable-libxevd --enable-libzvbi --enable-libqrencode --enable-librav1e --enable-libsvtav1 --enable-libvvenc --enable-libwebp --enable-libx264 --enable-libx265 --enable-libxavs2 --enable-libxeve --enable-libxvid --enable-libaom --enable-libjxl --enable-libvpx --enable-mediafoundation --enable-libass --enable-frei0r --enable-libfreetype --enable-libfribidi --enable-libharfbuzz --enable-liblensfun --enable-libvidstab --enable-libvmaf --enable-libzimg --enable-amf --enable-cuda-llvm --enable-cuvid --enable-dxva2 --enable-d3d11va --enable-d3d12va --enable-ffnvcodec --enable-libvpl --enable-nvdec --enable-nvenc --enable-vaapi --enable-libshaderc --enable-vulkan --enable-libplacebo --enable-opencl --enable-libcdio --enable-libgme --enable-libmodplug --enable-libopenmpt --enable-libopencore-amrwb --enable-libmp3lame --enable-libshine --enable-libtheora --enable-libtwolame --enable-libvo-amrwbenc --enable-libcodec2 --enable-libilbc --enable-libgsm --enable-liblc3 --enable-libopencore-amrnb --enable-libopus --enable-libspeex --enable-libvorbis --enable-ladspa --enable-libbs2b --enable-libflite --enable-libmysofa --enable-librubberband --enable-libsoxr --enable-chromaprint\r\n  libavutil      59. 39.100 / 59. 39.100\r\n  libavcodec     61. 19.101 / 61. 19.101\r\n  libavformat    61.  7.100 / 61.  7.100\r\n  libavdevice    61.  3.100 / 61.  3.100\r\n  libavfilter    10.  4.100 / 10.  4.100\r\n  libswscale      8.  3.100 /  8.  3.100\r\n  libswresample   5.  3.100 /  5.  3.100\r\n  libpostproc    58.  3.100 / 58.  3.100\r\n[in#0 @ 0000027e6ee5e740] Error opening input: Invalid data found when processing input\r\nError opening input file C:\\Users\\Jarvis\\Documents\\verby\\verbyflow\\backend\\temp\\99797203-c3e1-421c-af38-8766127bc006-54d27b58-765c-42b4-aead-7cfae03e57e8.webm.\r\nError opening input files: Invalid data found when processing input\r\n","module":"audio-utils","service":"verbyflow","timestamp":"2025-07-05 20:47:20"}
{"level":"debug","message":"Transcribing audio file: 99797203-c3e1-421c-af38-8766127bc006-54d27b58-765c-42b4-aead-7cfae03e57e8.webm (17549 bytes)","module":"whisper-service","service":"verbyflow","timestamp":"2025-07-05 20:47:20"}
{"level":"warn","message":"Audio conversion failed, returning original file","module":"audio-utils","service":"verbyflow","timestamp":"2025-07-05 20:47:20"}
{"level":"debug","message":"Received raw WebSocket audio chunk: 2739 bytes from 99797203-c3e1-421c-af38-8766127bc006","module":"server","service":"verbyflow","timestamp":"2025-07-05 20:47:20"}
{"level":"debug","message":"Audio chunk too small (2739 bytes), skipping processing","module":"server","service":"verbyflow","timestamp":"2025-07-05 20:47:20"}
{"level":"debug","message":"Received raw WebSocket audio chunk: 2959 bytes from 99797203-c3e1-421c-af38-8766127bc006","module":"server","service":"verbyflow","timestamp":"2025-07-05 20:47:21"}
{"level":"debug","message":"Audio chunk too small (2959 bytes), skipping processing","module":"server","service":"verbyflow","timestamp":"2025-07-05 20:47:21"}
{"level":"debug","message":"Received raw WebSocket audio chunk: 3011 bytes from 99797203-c3e1-421c-af38-8766127bc006","module":"server","service":"verbyflow","timestamp":"2025-07-05 20:47:22"}
{"level":"debug","message":"Audio chunk too small (3011 bytes), skipping processing","module":"server","service":"verbyflow","timestamp":"2025-07-05 20:47:22"}
{"level":"debug","message":"Received raw WebSocket audio chunk: 2940 bytes from 99797203-c3e1-421c-af38-8766127bc006","module":"server","service":"verbyflow","timestamp":"2025-07-05 20:47:23"}
{"level":"debug","message":"Audio chunk too small (2940 bytes), skipping processing","module":"server","service":"verbyflow","timestamp":"2025-07-05 20:47:23"}
{"level":"debug","message":"Received raw WebSocket audio chunk: 23431 bytes from 99797203-c3e1-421c-af38-8766127bc006","module":"server","service":"verbyflow","timestamp":"2025-07-05 20:47:23"}
{"level":"warn","message":"Failed to detect format using ffprobe: Command failed: ffprobe -v error -show_entries format=format_name -of default=noprint_wrappers=1:nokey=1 \"C:\\Users\\Jarvis\\Documents\\verby\\verbyflow\\backend\\temp\\99797203-c3e1-421c-af38-8766127bc006-72d287eb-f9e4-4d86-8755-9f7121298dda.webm\"\n[matroska,webm @ 00000234a91de540] EBML header parsing failed\r\nC:\\Users\\Jarvis\\Documents\\verby\\verbyflow\\backend\\temp\\99797203-c3e1-421c-af38-8766127bc006-72d287eb-f9e4-4d86-8755-9f7121298dda.webm: Invalid data found when processing input\r\n","module":"audio-utils","service":"verbyflow","timestamp":"2025-07-05 20:47:24"}
{"level":"debug","message":"Detected audio format: webm","module":"server","service":"verbyflow","timestamp":"2025-07-05 20:47:24"}
{"level":"debug","message":"Using file extension to determine format: webm","module":"audio-utils","service":"verbyflow","timestamp":"2025-07-05 20:47:24"}
{"level":"debug","message":"Converting webm to WAV format","module":"audio-utils","service":"verbyflow","timestamp":"2025-07-05 20:47:24"}
{"level":"error","message":"Error converting audio format: Command failed: ffmpeg -i \"C:\\Users\\Jarvis\\Documents\\verby\\verbyflow\\backend\\temp\\99797203-c3e1-421c-af38-8766127bc006-72d287eb-f9e4-4d86-8755-9f7121298dda.webm\" -y -ar 16000 -ac 1 -c:a pcm_s16le \"C:\\Users\\Jarvis\\Documents\\verby\\verbyflow\\backend\\temp\\99797203-c3e1-421c-af38-8766127bc006-72d287eb-f9e4-4d86-8755-9f7121298dda.wav\"\nffmpeg version 7.1.1-full_build-www.gyan.dev Copyright (c) 2000-2025 the FFmpeg developers\r\n  built with gcc 14.2.0 (Rev1, Built by MSYS2 project)\r\n  configuration: --enable-gpl --enable-version3 --enable-static --disable-w32threads --disable-autodetect --enable-fontconfig --enable-iconv --enable-gnutls --enable-lcms2 --enable-libxml2 --enable-gmp --enable-bzlib --enable-lzma --enable-libsnappy --enable-zlib --enable-librist --enable-libsrt --enable-libssh --enable-libzmq --enable-avisynth --enable-libbluray --enable-libcaca --enable-libdvdnav --enable-libdvdread --enable-sdl2 --enable-libaribb24 --enable-libaribcaption --enable-libdav1d --enable-libdavs2 --enable-libopenjpeg --enable-libquirc --enable-libuavs3d --enable-libxevd --enable-libzvbi --enable-libqrencode --enable-librav1e --enable-libsvtav1 --enable-libvvenc --enable-libwebp --enable-libx264 --enable-libx265 --enable-libxavs2 --enable-libxeve --enable-libxvid --enable-libaom --enable-libjxl --enable-libvpx --enable-mediafoundation --enable-libass --enable-frei0r --enable-libfreetype --enable-libfribidi --enable-libharfbuzz --enable-liblensfun --enable-libvidstab --enable-libvmaf --enable-libzimg --enable-amf --enable-cuda-llvm --enable-cuvid --enable-dxva2 --enable-d3d11va --enable-d3d12va --enable-ffnvcodec --enable-libvpl --enable-nvdec --enable-nvenc --enable-vaapi --enable-libshaderc --enable-vulkan --enable-libplacebo --enable-opencl --enable-libcdio --enable-libgme --enable-libmodplug --enable-libopenmpt --enable-libopencore-amrwb --enable-libmp3lame --enable-libshine --enable-libtheora --enable-libtwolame --enable-libvo-amrwbenc --enable-libcodec2 --enable-libilbc --enable-libgsm --enable-liblc3 --enable-libopencore-amrnb --enable-libopus --enable-libspeex --enable-libvorbis --enable-ladspa --enable-libbs2b --enable-libflite --enable-libmysofa --enable-librubberband --enable-libsoxr --enable-chromaprint\r\n  libavutil      59. 39.100 / 59. 39.100\r\n  libavcodec     61. 19.101 / 61. 19.101\r\n  libavformat    61.  7.100 / 61.  7.100\r\n  libavdevice    61.  3.100 / 61.  3.100\r\n  libavfilter    10.  4.100 / 10.  4.100\r\n  libswscale      8.  3.100 /  8.  3.100\r\n  libswresample   5.  3.100 /  5.  3.100\r\n  libpostproc    58.  3.100 / 58.  3.100\r\n[matroska,webm @ 000002538699ca40] Format matroska,webm detected only with low score of 1, misdetection possible!\r\n[matroska,webm @ 000002538699ca40] EBML header parsing failed\r\n[in#0 @ 000002538697e740] Error opening input: Invalid data found when processing input\r\nError opening input file C:\\Users\\Jarvis\\Documents\\verby\\verbyflow\\backend\\temp\\99797203-c3e1-421c-af38-8766127bc006-72d287eb-f9e4-4d86-8755-9f7121298dda.webm.\r\nError opening input files: Invalid data found when processing input\r\n","module":"audio-utils","service":"verbyflow","timestamp":"2025-07-05 20:47:24"}
{"level":"debug","message":"Attempting alternative conversion approach for WebM/OGG","module":"audio-utils","service":"verbyflow","timestamp":"2025-07-05 20:47:24"}
{"level":"error","message":"Alternative conversion failed: Command failed: ffmpeg -i \"C:\\Users\\Jarvis\\Documents\\verby\\verbyflow\\backend\\temp\\99797203-c3e1-421c-af38-8766127bc006-72d287eb-f9e4-4d86-8755-9f7121298dda.webm\" -y -ar 16000 -ac 1 -f wav \"C:\\Users\\Jarvis\\Documents\\verby\\verbyflow\\backend\\temp\\99797203-c3e1-421c-af38-8766127bc006-72d287eb-f9e4-4d86-8755-9f7121298dda.wav\"\nffmpeg version 7.1.1-full_build-www.gyan.dev Copyright (c) 2000-2025 the FFmpeg developers\r\n  built with gcc 14.2.0 (Rev1, Built by MSYS2 project)\r\n  configuration: --enable-gpl --enable-version3 --enable-static --disable-w32threads --disable-autodetect --enable-fontconfig --enable-iconv --enable-gnutls --enable-lcms2 --enable-libxml2 --enable-gmp --enable-bzlib --enable-lzma --enable-libsnappy --enable-zlib --enable-librist --enable-libsrt --enable-libssh --enable-libzmq --enable-avisynth --enable-libbluray --enable-libcaca --enable-libdvdnav --enable-libdvdread --enable-sdl2 --enable-libaribb24 --enable-libaribcaption --enable-libdav1d --enable-libdavs2 --enable-libopenjpeg --enable-libquirc --enable-libuavs3d --enable-libxevd --enable-libzvbi --enable-libqrencode --enable-librav1e --enable-libsvtav1 --enable-libvvenc --enable-libwebp --enable-libx264 --enable-libx265 --enable-libxavs2 --enable-libxeve --enable-libxvid --enable-libaom --enable-libjxl --enable-libvpx --enable-mediafoundation --enable-libass --enable-frei0r --enable-libfreetype --enable-libfribidi --enable-libharfbuzz --enable-liblensfun --enable-libvidstab --enable-libvmaf --enable-libzimg --enable-amf --enable-cuda-llvm --enable-cuvid --enable-dxva2 --enable-d3d11va --enable-d3d12va --enable-ffnvcodec --enable-libvpl --enable-nvdec --enable-nvenc --enable-vaapi --enable-libshaderc --enable-vulkan --enable-libplacebo --enable-opencl --enable-libcdio --enable-libgme --enable-libmodplug --enable-libopenmpt --enable-libopencore-amrwb --enable-libmp3lame --enable-libshine --enable-libtheora --enable-libtwolame --enable-libvo-amrwbenc --enable-libcodec2 --enable-libilbc --enable-libgsm --enable-liblc3 --enable-libopencore-amrnb --enable-libopus --enable-libspeex --enable-libvorbis --enable-ladspa --enable-libbs2b --enable-libflite --enable-libmysofa --enable-librubberband --enable-libsoxr --enable-chromaprint\r\n  libavutil      59. 39.100 / 59. 39.100\r\n  libavcodec     61. 19.101 / 61. 19.101\r\n  libavformat    61.  7.100 / 61.  7.100\r\n  libavdevice    61.  3.100 / 61.  3.100\r\n  libavfilter    10.  4.100 / 10.  4.100\r\n  libswscale      8.  3.100 /  8.  3.100\r\n  libswresample   5.  3.100 /  5.  3.100\r\n  libpostproc    58.  3.100 / 58.  3.100\r\n[matroska,webm @ 000001cbc099ca40] Format matroska,webm detected only with low score of 1, misdetection possible!\r\n[matroska,webm @ 000001cbc099ca40] EBML header parsing failed\r\n[in#0 @ 000001cbc097e740] Error opening input: Invalid data found when processing input\r\nError opening input file C:\\Users\\Jarvis\\Documents\\verby\\verbyflow\\backend\\temp\\99797203-c3e1-421c-af38-8766127bc006-72d287eb-f9e4-4d86-8755-9f7121298dda.webm.\r\nError opening input files: Invalid data found when processing input\r\n","module":"audio-utils","service":"verbyflow","timestamp":"2025-07-05 20:47:24"}
{"level":"debug","message":"Transcribing audio file: 99797203-c3e1-421c-af38-8766127bc006-72d287eb-f9e4-4d86-8755-9f7121298dda.webm (23431 bytes)","module":"whisper-service","service":"verbyflow","timestamp":"2025-07-05 20:47:24"}
{"level":"warn","message":"Audio conversion failed, returning original file","module":"audio-utils","service":"verbyflow","timestamp":"2025-07-05 20:47:24"}
{"level":"debug","message":"Received raw WebSocket audio chunk: 2828 bytes from 99797203-c3e1-421c-af38-8766127bc006","module":"server","service":"verbyflow","timestamp":"2025-07-05 20:47:25"}
{"level":"debug","message":"Audio chunk too small (2828 bytes), skipping processing","module":"server","service":"verbyflow","timestamp":"2025-07-05 20:47:25"}
{"level":"debug","message":"Received raw WebSocket audio chunk: 3041 bytes from 99797203-c3e1-421c-af38-8766127bc006","module":"server","service":"verbyflow","timestamp":"2025-07-05 20:47:26"}
{"level":"debug","message":"Audio chunk too small (3041 bytes), skipping processing","module":"server","service":"verbyflow","timestamp":"2025-07-05 20:47:26"}
{"level":"debug","message":"Received raw WebSocket audio chunk: 5869 bytes from 99797203-c3e1-421c-af38-8766127bc006","module":"server","service":"verbyflow","timestamp":"2025-07-05 20:47:26"}
{"level":"debug","message":"Audio chunk too small (5869 bytes), skipping processing","module":"server","service":"verbyflow","timestamp":"2025-07-05 20:47:26"}
{"level":"debug","message":"Received raw WebSocket audio chunk: 2973 bytes from 99797203-c3e1-421c-af38-8766127bc006","module":"server","service":"verbyflow","timestamp":"2025-07-05 20:47:27"}
{"level":"debug","message":"Audio chunk too small (2973 bytes), skipping processing","module":"server","service":"verbyflow","timestamp":"2025-07-05 20:47:27"}
{"level":"debug","message":"Received raw WebSocket audio chunk: 2816 bytes from 99797203-c3e1-421c-af38-8766127bc006","module":"server","service":"verbyflow","timestamp":"2025-07-05 20:47:28"}
{"level":"debug","message":"Audio chunk too small (2816 bytes), skipping processing","module":"server","service":"verbyflow","timestamp":"2025-07-05 20:47:28"}
{"level":"debug","message":"Received raw WebSocket audio chunk: 2913 bytes from 99797203-c3e1-421c-af38-8766127bc006","module":"server","service":"verbyflow","timestamp":"2025-07-05 20:47:29"}
{"level":"debug","message":"Audio chunk too small (2913 bytes), skipping processing","module":"server","service":"verbyflow","timestamp":"2025-07-05 20:47:29"}
{"data":{"error":{"code":null,"message":"Invalid file format. Supported formats: ['flac', 'm4a', 'mp3', 'mp4', 'mpeg', 'mpga', 'oga', 'ogg', 'wav', 'webm']","param":null,"type":"invalid_request_error"},"usage":{"seconds":0,"type":"duration"}},"level":"error","message":"Whisper API error:","module":"whisper-service","service":"verbyflow","status":400,"statusText":"Bad Request","timestamp":"2025-07-05 20:47:29"}
{"level":"error","message":"Error processing audio chunk: Whisper API error: 400 - {\"error\":{\"message\":\"Invalid file format. Supported formats: ['flac', 'm4a', 'mp3', 'mp4', 'mpeg', 'mpga', 'oga', 'ogg', 'wav', 'webm']\",\"type\":\"invalid_request_error\",\"param\":null,\"code\":null},\"usage\":{\"type\":\"duration\",\"seconds\":0}}","module":"server","service":"verbyflow","stack":"Error: Whisper API error: 400 - {\"error\":{\"message\":\"Invalid file format. Supported formats: ['flac', 'm4a', 'mp3', 'mp4', 'mpeg', 'mpga', 'oga', 'ogg', 'wav', 'webm']\",\"type\":\"invalid_request_error\",\"param\":null,\"code\":null},\"usage\":{\"type\":\"duration\",\"seconds\":0}}\n    at transcribeAudio (C:\\Users\\Jarvis\\Documents\\verby\\verbyflow\\backend\\src\\services\\whisper.js:75:13)\n    at process.processTicksAndRejections (node:internal/process/task_queues:95:5)\n    at async processAudioChunk (C:\\Users\\Jarvis\\Documents\\verby\\verbyflow\\backend\\src\\server.js:203:27)","timestamp":"2025-07-05 20:47:29"}
{"level":"info","message":"VerbyFlow backend server running on port 3000","module":"server","service":"verbyflow","timestamp":"2025-07-05 20:50:40"}
{"level":"debug","message":"Fetching available languages","module":"api-routes","service":"verbyflow","timestamp":"2025-07-05 20:50:51"}
{"level":"warn","message":"Call not found: 89cd76b1-550c-4a2a-85b5-ab0cdc9cb7db","module":"calls-api","service":"verbyflow","timestamp":"2025-07-05 20:50:51"}
{"level":"debug","message":"Fetching available languages","module":"api-routes","service":"verbyflow","timestamp":"2025-07-05 20:50:51"}
{"level":"debug","message":"Fetching available languages","module":"api-routes","service":"verbyflow","timestamp":"2025-07-05 20:50:53"}
{"level":"debug","message":"Fetching available languages","module":"api-routes","service":"verbyflow","timestamp":"2025-07-05 20:50:56"}
{"level":"debug","message":"Fetching available languages","module":"api-routes","service":"verbyflow","timestamp":"2025-07-05 20:50:58"}
{"level":"info","message":"Created new call: 6e4fdb0f-0390-4fe4-a24a-18098e47402e by user 40775662-f721-4518-a974-a460337220c2","module":"calls-api","service":"verbyflow","timestamp":"2025-07-05 20:50:59"}
{"level":"debug","message":"Fetching call: 6e4fdb0f-0390-4fe4-a24a-18098e47402e","module":"calls-api","service":"verbyflow","timestamp":"2025-07-05 20:51:05"}
{"level":"info","message":"VerbyFlow backend server running on port 3000","module":"server","service":"verbyflow","timestamp":"2025-07-05 20:56:21"}
{"level":"debug","message":"Fetching available languages","module":"api-routes","service":"verbyflow","timestamp":"2025-07-05 20:58:47"}
{"level":"debug","message":"Fetching available languages","module":"api-routes","service":"verbyflow","timestamp":"2025-07-05 20:58:50"}
{"level":"warn","message":"Call not found: 6e4fdb0f-0390-4fe4-a24a-18098e47402e","module":"calls-api","service":"verbyflow","timestamp":"2025-07-05 20:58:50"}
{"level":"debug","message":"Fetching available languages","module":"api-routes","service":"verbyflow","timestamp":"2025-07-05 21:01:42"}
{"level":"debug","message":"Fetching available languages","module":"api-routes","service":"verbyflow","timestamp":"2025-07-05 21:01:44"}
{"level":"warn","message":"Call not found: 6e4fdb0f-0390-4fe4-a24a-18098e47402e","module":"calls-api","service":"verbyflow","timestamp":"2025-07-05 21:01:44"}
{"level":"info","message":"VerbyFlow backend server running on port 3000","module":"server","service":"verbyflow","timestamp":"2025-07-05 21:05:03"}
{"level":"debug","message":"Fetching available languages","module":"api-routes","service":"verbyflow","timestamp":"2025-07-05 21:05:38"}
{"level":"debug","message":"Fetching available languages","module":"api-routes","service":"verbyflow","timestamp":"2025-07-05 21:05:58"}
{"level":"info","message":"Created new call: 414a9063-fbf5-4bc8-93ee-6f47143fdcad by user 40775662-f721-4518-a974-a460337220c2","module":"calls-api","service":"verbyflow","timestamp":"2025-07-05 21:06:19"}
{"level":"debug","message":"Fetching call: 414a9063-fbf5-4bc8-93ee-6f47143fdcad","module":"calls-api","service":"verbyflow","timestamp":"2025-07-05 21:06:26"}
{"level":"debug","message":"Fetching available languages","module":"api-routes","service":"verbyflow","timestamp":"2025-07-05 21:07:13"}
{"level":"warn","message":"Call not found: 6e4fdb0f-0390-4fe4-a24a-18098e47402e","module":"calls-api","service":"verbyflow","timestamp":"2025-07-05 21:07:13"}
{"level":"info","message":"VerbyFlow backend server running on port 3000","module":"server","service":"verbyflow","timestamp":"2025-07-05 21:36:59"}
{"level":"info","message":"Shutting down server...","module":"server","service":"verbyflow","timestamp":"2025-07-05 21:37:01"}
{"level":"info","message":"VerbyFlow backend server running on port 3000","module":"server","service":"verbyflow","timestamp":"2025-07-05 21:45:31"}
{"level":"debug","message":"Fetching available languages","module":"api-routes","service":"verbyflow","timestamp":"2025-07-05 21:45:48"}
{"level":"debug","message":"Fetching available languages","module":"api-routes","service":"verbyflow","timestamp":"2025-07-05 21:45:57"}
{"level":"debug","message":"Fetching available languages","module":"api-routes","service":"verbyflow","timestamp":"2025-07-05 21:46:15"}
{"level":"info","message":"Created new call: a54d8418-d877-4ebe-b85e-02cc54fcc76f by user 40775662-f721-4518-a974-a460337220c2","module":"calls-api","service":"verbyflow","timestamp":"2025-07-05 21:46:16"}
{"level":"debug","message":"Fetching available languages","module":"api-routes","service":"verbyflow","timestamp":"2025-07-05 21:46:18"}
{"level":"warn","message":"Call not found: 6e4fdb0f-0390-4fe4-a24a-18098e47402e","module":"calls-api","service":"verbyflow","timestamp":"2025-07-05 21:46:18"}
{"level":"debug","message":"Fetching call: a54d8418-d877-4ebe-b85e-02cc54fcc76f","module":"calls-api","service":"verbyflow","timestamp":"2025-07-05 21:46:23"}
{"level":"debug","message":"Fetching available languages","module":"api-routes","service":"verbyflow","timestamp":"2025-07-05 21:47:38"}
{"level":"debug","message":"Fetching available languages","module":"api-routes","service":"verbyflow","timestamp":"2025-07-05 21:47:39"}
{"level":"debug","message":"Fetching available languages","module":"api-routes","service":"verbyflow","timestamp":"2025-07-05 21:50:00"}
{"level":"warn","message":"Call not found: 6e4fdb0f-0390-4fe4-a24a-18098e47402e","module":"calls-api","service":"verbyflow","timestamp":"2025-07-05 21:50:00"}
{"level":"debug","message":"Fetching available languages","module":"api-routes","service":"verbyflow","timestamp":"2025-07-05 21:50:00"}
{"level":"debug","message":"Fetching available languages","module":"api-routes","service":"verbyflow","timestamp":"2025-07-05 21:50:00"}
{"level":"debug","message":"Fetching available languages","module":"api-routes","service":"verbyflow","timestamp":"2025-07-05 21:50:01"}
{"level":"info","message":"Shutting down server...","module":"server","service":"verbyflow","timestamp":"2025-07-05 21:56:45"}
{"level":"info","message":"VerbyFlow backend server running on port 3000","module":"server","service":"verbyflow","timestamp":"2025-07-05 22:18:39"}
{"level":"debug","message":"Fetching available languages","module":"api-routes","service":"verbyflow","timestamp":"2025-07-05 22:19:04"}
{"level":"debug","message":"Fetching available languages","module":"api-routes","service":"verbyflow","timestamp":"2025-07-05 22:23:34"}
{"level":"info","message":"Created new user: 7f003d4d-ebf9-451d-be08-5e81295f82de (User_612)","module":"api-routes","service":"verbyflow","timestamp":"2025-07-05 22:24:10"}
{"level":"info","message":"Created new call: 2dcb510f-1323-41e0-a179-877b67638d03 by user 40775662-f721-4518-a974-a460337220c2","module":"calls-api","service":"verbyflow","timestamp":"2025-07-05 22:24:13"}
{"level":"info","message":"Raw WebSocket client connected: 40775662-f721-4518-a974-a460337220c2 to call 2dcb510f-1323-41e0-a179-877b67638d03","module":"server","service":"verbyflow","timestamp":"2025-07-05 22:24:13"}
{"level":"warn","message":"Received binary data without metadata, ignoring","module":"server","service":"verbyflow","timestamp":"2025-07-05 22:24:13"}
{"level":"debug","message":"Fetching call: 2dcb510f-1323-41e0-a179-877b67638d03","module":"calls-api","service":"verbyflow","timestamp":"2025-07-05 22:24:24"}
{"level":"info","message":"Raw WebSocket client connected: 7f003d4d-ebf9-451d-be08-5e81295f82de to call 2dcb510f-1323-41e0-a179-877b67638d03","module":"server","service":"verbyflow","timestamp":"2025-07-05 22:24:24"}
{"level":"warn","message":"Received binary data without metadata, ignoring","module":"server","service":"verbyflow","timestamp":"2025-07-05 22:24:24"}
{"level":"info","message":"Raw WebSocket client disconnected: 40775662-f721-4518-a974-a460337220c2 from call 2dcb510f-1323-41e0-a179-877b67638d03","module":"server","service":"verbyflow","timestamp":"2025-07-05 22:25:52"}
{"level":"info","message":"Raw WebSocket client disconnected: 7f003d4d-ebf9-451d-be08-5e81295f82de from call 2dcb510f-1323-41e0-a179-877b67638d03","module":"server","service":"verbyflow","timestamp":"2025-07-05 22:25:52"}
{"level":"debug","message":"Fetching available languages","module":"api-routes","service":"verbyflow","timestamp":"2025-07-05 22:25:52"}
{"level":"debug","message":"Fetching available languages","module":"api-routes","service":"verbyflow","timestamp":"2025-07-05 22:25:54"}
{"level":"debug","message":"Fetching call: 2dcb510f-1323-41e0-a179-877b67638d03","module":"calls-api","service":"verbyflow","timestamp":"2025-07-05 22:25:54"}
{"level":"info","message":"Raw WebSocket client connected: 40775662-f721-4518-a974-a460337220c2 to call 2dcb510f-1323-41e0-a179-877b67638d03","module":"server","service":"verbyflow","timestamp":"2025-07-05 22:25:55"}
{"level":"warn","message":"Received binary data without metadata, ignoring","module":"server","service":"verbyflow","timestamp":"2025-07-05 22:25:55"}
{"level":"info","message":"Raw WebSocket client disconnected: 40775662-f721-4518-a974-a460337220c2 from call 2dcb510f-1323-41e0-a179-877b67638d03","module":"server","service":"verbyflow","timestamp":"2025-07-05 22:25:57"}
{"level":"debug","message":"Fetching available languages","module":"api-routes","service":"verbyflow","timestamp":"2025-07-05 22:25:57"}
{"level":"debug","message":"Fetching available languages","module":"api-routes","service":"verbyflow","timestamp":"2025-07-05 22:26:11"}
{"level":"debug","message":"Fetching available languages","module":"api-routes","service":"verbyflow","timestamp":"2025-07-05 22:26:14"}
{"level":"debug","message":"Fetching available languages","module":"api-routes","service":"verbyflow","timestamp":"2025-07-05 22:27:22"}
{"level":"debug","message":"Fetching available languages","module":"api-routes","service":"verbyflow","timestamp":"2025-07-05 22:27:25"}
{"level":"info","message":"Created new call: 9eb171f0-14d1-42bd-984c-871c59487dae by user 40775662-f721-4518-a974-a460337220c2","module":"calls-api","service":"verbyflow","timestamp":"2025-07-05 22:27:34"}
{"level":"info","message":"Raw WebSocket client connected: 40775662-f721-4518-a974-a460337220c2 to call 9eb171f0-14d1-42bd-984c-871c59487dae","module":"server","service":"verbyflow","timestamp":"2025-07-05 22:27:34"}
{"level":"warn","message":"Received binary data without metadata, ignoring","module":"server","service":"verbyflow","timestamp":"2025-07-05 22:27:34"}
{"level":"info","message":"Created new call: f089e7e2-3c61-44ce-a91e-b33ecb338fff by user 7f003d4d-ebf9-451d-be08-5e81295f82de","module":"calls-api","service":"verbyflow","timestamp":"2025-07-05 22:27:38"}
{"level":"info","message":"Raw WebSocket client connected: 7f003d4d-ebf9-451d-be08-5e81295f82de to call f089e7e2-3c61-44ce-a91e-b33ecb338fff","module":"server","service":"verbyflow","timestamp":"2025-07-05 22:27:38"}
{"level":"warn","message":"Received binary data without metadata, ignoring","module":"server","service":"verbyflow","timestamp":"2025-07-05 22:27:38"}
{"level":"debug","message":"Fetching available languages","module":"api-routes","service":"verbyflow","timestamp":"2025-07-05 22:29:39"}
{"level":"debug","message":"Fetching available languages","module":"api-routes","service":"verbyflow","timestamp":"2025-07-05 22:29:41"}
{"level":"info","message":"Raw WebSocket client disconnected: 40775662-f721-4518-a974-a460337220c2 from call 9eb171f0-14d1-42bd-984c-871c59487dae","module":"server","service":"verbyflow","timestamp":"2025-07-05 22:29:43"}
{"level":"info","message":"Raw WebSocket client disconnected: 7f003d4d-ebf9-451d-be08-5e81295f82de from call f089e7e2-3c61-44ce-a91e-b33ecb338fff","module":"server","service":"verbyflow","timestamp":"2025-07-05 22:29:44"}
{"level":"debug","message":"Fetching available languages","module":"api-routes","service":"verbyflow","timestamp":"2025-07-05 22:29:44"}
{"level":"debug","message":"Fetching available languages","module":"api-routes","service":"verbyflow","timestamp":"2025-07-05 22:29:45"}
{"level":"debug","message":"Fetching available languages","module":"api-routes","service":"verbyflow","timestamp":"2025-07-05 22:30:18"}
{"level":"debug","message":"Fetching available languages","module":"api-routes","service":"verbyflow","timestamp":"2025-07-05 22:30:22"}
{"level":"debug","message":"Fetching available languages","module":"api-routes","service":"verbyflow","timestamp":"2025-07-05 22:30:41"}
{"level":"info","message":"Created new call: 548486c9-5985-4235-8b62-072348ebec62 by user 40775662-f721-4518-a974-a460337220c2","module":"calls-api","service":"verbyflow","timestamp":"2025-07-05 22:30:47"}
{"level":"info","message":"Raw WebSocket client connected: 40775662-f721-4518-a974-a460337220c2 to call 548486c9-5985-4235-8b62-072348ebec62","module":"server","service":"verbyflow","timestamp":"2025-07-05 22:30:47"}
{"level":"warn","message":"Received binary data without metadata, ignoring","module":"server","service":"verbyflow","timestamp":"2025-07-05 22:30:47"}
{"level":"debug","message":"Fetching call: 548486c9-5985-4235-8b62-072348ebec62","module":"calls-api","service":"verbyflow","timestamp":"2025-07-05 22:30:54"}
{"level":"info","message":"Raw WebSocket client connected: 7f003d4d-ebf9-451d-be08-5e81295f82de to call 548486c9-5985-4235-8b62-072348ebec62","module":"server","service":"verbyflow","timestamp":"2025-07-05 22:30:54"}
{"level":"warn","message":"Received binary data without metadata, ignoring","module":"server","service":"verbyflow","timestamp":"2025-07-05 22:30:54"}
{"level":"info","message":"Raw WebSocket client disconnected: 40775662-f721-4518-a974-a460337220c2 from call 548486c9-5985-4235-8b62-072348ebec62","module":"server","service":"verbyflow","timestamp":"2025-07-05 22:32:18"}
{"level":"info","message":"Raw WebSocket client disconnected: 7f003d4d-ebf9-451d-be08-5e81295f82de from call 548486c9-5985-4235-8b62-072348ebec62","module":"server","service":"verbyflow","timestamp":"2025-07-05 22:32:18"}
{"level":"debug","message":"Fetching available languages","module":"api-routes","service":"verbyflow","timestamp":"2025-07-05 22:32:19"}
{"level":"debug","message":"Fetching available languages","module":"api-routes","service":"verbyflow","timestamp":"2025-07-05 22:32:23"}
{"level":"debug","message":"Fetching call: 548486c9-5985-4235-8b62-072348ebec62","module":"calls-api","service":"verbyflow","timestamp":"2025-07-05 22:32:23"}
{"level":"debug","message":"Fetching available languages","module":"api-routes","service":"verbyflow","timestamp":"2025-07-05 22:32:35"}
{"level":"debug","message":"Fetching available languages","module":"api-routes","service":"verbyflow","timestamp":"2025-07-05 22:32:38"}
{"level":"debug","message":"Fetching call: 548486c9-5985-4235-8b62-072348ebec62","module":"calls-api","service":"verbyflow","timestamp":"2025-07-05 22:32:38"}
{"level":"debug","message":"Fetching available languages","module":"api-routes","service":"verbyflow","timestamp":"2025-07-05 22:32:54"}
{"level":"debug","message":"Fetching available languages","module":"api-routes","service":"verbyflow","timestamp":"2025-07-05 22:32:57"}
{"level":"debug","message":"Fetching call: 548486c9-5985-4235-8b62-072348ebec62","module":"calls-api","service":"verbyflow","timestamp":"2025-07-05 22:32:57"}
{"level":"debug","message":"Fetching available languages","module":"api-routes","service":"verbyflow","timestamp":"2025-07-05 22:33:22"}
{"level":"debug","message":"Fetching available languages","module":"api-routes","service":"verbyflow","timestamp":"2025-07-05 22:33:25"}
{"level":"debug","message":"Fetching call: 548486c9-5985-4235-8b62-072348ebec62","module":"calls-api","service":"verbyflow","timestamp":"2025-07-05 22:33:25"}
{"level":"debug","message":"Fetching available languages","module":"api-routes","service":"verbyflow","timestamp":"2025-07-05 22:34:05"}
{"level":"debug","message":"Fetching available languages","module":"api-routes","service":"verbyflow","timestamp":"2025-07-05 22:34:12"}
{"level":"debug","message":"Fetching available languages","module":"api-routes","service":"verbyflow","timestamp":"2025-07-05 22:34:13"}
{"level":"info","message":"Created new call: 47078c77-ad0a-44b3-9747-c9f012c5f13f by user 40775662-f721-4518-a974-a460337220c2","module":"calls-api","service":"verbyflow","timestamp":"2025-07-05 22:34:21"}
{"level":"debug","message":"Fetching call: 47078c77-ad0a-44b3-9747-c9f012c5f13f","module":"calls-api","service":"verbyflow","timestamp":"2025-07-05 22:34:29"}
{"level":"debug","message":"Fetching available languages","module":"api-routes","service":"verbyflow","timestamp":"2025-07-05 22:35:48"}
{"level":"debug","message":"Fetching available languages","module":"api-routes","service":"verbyflow","timestamp":"2025-07-05 22:36:06"}
{"level":"debug","message":"Fetching available languages","module":"api-routes","service":"verbyflow","timestamp":"2025-07-05 22:36:10"}
{"level":"debug","message":"Fetching call: 47078c77-ad0a-44b3-9747-c9f012c5f13f","module":"calls-api","service":"verbyflow","timestamp":"2025-07-05 22:36:10"}
{"level":"debug","message":"Fetching available languages","module":"api-routes","service":"verbyflow","timestamp":"2025-07-05 22:37:35"}
{"level":"debug","message":"Fetching available languages","module":"api-routes","service":"verbyflow","timestamp":"2025-07-05 22:37:40"}
{"level":"info","message":"Created new call: d2936fdb-c9c9-4a78-bcf6-7000ef7d229a by user 40775662-f721-4518-a974-a460337220c2","module":"calls-api","service":"verbyflow","timestamp":"2025-07-05 22:37:45"}
{"level":"debug","message":"Fetching call: d2936fdb-c9c9-4a78-bcf6-7000ef7d229a","module":"calls-api","service":"verbyflow","timestamp":"2025-07-05 22:37:53"}
{"level":"info","message":"Raw WebSocket client connected: 7f003d4d-ebf9-451d-be08-5e81295f82de to call d2936fdb-c9c9-4a78-bcf6-7000ef7d229a","module":"server","service":"verbyflow","timestamp":"2025-07-05 22:38:04"}
{"level":"warn","message":"Received binary data without metadata, ignoring","module":"server","service":"verbyflow","timestamp":"2025-07-05 22:38:04"}
{"level":"warn","message":"Received binary data without metadata, ignoring","module":"server","service":"verbyflow","timestamp":"2025-07-05 22:38:05"}
{"level":"warn","message":"Received binary data without metadata, ignoring","module":"server","service":"verbyflow","timestamp":"2025-07-05 22:38:05"}
{"level":"warn","message":"Received binary data without metadata, ignoring","module":"server","service":"verbyflow","timestamp":"2025-07-05 22:38:06"}
{"level":"warn","message":"Received binary data without metadata, ignoring","module":"server","service":"verbyflow","timestamp":"2025-07-05 22:38:06"}
{"level":"info","message":"Raw WebSocket client disconnected: 7f003d4d-ebf9-451d-be08-5e81295f82de from call d2936fdb-c9c9-4a78-bcf6-7000ef7d229a","module":"server","service":"verbyflow","timestamp":"2025-07-05 22:38:06"}
{"level":"info","message":"Raw WebSocket client connected: 7f003d4d-ebf9-451d-be08-5e81295f82de to call d2936fdb-c9c9-4a78-bcf6-7000ef7d229a","module":"server","service":"verbyflow","timestamp":"2025-07-05 22:38:06"}
{"level":"warn","message":"Received binary data without metadata, ignoring","module":"server","service":"verbyflow","timestamp":"2025-07-05 22:38:06"}
{"level":"info","message":"Raw WebSocket client disconnected: 7f003d4d-ebf9-451d-be08-5e81295f82de from call d2936fdb-c9c9-4a78-bcf6-7000ef7d229a","module":"server","service":"verbyflow","timestamp":"2025-07-05 22:38:07"}
{"level":"info","message":"Raw WebSocket client connected: 7f003d4d-ebf9-451d-be08-5e81295f82de to call d2936fdb-c9c9-4a78-bcf6-7000ef7d229a","module":"server","service":"verbyflow","timestamp":"2025-07-05 22:38:07"}
{"level":"warn","message":"Received binary data without metadata, ignoring","module":"server","service":"verbyflow","timestamp":"2025-07-05 22:38:07"}
{"level":"warn","message":"Received binary data without metadata, ignoring","module":"server","service":"verbyflow","timestamp":"2025-07-05 22:38:07"}
{"level":"warn","message":"Received binary data without metadata, ignoring","module":"server","service":"verbyflow","timestamp":"2025-07-05 22:38:07"}
{"level":"info","message":"Raw WebSocket client disconnected: 7f003d4d-ebf9-451d-be08-5e81295f82de from call d2936fdb-c9c9-4a78-bcf6-7000ef7d229a","module":"server","service":"verbyflow","timestamp":"2025-07-05 22:38:07"}
{"level":"info","message":"Raw WebSocket client connected: 7f003d4d-ebf9-451d-be08-5e81295f82de to call d2936fdb-c9c9-4a78-bcf6-7000ef7d229a","module":"server","service":"verbyflow","timestamp":"2025-07-05 22:38:07"}
{"level":"warn","message":"Received binary data without metadata, ignoring","module":"server","service":"verbyflow","timestamp":"2025-07-05 22:38:07"}
{"level":"info","message":"Raw WebSocket client disconnected: 7f003d4d-ebf9-451d-be08-5e81295f82de from call d2936fdb-c9c9-4a78-bcf6-7000ef7d229a","module":"server","service":"verbyflow","timestamp":"2025-07-05 22:38:07"}
{"level":"info","message":"Raw WebSocket client connected: 7f003d4d-ebf9-451d-be08-5e81295f82de to call d2936fdb-c9c9-4a78-bcf6-7000ef7d229a","module":"server","service":"verbyflow","timestamp":"2025-07-05 22:38:07"}
{"level":"warn","message":"Received binary data without metadata, ignoring","module":"server","service":"verbyflow","timestamp":"2025-07-05 22:38:07"}
{"level":"info","message":"Raw WebSocket client disconnected: 7f003d4d-ebf9-451d-be08-5e81295f82de from call d2936fdb-c9c9-4a78-bcf6-7000ef7d229a","module":"server","service":"verbyflow","timestamp":"2025-07-05 22:38:07"}
{"level":"info","message":"Raw WebSocket client connected: 7f003d4d-ebf9-451d-be08-5e81295f82de to call d2936fdb-c9c9-4a78-bcf6-7000ef7d229a","module":"server","service":"verbyflow","timestamp":"2025-07-05 22:38:07"}
{"level":"warn","message":"Received binary data without metadata, ignoring","module":"server","service":"verbyflow","timestamp":"2025-07-05 22:38:07"}
{"level":"warn","message":"Received binary data without metadata, ignoring","module":"server","service":"verbyflow","timestamp":"2025-07-05 22:38:08"}
{"level":"warn","message":"Received binary data without metadata, ignoring","module":"server","service":"verbyflow","timestamp":"2025-07-05 22:38:08"}
{"level":"warn","message":"Received binary data without metadata, ignoring","module":"server","service":"verbyflow","timestamp":"2025-07-05 22:38:08"}
{"level":"warn","message":"Received binary data without metadata, ignoring","module":"server","service":"verbyflow","timestamp":"2025-07-05 22:38:08"}
{"level":"warn","message":"Received binary data without metadata, ignoring","module":"server","service":"verbyflow","timestamp":"2025-07-05 22:38:09"}
{"level":"warn","message":"Received binary data without metadata, ignoring","module":"server","service":"verbyflow","timestamp":"2025-07-05 22:38:09"}
{"level":"warn","message":"Received binary data without metadata, ignoring","module":"server","service":"verbyflow","timestamp":"2025-07-05 22:38:10"}
{"level":"warn","message":"Received binary data without metadata, ignoring","module":"server","service":"verbyflow","timestamp":"2025-07-05 22:38:10"}
{"level":"info","message":"Raw WebSocket client disconnected: 7f003d4d-ebf9-451d-be08-5e81295f82de from call d2936fdb-c9c9-4a78-bcf6-7000ef7d229a","module":"server","service":"verbyflow","timestamp":"2025-07-05 22:38:10"}
{"level":"info","message":"Raw WebSocket client connected: 7f003d4d-ebf9-451d-be08-5e81295f82de to call d2936fdb-c9c9-4a78-bcf6-7000ef7d229a","module":"server","service":"verbyflow","timestamp":"2025-07-05 22:38:10"}
{"level":"warn","message":"Received binary data without metadata, ignoring","module":"server","service":"verbyflow","timestamp":"2025-07-05 22:38:10"}
{"level":"warn","message":"Received binary data without metadata, ignoring","module":"server","service":"verbyflow","timestamp":"2025-07-05 22:38:11"}
{"level":"warn","message":"Received binary data without metadata, ignoring","module":"server","service":"verbyflow","timestamp":"2025-07-05 22:38:11"}
{"level":"warn","message":"Received binary data without metadata, ignoring","module":"server","service":"verbyflow","timestamp":"2025-07-05 22:38:12"}
{"level":"warn","message":"Received binary data without metadata, ignoring","module":"server","service":"verbyflow","timestamp":"2025-07-05 22:38:12"}
{"level":"warn","message":"Received binary data without metadata, ignoring","module":"server","service":"verbyflow","timestamp":"2025-07-05 22:38:13"}
{"level":"warn","message":"Received binary data without metadata, ignoring","module":"server","service":"verbyflow","timestamp":"2025-07-05 22:38:13"}
{"level":"info","message":"Raw WebSocket client disconnected: 7f003d4d-ebf9-451d-be08-5e81295f82de from call d2936fdb-c9c9-4a78-bcf6-7000ef7d229a","module":"server","service":"verbyflow","timestamp":"2025-07-05 22:38:13"}
{"level":"info","message":"Raw WebSocket client connected: 7f003d4d-ebf9-451d-be08-5e81295f82de to call d2936fdb-c9c9-4a78-bcf6-7000ef7d229a","module":"server","service":"verbyflow","timestamp":"2025-07-05 22:38:13"}
{"level":"warn","message":"Received binary data without metadata, ignoring","module":"server","service":"verbyflow","timestamp":"2025-07-05 22:38:13"}
{"level":"info","message":"Raw WebSocket client disconnected: 7f003d4d-ebf9-451d-be08-5e81295f82de from call d2936fdb-c9c9-4a78-bcf6-7000ef7d229a","module":"server","service":"verbyflow","timestamp":"2025-07-05 22:38:14"}
{"level":"info","message":"Raw WebSocket client connected: 7f003d4d-ebf9-451d-be08-5e81295f82de to call d2936fdb-c9c9-4a78-bcf6-7000ef7d229a","module":"server","service":"verbyflow","timestamp":"2025-07-05 22:38:14"}
{"level":"warn","message":"Received binary data without metadata, ignoring","module":"server","service":"verbyflow","timestamp":"2025-07-05 22:38:14"}
{"level":"warn","message":"Received binary data without metadata, ignoring","module":"server","service":"verbyflow","timestamp":"2025-07-05 22:38:14"}
{"level":"warn","message":"Received binary data without metadata, ignoring","module":"server","service":"verbyflow","timestamp":"2025-07-05 22:38:14"}
{"level":"warn","message":"Received binary data without metadata, ignoring","module":"server","service":"verbyflow","timestamp":"2025-07-05 22:38:14"}
{"level":"warn","message":"Received binary data without metadata, ignoring","module":"server","service":"verbyflow","timestamp":"2025-07-05 22:38:14"}
{"level":"info","message":"Raw WebSocket client connected: 7f003d4d-ebf9-451d-be08-5e81295f82de to call d2936fdb-c9c9-4a78-bcf6-7000ef7d229a","module":"server","service":"verbyflow","timestamp":"2025-07-05 22:38:14"}
{"level":"info","message":"Raw WebSocket client disconnected: 7f003d4d-ebf9-451d-be08-5e81295f82de from call d2936fdb-c9c9-4a78-bcf6-7000ef7d229a","module":"server","service":"verbyflow","timestamp":"2025-07-05 22:38:14"}
{"level":"warn","message":"Received binary data without metadata, ignoring","module":"server","service":"verbyflow","timestamp":"2025-07-05 22:38:14"}
{"level":"info","message":"Raw WebSocket client disconnected: 7f003d4d-ebf9-451d-be08-5e81295f82de from call d2936fdb-c9c9-4a78-bcf6-7000ef7d229a","module":"server","service":"verbyflow","timestamp":"2025-07-05 22:38:14"}
{"level":"info","message":"Raw WebSocket client connected: 7f003d4d-ebf9-451d-be08-5e81295f82de to call d2936fdb-c9c9-4a78-bcf6-7000ef7d229a","module":"server","service":"verbyflow","timestamp":"2025-07-05 22:38:14"}
{"level":"warn","message":"Received binary data without metadata, ignoring","module":"server","service":"verbyflow","timestamp":"2025-07-05 22:38:14"}
{"level":"info","message":"Raw WebSocket client disconnected: 7f003d4d-ebf9-451d-be08-5e81295f82de from call d2936fdb-c9c9-4a78-bcf6-7000ef7d229a","module":"server","service":"verbyflow","timestamp":"2025-07-05 22:38:15"}
{"level":"info","message":"Raw WebSocket client connected: 7f003d4d-ebf9-451d-be08-5e81295f82de to call d2936fdb-c9c9-4a78-bcf6-7000ef7d229a","module":"server","service":"verbyflow","timestamp":"2025-07-05 22:38:15"}
{"level":"warn","message":"Received binary data without metadata, ignoring","module":"server","service":"verbyflow","timestamp":"2025-07-05 22:38:15"}
{"level":"warn","message":"Received binary data without metadata, ignoring","module":"server","service":"verbyflow","timestamp":"2025-07-05 22:38:15"}
{"level":"warn","message":"Received binary data without metadata, ignoring","module":"server","service":"verbyflow","timestamp":"2025-07-05 22:38:15"}
{"level":"warn","message":"Received binary data without metadata, ignoring","module":"server","service":"verbyflow","timestamp":"2025-07-05 22:38:16"}
{"level":"warn","message":"Received binary data without metadata, ignoring","module":"server","service":"verbyflow","timestamp":"2025-07-05 22:38:16"}
{"level":"warn","message":"Received binary data without metadata, ignoring","module":"server","service":"verbyflow","timestamp":"2025-07-05 22:38:16"}
{"level":"warn","message":"Received binary data without metadata, ignoring","module":"server","service":"verbyflow","timestamp":"2025-07-05 22:38:16"}
{"level":"warn","message":"Received binary data without metadata, ignoring","module":"server","service":"verbyflow","timestamp":"2025-07-05 22:38:17"}
{"level":"warn","message":"Received binary data without metadata, ignoring","module":"server","service":"verbyflow","timestamp":"2025-07-05 22:38:17"}
{"level":"warn","message":"Received binary data without metadata, ignoring","module":"server","service":"verbyflow","timestamp":"2025-07-05 22:38:18"}
{"level":"warn","message":"Received binary data without metadata, ignoring","module":"server","service":"verbyflow","timestamp":"2025-07-05 22:38:18"}
{"level":"info","message":"Raw WebSocket client disconnected: 7f003d4d-ebf9-451d-be08-5e81295f82de from call d2936fdb-c9c9-4a78-bcf6-7000ef7d229a","module":"server","service":"verbyflow","timestamp":"2025-07-05 22:38:18"}
{"level":"debug","message":"Fetching available languages","module":"api-routes","service":"verbyflow","timestamp":"2025-07-05 22:38:18"}
{"level":"debug","message":"Fetching available languages","module":"api-routes","service":"verbyflow","timestamp":"2025-07-05 22:38:20"}
{"level":"info","message":"Shutting down server...","module":"server","service":"verbyflow","timestamp":"2025-07-05 22:38:40"}
{"level":"info","message":"VerbyFlow backend server running on port 3000","module":"server","service":"verbyflow","timestamp":"2025-07-05 22:58:28"}
{"level":"debug","message":"Fetching available languages","module":"api-routes","service":"verbyflow","timestamp":"2025-07-05 22:58:40"}
{"level":"debug","message":"Fetching available languages","module":"api-routes","service":"verbyflow","timestamp":"2025-07-05 22:58:51"}
{"level":"info","message":"Created new call: a3d6d05e-1d98-4a39-bb88-f01e456f55c7 by user 40775662-f721-4518-a974-a460337220c2","module":"calls-api","service":"verbyflow","timestamp":"2025-07-05 22:59:08"}
{"level":"info","message":"Raw WebSocket client connected: 40775662-f721-4518-a974-a460337220c2 to call a3d6d05e-1d98-4a39-bb88-f01e456f55c7","module":"server","service":"verbyflow","timestamp":"2025-07-05 22:59:08"}
{"level":"warn","message":"Received binary data without metadata, ignoring","module":"server","service":"verbyflow","timestamp":"2025-07-05 22:59:08"}
{"level":"debug","message":"Fetching call: a3d6d05e-1d98-4a39-bb88-f01e456f55c7","module":"calls-api","service":"verbyflow","timestamp":"2025-07-05 22:59:16"}
{"level":"info","message":"Raw WebSocket client connected: 7f003d4d-ebf9-451d-be08-5e81295f82de to call a3d6d05e-1d98-4a39-bb88-f01e456f55c7","module":"server","service":"verbyflow","timestamp":"2025-07-05 22:59:16"}
{"level":"warn","message":"Received binary data without metadata, ignoring","module":"server","service":"verbyflow","timestamp":"2025-07-05 22:59:16"}
{"level":"warn","message":"Received binary data without metadata, ignoring","module":"server","service":"verbyflow","timestamp":"2025-07-05 22:59:20"}
{"level":"warn","message":"Received binary data without metadata, ignoring","module":"server","service":"verbyflow","timestamp":"2025-07-05 22:59:20"}
{"level":"warn","message":"Received binary data without metadata, ignoring","module":"server","service":"verbyflow","timestamp":"2025-07-05 22:59:21"}
{"level":"warn","message":"Received binary data without metadata, ignoring","module":"server","service":"verbyflow","timestamp":"2025-07-05 22:59:21"}
{"level":"warn","message":"Received binary data without metadata, ignoring","module":"server","service":"verbyflow","timestamp":"2025-07-05 22:59:21"}
{"level":"warn","message":"Received binary data without metadata, ignoring","module":"server","service":"verbyflow","timestamp":"2025-07-05 22:59:21"}
{"level":"warn","message":"Received binary data without metadata, ignoring","module":"server","service":"verbyflow","timestamp":"2025-07-05 22:59:22"}
{"level":"warn","message":"Received binary data without metadata, ignoring","module":"server","service":"verbyflow","timestamp":"2025-07-05 22:59:22"}
{"level":"warn","message":"Received binary data without metadata, ignoring","module":"server","service":"verbyflow","timestamp":"2025-07-05 22:59:23"}
{"level":"warn","message":"Received binary data without metadata, ignoring","module":"server","service":"verbyflow","timestamp":"2025-07-05 22:59:23"}
{"level":"warn","message":"Received binary data without metadata, ignoring","module":"server","service":"verbyflow","timestamp":"2025-07-05 22:59:23"}
{"level":"warn","message":"Received binary data without metadata, ignoring","module":"server","service":"verbyflow","timestamp":"2025-07-05 22:59:23"}
{"level":"warn","message":"Received binary data without metadata, ignoring","module":"server","service":"verbyflow","timestamp":"2025-07-05 22:59:24"}
{"level":"warn","message":"Received binary data without metadata, ignoring","module":"server","service":"verbyflow","timestamp":"2025-07-05 22:59:24"}
{"level":"warn","message":"Received binary data without metadata, ignoring","module":"server","service":"verbyflow","timestamp":"2025-07-05 22:59:25"}
{"level":"warn","message":"Received binary data without metadata, ignoring","module":"server","service":"verbyflow","timestamp":"2025-07-05 22:59:25"}
{"level":"warn","message":"Received binary data without metadata, ignoring","module":"server","service":"verbyflow","timestamp":"2025-07-05 22:59:25"}
{"level":"warn","message":"Received binary data without metadata, ignoring","module":"server","service":"verbyflow","timestamp":"2025-07-05 22:59:25"}
{"level":"warn","message":"Received binary data without metadata, ignoring","module":"server","service":"verbyflow","timestamp":"2025-07-05 22:59:26"}
{"level":"warn","message":"Received binary data without metadata, ignoring","module":"server","service":"verbyflow","timestamp":"2025-07-05 22:59:26"}
{"level":"warn","message":"Received binary data without metadata, ignoring","module":"server","service":"verbyflow","timestamp":"2025-07-05 22:59:26"}
{"level":"warn","message":"Received binary data without metadata, ignoring","module":"server","service":"verbyflow","timestamp":"2025-07-05 22:59:26"}
{"level":"warn","message":"Received binary data without metadata, ignoring","module":"server","service":"verbyflow","timestamp":"2025-07-05 22:59:27"}
{"level":"warn","message":"Received binary data without metadata, ignoring","module":"server","service":"verbyflow","timestamp":"2025-07-05 22:59:27"}
{"level":"warn","message":"Received binary data without metadata, ignoring","module":"server","service":"verbyflow","timestamp":"2025-07-05 22:59:28"}
{"level":"warn","message":"Received binary data without metadata, ignoring","module":"server","service":"verbyflow","timestamp":"2025-07-05 22:59:28"}
{"level":"warn","message":"Received binary data without metadata, ignoring","module":"server","service":"verbyflow","timestamp":"2025-07-05 22:59:29"}
{"level":"warn","message":"Received binary data without metadata, ignoring","module":"server","service":"verbyflow","timestamp":"2025-07-05 22:59:29"}
{"level":"warn","message":"Received binary data without metadata, ignoring","module":"server","service":"verbyflow","timestamp":"2025-07-05 22:59:29"}
{"level":"warn","message":"Received binary data without metadata, ignoring","module":"server","service":"verbyflow","timestamp":"2025-07-05 22:59:29"}
{"level":"warn","message":"Received binary data without metadata, ignoring","module":"server","service":"verbyflow","timestamp":"2025-07-05 22:59:30"}
{"level":"warn","message":"Received binary data without metadata, ignoring","module":"server","service":"verbyflow","timestamp":"2025-07-05 22:59:30"}
{"level":"warn","message":"Received binary data without metadata, ignoring","module":"server","service":"verbyflow","timestamp":"2025-07-05 22:59:30"}
{"level":"warn","message":"Received binary data without metadata, ignoring","module":"server","service":"verbyflow","timestamp":"2025-07-05 22:59:30"}
{"level":"warn","message":"Received binary data without metadata, ignoring","module":"server","service":"verbyflow","timestamp":"2025-07-05 22:59:31"}
{"level":"warn","message":"Received binary data without metadata, ignoring","module":"server","service":"verbyflow","timestamp":"2025-07-05 22:59:31"}
{"level":"warn","message":"Received binary data without metadata, ignoring","module":"server","service":"verbyflow","timestamp":"2025-07-05 22:59:32"}
{"level":"warn","message":"Received binary data without metadata, ignoring","module":"server","service":"verbyflow","timestamp":"2025-07-05 22:59:32"}
{"level":"warn","message":"Received binary data without metadata, ignoring","module":"server","service":"verbyflow","timestamp":"2025-07-05 22:59:33"}
{"level":"warn","message":"Received binary data without metadata, ignoring","module":"server","service":"verbyflow","timestamp":"2025-07-05 22:59:33"}
{"level":"warn","message":"Received binary data without metadata, ignoring","module":"server","service":"verbyflow","timestamp":"2025-07-05 22:59:33"}
{"level":"warn","message":"Received binary data without metadata, ignoring","module":"server","service":"verbyflow","timestamp":"2025-07-05 22:59:33"}
{"level":"warn","message":"Received binary data without metadata, ignoring","module":"server","service":"verbyflow","timestamp":"2025-07-05 22:59:34"}
{"level":"warn","message":"Received binary data without metadata, ignoring","module":"server","service":"verbyflow","timestamp":"2025-07-05 22:59:34"}
{"level":"warn","message":"Received binary data without metadata, ignoring","module":"server","service":"verbyflow","timestamp":"2025-07-05 22:59:35"}
{"level":"warn","message":"Received binary data without metadata, ignoring","module":"server","service":"verbyflow","timestamp":"2025-07-05 22:59:35"}
{"level":"warn","message":"Received binary data without metadata, ignoring","module":"server","service":"verbyflow","timestamp":"2025-07-05 22:59:36"}
{"level":"warn","message":"Received binary data without metadata, ignoring","module":"server","service":"verbyflow","timestamp":"2025-07-05 22:59:36"}
{"level":"warn","message":"Received binary data without metadata, ignoring","module":"server","service":"verbyflow","timestamp":"2025-07-05 22:59:36"}
{"level":"warn","message":"Received binary data without metadata, ignoring","module":"server","service":"verbyflow","timestamp":"2025-07-05 22:59:36"}
{"level":"warn","message":"Received binary data without metadata, ignoring","module":"server","service":"verbyflow","timestamp":"2025-07-05 22:59:37"}
{"level":"warn","message":"Received binary data without metadata, ignoring","module":"server","service":"verbyflow","timestamp":"2025-07-05 22:59:37"}
{"level":"warn","message":"Received binary data without metadata, ignoring","module":"server","service":"verbyflow","timestamp":"2025-07-05 22:59:37"}
{"level":"warn","message":"Received binary data without metadata, ignoring","module":"server","service":"verbyflow","timestamp":"2025-07-05 22:59:37"}
{"level":"warn","message":"Received binary data without metadata, ignoring","module":"server","service":"verbyflow","timestamp":"2025-07-05 22:59:38"}
{"level":"warn","message":"Received binary data without metadata, ignoring","module":"server","service":"verbyflow","timestamp":"2025-07-05 22:59:38"}
{"level":"warn","message":"Received binary data without metadata, ignoring","module":"server","service":"verbyflow","timestamp":"2025-07-05 22:59:39"}
{"level":"warn","message":"Received binary data without metadata, ignoring","module":"server","service":"verbyflow","timestamp":"2025-07-05 22:59:39"}
{"level":"warn","message":"Received binary data without metadata, ignoring","module":"server","service":"verbyflow","timestamp":"2025-07-05 22:59:39"}
{"level":"warn","message":"Received binary data without metadata, ignoring","module":"server","service":"verbyflow","timestamp":"2025-07-05 22:59:39"}
{"level":"warn","message":"Received binary data without metadata, ignoring","module":"server","service":"verbyflow","timestamp":"2025-07-05 22:59:40"}
{"level":"warn","message":"Received binary data without metadata, ignoring","module":"server","service":"verbyflow","timestamp":"2025-07-05 22:59:40"}
{"level":"warn","message":"Received binary data without metadata, ignoring","module":"server","service":"verbyflow","timestamp":"2025-07-05 22:59:41"}
{"level":"warn","message":"Received binary data without metadata, ignoring","module":"server","service":"verbyflow","timestamp":"2025-07-05 22:59:41"}
{"level":"warn","message":"Received binary data without metadata, ignoring","module":"server","service":"verbyflow","timestamp":"2025-07-05 22:59:41"}
{"level":"warn","message":"Received binary data without metadata, ignoring","module":"server","service":"verbyflow","timestamp":"2025-07-05 22:59:41"}
{"level":"info","message":"Raw WebSocket client disconnected: 7f003d4d-ebf9-451d-be08-5e81295f82de from call a3d6d05e-1d98-4a39-bb88-f01e456f55c7","module":"server","service":"verbyflow","timestamp":"2025-07-05 23:04:00"}
{"level":"debug","message":"Fetching available languages","module":"api-routes","service":"verbyflow","timestamp":"2025-07-05 23:04:00"}
{"level":"info","message":"Raw WebSocket client connected: 7f003d4d-ebf9-451d-be08-5e81295f82de to call a3d6d05e-1d98-4a39-bb88-f01e456f55c7","module":"server","service":"verbyflow","timestamp":"2025-07-05 23:04:02"}
{"level":"warn","message":"Received binary data without metadata, ignoring","module":"server","service":"verbyflow","timestamp":"2025-07-05 23:04:02"}
{"level":"info","message":"Raw WebSocket client disconnected: 40775662-f721-4518-a974-a460337220c2 from call a3d6d05e-1d98-4a39-bb88-f01e456f55c7","module":"server","service":"verbyflow","timestamp":"2025-07-05 23:04:05"}
{"level":"debug","message":"Fetching available languages","module":"api-routes","service":"verbyflow","timestamp":"2025-07-05 23:04:05"}
{"level":"info","message":"Raw WebSocket client connected: 40775662-f721-4518-a974-a460337220c2 to call a3d6d05e-1d98-4a39-bb88-f01e456f55c7","module":"server","service":"verbyflow","timestamp":"2025-07-05 23:04:07"}
{"level":"warn","message":"Received binary data without metadata, ignoring","module":"server","service":"verbyflow","timestamp":"2025-07-05 23:04:07"}
{"level":"info","message":"Raw WebSocket client disconnected: 40775662-f721-4518-a974-a460337220c2 from call a3d6d05e-1d98-4a39-bb88-f01e456f55c7","module":"server","service":"verbyflow","timestamp":"2025-07-05 23:05:20"}
{"level":"info","message":"Raw WebSocket client disconnected: 7f003d4d-ebf9-451d-be08-5e81295f82de from call a3d6d05e-1d98-4a39-bb88-f01e456f55c7","module":"server","service":"verbyflow","timestamp":"2025-07-05 23:05:20"}
{"level":"debug","message":"Fetching available languages","module":"api-routes","service":"verbyflow","timestamp":"2025-07-05 23:05:21"}
{"level":"debug","message":"Fetching available languages","module":"api-routes","service":"verbyflow","timestamp":"2025-07-05 23:05:24"}
{"level":"debug","message":"Fetching available languages","module":"api-routes","service":"verbyflow","timestamp":"2025-07-05 23:10:29"}
{"level":"debug","message":"Fetching available languages","module":"api-routes","service":"verbyflow","timestamp":"2025-07-05 23:10:32"}
{"level":"debug","message":"Fetching available languages","module":"api-routes","service":"verbyflow","timestamp":"2025-07-05 23:11:04"}
{"level":"debug","message":"Fetching available languages","module":"api-routes","service":"verbyflow","timestamp":"2025-07-05 23:11:07"}
{"level":"debug","message":"Fetching available languages","module":"api-routes","service":"verbyflow","timestamp":"2025-07-05 23:11:43"}
{"level":"debug","message":"Fetching available languages","module":"api-routes","service":"verbyflow","timestamp":"2025-07-05 23:11:47"}
{"level":"debug","message":"Fetching available languages","module":"api-routes","service":"verbyflow","timestamp":"2025-07-05 23:12:27"}
{"level":"debug","message":"Fetching available languages","module":"api-routes","service":"verbyflow","timestamp":"2025-07-05 23:12:29"}
{"level":"info","message":"Created new call: 7366a18f-3285-413a-a24e-f0c152f7de5b by user 40775662-f721-4518-a974-a460337220c2","module":"calls-api","service":"verbyflow","timestamp":"2025-07-05 23:12:42"}
{"level":"info","message":"Raw WebSocket client connected: 40775662-f721-4518-a974-a460337220c2 to call 7366a18f-3285-413a-a24e-f0c152f7de5b","module":"server","service":"verbyflow","timestamp":"2025-07-05 23:12:42"}
{"level":"warn","message":"Received binary data without metadata, ignoring","module":"server","service":"verbyflow","timestamp":"2025-07-05 23:12:42"}
{"level":"debug","message":"Fetching call: 7366a18f-3285-413a-a24e-f0c152f7de5b","module":"calls-api","service":"verbyflow","timestamp":"2025-07-05 23:12:52"}
{"level":"info","message":"Raw WebSocket client connected: 7f003d4d-ebf9-451d-be08-5e81295f82de to call 7366a18f-3285-413a-a24e-f0c152f7de5b","module":"server","service":"verbyflow","timestamp":"2025-07-05 23:12:52"}
{"level":"warn","message":"Received binary data without metadata, ignoring","module":"server","service":"verbyflow","timestamp":"2025-07-05 23:12:52"}
{"level":"warn","message":"Received binary data without metadata, ignoring","module":"server","service":"verbyflow","timestamp":"2025-07-05 23:12:56"}
{"level":"warn","message":"Received binary data without metadata, ignoring","module":"server","service":"verbyflow","timestamp":"2025-07-05 23:12:56"}
{"level":"warn","message":"Received binary data without metadata, ignoring","module":"server","service":"verbyflow","timestamp":"2025-07-05 23:12:57"}
{"level":"warn","message":"Received binary data without metadata, ignoring","module":"server","service":"verbyflow","timestamp":"2025-07-05 23:12:57"}
{"level":"warn","message":"Received binary data without metadata, ignoring","module":"server","service":"verbyflow","timestamp":"2025-07-05 23:12:58"}
{"level":"warn","message":"Received binary data without metadata, ignoring","module":"server","service":"verbyflow","timestamp":"2025-07-05 23:12:58"}
{"level":"warn","message":"Received binary data without metadata, ignoring","module":"server","service":"verbyflow","timestamp":"2025-07-05 23:12:58"}
{"level":"warn","message":"Received binary data without metadata, ignoring","module":"server","service":"verbyflow","timestamp":"2025-07-05 23:12:58"}
{"level":"warn","message":"Received binary data without metadata, ignoring","module":"server","service":"verbyflow","timestamp":"2025-07-05 23:12:59"}
{"level":"warn","message":"Received binary data without metadata, ignoring","module":"server","service":"verbyflow","timestamp":"2025-07-05 23:12:59"}
{"level":"warn","message":"Received binary data without metadata, ignoring","module":"server","service":"verbyflow","timestamp":"2025-07-05 23:13:00"}
{"level":"warn","message":"Received binary data without metadata, ignoring","module":"server","service":"verbyflow","timestamp":"2025-07-05 23:13:00"}
{"level":"warn","message":"Received binary data without metadata, ignoring","module":"server","service":"verbyflow","timestamp":"2025-07-05 23:13:01"}
{"level":"warn","message":"Received binary data without metadata, ignoring","module":"server","service":"verbyflow","timestamp":"2025-07-05 23:13:01"}
{"level":"warn","message":"Received binary data without metadata, ignoring","module":"server","service":"verbyflow","timestamp":"2025-07-05 23:13:02"}
{"level":"warn","message":"Received binary data without metadata, ignoring","module":"server","service":"verbyflow","timestamp":"2025-07-05 23:13:02"}
{"level":"warn","message":"Received binary data without metadata, ignoring","module":"server","service":"verbyflow","timestamp":"2025-07-05 23:13:02"}
{"level":"warn","message":"Received binary data without metadata, ignoring","module":"server","service":"verbyflow","timestamp":"2025-07-05 23:13:02"}
{"level":"warn","message":"Received binary data without metadata, ignoring","module":"server","service":"verbyflow","timestamp":"2025-07-05 23:13:03"}
{"level":"warn","message":"Received binary data without metadata, ignoring","module":"server","service":"verbyflow","timestamp":"2025-07-05 23:13:03"}
{"level":"warn","message":"Received binary data without metadata, ignoring","module":"server","service":"verbyflow","timestamp":"2025-07-05 23:13:04"}
{"level":"warn","message":"Received binary data without metadata, ignoring","module":"server","service":"verbyflow","timestamp":"2025-07-05 23:13:04"}
{"level":"warn","message":"Received binary data without metadata, ignoring","module":"server","service":"verbyflow","timestamp":"2025-07-05 23:13:04"}
{"level":"warn","message":"Received binary data without metadata, ignoring","module":"server","service":"verbyflow","timestamp":"2025-07-05 23:13:04"}
{"level":"warn","message":"Received binary data without metadata, ignoring","module":"server","service":"verbyflow","timestamp":"2025-07-05 23:13:05"}
{"level":"warn","message":"Received binary data without metadata, ignoring","module":"server","service":"verbyflow","timestamp":"2025-07-05 23:13:05"}
{"level":"warn","message":"Received binary data without metadata, ignoring","module":"server","service":"verbyflow","timestamp":"2025-07-05 23:13:06"}
{"level":"warn","message":"Received binary data without metadata, ignoring","module":"server","service":"verbyflow","timestamp":"2025-07-05 23:13:06"}
{"level":"warn","message":"Received binary data without metadata, ignoring","module":"server","service":"verbyflow","timestamp":"2025-07-05 23:13:07"}
{"level":"warn","message":"Received binary data without metadata, ignoring","module":"server","service":"verbyflow","timestamp":"2025-07-05 23:13:07"}
{"level":"warn","message":"Received binary data without metadata, ignoring","module":"server","service":"verbyflow","timestamp":"2025-07-05 23:13:08"}
{"level":"warn","message":"Received binary data without metadata, ignoring","module":"server","service":"verbyflow","timestamp":"2025-07-05 23:13:08"}
{"level":"warn","message":"Received binary data without metadata, ignoring","module":"server","service":"verbyflow","timestamp":"2025-07-05 23:13:08"}
{"level":"warn","message":"Received binary data without metadata, ignoring","module":"server","service":"verbyflow","timestamp":"2025-07-05 23:13:08"}
{"level":"warn","message":"Received binary data without metadata, ignoring","module":"server","service":"verbyflow","timestamp":"2025-07-05 23:13:09"}
{"level":"warn","message":"Received binary data without metadata, ignoring","module":"server","service":"verbyflow","timestamp":"2025-07-05 23:13:09"}
{"level":"warn","message":"Received binary data without metadata, ignoring","module":"server","service":"verbyflow","timestamp":"2025-07-05 23:13:10"}
{"level":"warn","message":"Received binary data without metadata, ignoring","module":"server","service":"verbyflow","timestamp":"2025-07-05 23:13:10"}
{"level":"warn","message":"Received binary data without metadata, ignoring","module":"server","service":"verbyflow","timestamp":"2025-07-05 23:13:11"}
{"level":"warn","message":"Received binary data without metadata, ignoring","module":"server","service":"verbyflow","timestamp":"2025-07-05 23:13:11"}
{"level":"warn","message":"Received binary data without metadata, ignoring","module":"server","service":"verbyflow","timestamp":"2025-07-05 23:13:12"}
{"level":"warn","message":"Received binary data without metadata, ignoring","module":"server","service":"verbyflow","timestamp":"2025-07-05 23:13:12"}
{"level":"warn","message":"Received binary data without metadata, ignoring","module":"server","service":"verbyflow","timestamp":"2025-07-05 23:13:12"}
{"level":"warn","message":"Received binary data without metadata, ignoring","module":"server","service":"verbyflow","timestamp":"2025-07-05 23:13:12"}
{"level":"warn","message":"Received binary data without metadata, ignoring","module":"server","service":"verbyflow","timestamp":"2025-07-05 23:13:13"}
{"level":"warn","message":"Received binary data without metadata, ignoring","module":"server","service":"verbyflow","timestamp":"2025-07-05 23:13:13"}
{"level":"warn","message":"Received binary data without metadata, ignoring","module":"server","service":"verbyflow","timestamp":"2025-07-05 23:13:14"}
{"level":"warn","message":"Received binary data without metadata, ignoring","module":"server","service":"verbyflow","timestamp":"2025-07-05 23:13:14"}
{"level":"warn","message":"Received binary data without metadata, ignoring","module":"server","service":"verbyflow","timestamp":"2025-07-05 23:13:14"}
{"level":"warn","message":"Received binary data without metadata, ignoring","module":"server","service":"verbyflow","timestamp":"2025-07-05 23:13:14"}
{"level":"warn","message":"Received binary data without metadata, ignoring","module":"server","service":"verbyflow","timestamp":"2025-07-05 23:13:15"}
{"level":"warn","message":"Received binary data without metadata, ignoring","module":"server","service":"verbyflow","timestamp":"2025-07-05 23:13:15"}
{"level":"warn","message":"Received binary data without metadata, ignoring","module":"server","service":"verbyflow","timestamp":"2025-07-05 23:13:16"}
{"level":"warn","message":"Received binary data without metadata, ignoring","module":"server","service":"verbyflow","timestamp":"2025-07-05 23:13:16"}
{"level":"warn","message":"Received binary data without metadata, ignoring","module":"server","service":"verbyflow","timestamp":"2025-07-05 23:13:17"}
{"level":"warn","message":"Received binary data without metadata, ignoring","module":"server","service":"verbyflow","timestamp":"2025-07-05 23:13:17"}
{"level":"warn","message":"Received binary data without metadata, ignoring","module":"server","service":"verbyflow","timestamp":"2025-07-05 23:13:18"}
{"level":"warn","message":"Received binary data without metadata, ignoring","module":"server","service":"verbyflow","timestamp":"2025-07-05 23:13:18"}
{"level":"warn","message":"Received binary data without metadata, ignoring","module":"server","service":"verbyflow","timestamp":"2025-07-05 23:13:19"}
{"level":"warn","message":"Received binary data without metadata, ignoring","module":"server","service":"verbyflow","timestamp":"2025-07-05 23:13:19"}
{"level":"warn","message":"Received binary data without metadata, ignoring","module":"server","service":"verbyflow","timestamp":"2025-07-05 23:13:19"}
{"level":"warn","message":"Received binary data without metadata, ignoring","module":"server","service":"verbyflow","timestamp":"2025-07-05 23:13:19"}
{"level":"warn","message":"Received binary data without metadata, ignoring","module":"server","service":"verbyflow","timestamp":"2025-07-05 23:13:20"}
{"level":"warn","message":"Received binary data without metadata, ignoring","module":"server","service":"verbyflow","timestamp":"2025-07-05 23:13:20"}
{"level":"warn","message":"Received binary data without metadata, ignoring","module":"server","service":"verbyflow","timestamp":"2025-07-05 23:13:21"}
{"level":"warn","message":"Received binary data without metadata, ignoring","module":"server","service":"verbyflow","timestamp":"2025-07-05 23:13:21"}
{"level":"warn","message":"Received binary data without metadata, ignoring","module":"server","service":"verbyflow","timestamp":"2025-07-05 23:13:21"}
{"level":"warn","message":"Received binary data without metadata, ignoring","module":"server","service":"verbyflow","timestamp":"2025-07-05 23:13:21"}
{"level":"warn","message":"Received binary data without metadata, ignoring","module":"server","service":"verbyflow","timestamp":"2025-07-05 23:13:22"}
{"level":"warn","message":"Received binary data without metadata, ignoring","module":"server","service":"verbyflow","timestamp":"2025-07-05 23:13:22"}
{"level":"warn","message":"Received binary data without metadata, ignoring","module":"server","service":"verbyflow","timestamp":"2025-07-05 23:13:22"}
{"level":"warn","message":"Received binary data without metadata, ignoring","module":"server","service":"verbyflow","timestamp":"2025-07-05 23:13:22"}
{"level":"warn","message":"Received binary data without metadata, ignoring","module":"server","service":"verbyflow","timestamp":"2025-07-05 23:13:23"}
{"level":"warn","message":"Received binary data without metadata, ignoring","module":"server","service":"verbyflow","timestamp":"2025-07-05 23:13:23"}
{"level":"warn","message":"Received binary data without metadata, ignoring","module":"server","service":"verbyflow","timestamp":"2025-07-05 23:13:24"}
{"level":"warn","message":"Received binary data without metadata, ignoring","module":"server","service":"verbyflow","timestamp":"2025-07-05 23:13:24"}
{"level":"warn","message":"Received binary data without metadata, ignoring","module":"server","service":"verbyflow","timestamp":"2025-07-05 23:13:25"}
{"level":"warn","message":"Received binary data without metadata, ignoring","module":"server","service":"verbyflow","timestamp":"2025-07-05 23:13:25"}
{"level":"warn","message":"Received binary data without metadata, ignoring","module":"server","service":"verbyflow","timestamp":"2025-07-05 23:13:26"}
{"level":"warn","message":"Received binary data without metadata, ignoring","module":"server","service":"verbyflow","timestamp":"2025-07-05 23:13:26"}
{"level":"warn","message":"Received binary data without metadata, ignoring","module":"server","service":"verbyflow","timestamp":"2025-07-05 23:13:26"}
{"level":"warn","message":"Received binary data without metadata, ignoring","module":"server","service":"verbyflow","timestamp":"2025-07-05 23:13:26"}
{"level":"warn","message":"Received binary data without metadata, ignoring","module":"server","service":"verbyflow","timestamp":"2025-07-05 23:13:27"}
{"level":"warn","message":"Received binary data without metadata, ignoring","module":"server","service":"verbyflow","timestamp":"2025-07-05 23:13:27"}
{"level":"warn","message":"Received binary data without metadata, ignoring","module":"server","service":"verbyflow","timestamp":"2025-07-05 23:13:28"}
{"level":"warn","message":"Received binary data without metadata, ignoring","module":"server","service":"verbyflow","timestamp":"2025-07-05 23:13:28"}
{"level":"warn","message":"Received binary data without metadata, ignoring","module":"server","service":"verbyflow","timestamp":"2025-07-05 23:13:29"}
{"level":"warn","message":"Received binary data without metadata, ignoring","module":"server","service":"verbyflow","timestamp":"2025-07-05 23:13:29"}
{"level":"warn","message":"Received binary data without metadata, ignoring","module":"server","service":"verbyflow","timestamp":"2025-07-05 23:13:30"}
{"level":"warn","message":"Received binary data without metadata, ignoring","module":"server","service":"verbyflow","timestamp":"2025-07-05 23:13:30"}
{"level":"warn","message":"Received binary data without metadata, ignoring","module":"server","service":"verbyflow","timestamp":"2025-07-05 23:13:31"}
{"level":"warn","message":"Received binary data without metadata, ignoring","module":"server","service":"verbyflow","timestamp":"2025-07-05 23:13:31"}
{"level":"warn","message":"Received binary data without metadata, ignoring","module":"server","service":"verbyflow","timestamp":"2025-07-05 23:13:31"}
{"level":"warn","message":"Received binary data without metadata, ignoring","module":"server","service":"verbyflow","timestamp":"2025-07-05 23:13:31"}
{"level":"warn","message":"Received binary data without metadata, ignoring","module":"server","service":"verbyflow","timestamp":"2025-07-05 23:13:32"}
{"level":"warn","message":"Received binary data without metadata, ignoring","module":"server","service":"verbyflow","timestamp":"2025-07-05 23:13:32"}
{"level":"warn","message":"Received binary data without metadata, ignoring","module":"server","service":"verbyflow","timestamp":"2025-07-05 23:13:33"}
{"level":"warn","message":"Received binary data without metadata, ignoring","module":"server","service":"verbyflow","timestamp":"2025-07-05 23:13:33"}
{"level":"warn","message":"Received binary data without metadata, ignoring","module":"server","service":"verbyflow","timestamp":"2025-07-05 23:13:34"}
{"level":"warn","message":"Received binary data without metadata, ignoring","module":"server","service":"verbyflow","timestamp":"2025-07-05 23:13:34"}
{"level":"warn","message":"Received binary data without metadata, ignoring","module":"server","service":"verbyflow","timestamp":"2025-07-05 23:13:34"}
{"level":"warn","message":"Received binary data without metadata, ignoring","module":"server","service":"verbyflow","timestamp":"2025-07-05 23:13:34"}
{"level":"warn","message":"Received binary data without metadata, ignoring","module":"server","service":"verbyflow","timestamp":"2025-07-05 23:13:35"}
{"level":"warn","message":"Received binary data without metadata, ignoring","module":"server","service":"verbyflow","timestamp":"2025-07-05 23:13:35"}
{"level":"warn","message":"Received binary data without metadata, ignoring","module":"server","service":"verbyflow","timestamp":"2025-07-05 23:13:36"}
{"level":"warn","message":"Received binary data without metadata, ignoring","module":"server","service":"verbyflow","timestamp":"2025-07-05 23:13:36"}
{"level":"warn","message":"Received binary data without metadata, ignoring","module":"server","service":"verbyflow","timestamp":"2025-07-05 23:13:38"}
{"level":"warn","message":"Received binary data without metadata, ignoring","module":"server","service":"verbyflow","timestamp":"2025-07-05 23:13:38"}
{"level":"warn","message":"Received binary data without metadata, ignoring","module":"server","service":"verbyflow","timestamp":"2025-07-05 23:13:39"}
{"level":"warn","message":"Received binary data without metadata, ignoring","module":"server","service":"verbyflow","timestamp":"2025-07-05 23:13:39"}
{"level":"warn","message":"Received binary data without metadata, ignoring","module":"server","service":"verbyflow","timestamp":"2025-07-05 23:13:40"}
{"level":"warn","message":"Received binary data without metadata, ignoring","module":"server","service":"verbyflow","timestamp":"2025-07-05 23:13:40"}
{"level":"warn","message":"Received binary data without metadata, ignoring","module":"server","service":"verbyflow","timestamp":"2025-07-05 23:13:41"}
{"level":"warn","message":"Received binary data without metadata, ignoring","module":"server","service":"verbyflow","timestamp":"2025-07-05 23:13:41"}
{"level":"warn","message":"Received binary data without metadata, ignoring","module":"server","service":"verbyflow","timestamp":"2025-07-05 23:13:41"}
{"level":"warn","message":"Received binary data without metadata, ignoring","module":"server","service":"verbyflow","timestamp":"2025-07-05 23:13:41"}
{"level":"warn","message":"Received binary data without metadata, ignoring","module":"server","service":"verbyflow","timestamp":"2025-07-05 23:13:42"}
{"level":"warn","message":"Received binary data without metadata, ignoring","module":"server","service":"verbyflow","timestamp":"2025-07-05 23:13:42"}
{"level":"warn","message":"Received binary data without metadata, ignoring","module":"server","service":"verbyflow","timestamp":"2025-07-05 23:13:43"}
{"level":"warn","message":"Received binary data without metadata, ignoring","module":"server","service":"verbyflow","timestamp":"2025-07-05 23:13:43"}
{"level":"warn","message":"Received binary data without metadata, ignoring","module":"server","service":"verbyflow","timestamp":"2025-07-05 23:13:44"}
{"level":"warn","message":"Received binary data without metadata, ignoring","module":"server","service":"verbyflow","timestamp":"2025-07-05 23:13:44"}
{"level":"warn","message":"Received binary data without metadata, ignoring","module":"server","service":"verbyflow","timestamp":"2025-07-05 23:13:44"}
{"level":"warn","message":"Received binary data without metadata, ignoring","module":"server","service":"verbyflow","timestamp":"2025-07-05 23:13:44"}
{"level":"warn","message":"Received binary data without metadata, ignoring","module":"server","service":"verbyflow","timestamp":"2025-07-05 23:13:45"}
{"level":"warn","message":"Received binary data without metadata, ignoring","module":"server","service":"verbyflow","timestamp":"2025-07-05 23:13:45"}
{"level":"warn","message":"Received binary data without metadata, ignoring","module":"server","service":"verbyflow","timestamp":"2025-07-05 23:13:46"}
{"level":"warn","message":"Received binary data without metadata, ignoring","module":"server","service":"verbyflow","timestamp":"2025-07-05 23:13:46"}
{"level":"warn","message":"Received binary data without metadata, ignoring","module":"server","service":"verbyflow","timestamp":"2025-07-05 23:13:47"}
{"level":"warn","message":"Received binary data without metadata, ignoring","module":"server","service":"verbyflow","timestamp":"2025-07-05 23:13:47"}
{"level":"warn","message":"Received binary data without metadata, ignoring","module":"server","service":"verbyflow","timestamp":"2025-07-05 23:13:47"}
{"level":"warn","message":"Received binary data without metadata, ignoring","module":"server","service":"verbyflow","timestamp":"2025-07-05 23:13:47"}
{"level":"warn","message":"Received binary data without metadata, ignoring","module":"server","service":"verbyflow","timestamp":"2025-07-05 23:13:48"}
{"level":"warn","message":"Received binary data without metadata, ignoring","module":"server","service":"verbyflow","timestamp":"2025-07-05 23:13:48"}
{"level":"warn","message":"Received binary data without metadata, ignoring","module":"server","service":"verbyflow","timestamp":"2025-07-05 23:13:49"}
{"level":"warn","message":"Received binary data without metadata, ignoring","module":"server","service":"verbyflow","timestamp":"2025-07-05 23:13:49"}
{"level":"warn","message":"Received binary data without metadata, ignoring","module":"server","service":"verbyflow","timestamp":"2025-07-05 23:13:49"}
{"level":"warn","message":"Received binary data without metadata, ignoring","module":"server","service":"verbyflow","timestamp":"2025-07-05 23:13:49"}
{"level":"warn","message":"Received binary data without metadata, ignoring","module":"server","service":"verbyflow","timestamp":"2025-07-05 23:13:50"}
{"level":"warn","message":"Received binary data without metadata, ignoring","module":"server","service":"verbyflow","timestamp":"2025-07-05 23:13:50"}
{"level":"warn","message":"Received binary data without metadata, ignoring","module":"server","service":"verbyflow","timestamp":"2025-07-05 23:13:51"}
{"level":"warn","message":"Received binary data without metadata, ignoring","module":"server","service":"verbyflow","timestamp":"2025-07-05 23:13:51"}
{"level":"warn","message":"Received binary data without metadata, ignoring","module":"server","service":"verbyflow","timestamp":"2025-07-05 23:13:52"}
{"level":"warn","message":"Received binary data without metadata, ignoring","module":"server","service":"verbyflow","timestamp":"2025-07-05 23:13:52"}
{"level":"warn","message":"Received binary data without metadata, ignoring","module":"server","service":"verbyflow","timestamp":"2025-07-05 23:13:53"}
{"level":"warn","message":"Received binary data without metadata, ignoring","module":"server","service":"verbyflow","timestamp":"2025-07-05 23:13:53"}
{"level":"warn","message":"Received binary data without metadata, ignoring","module":"server","service":"verbyflow","timestamp":"2025-07-05 23:13:54"}
{"level":"warn","message":"Received binary data without metadata, ignoring","module":"server","service":"verbyflow","timestamp":"2025-07-05 23:13:54"}
{"level":"warn","message":"Received binary data without metadata, ignoring","module":"server","service":"verbyflow","timestamp":"2025-07-05 23:13:54"}
{"level":"warn","message":"Received binary data without metadata, ignoring","module":"server","service":"verbyflow","timestamp":"2025-07-05 23:13:54"}
{"level":"warn","message":"Received binary data without metadata, ignoring","module":"server","service":"verbyflow","timestamp":"2025-07-05 23:13:55"}
{"level":"warn","message":"Received binary data without metadata, ignoring","module":"server","service":"verbyflow","timestamp":"2025-07-05 23:13:55"}
{"level":"warn","message":"Received binary data without metadata, ignoring","module":"server","service":"verbyflow","timestamp":"2025-07-05 23:13:56"}
{"level":"warn","message":"Received binary data without metadata, ignoring","module":"server","service":"verbyflow","timestamp":"2025-07-05 23:13:56"}
{"level":"warn","message":"Received binary data without metadata, ignoring","module":"server","service":"verbyflow","timestamp":"2025-07-05 23:13:57"}
{"level":"warn","message":"Received binary data without metadata, ignoring","module":"server","service":"verbyflow","timestamp":"2025-07-05 23:13:57"}
{"level":"warn","message":"Received binary data without metadata, ignoring","module":"server","service":"verbyflow","timestamp":"2025-07-05 23:13:58"}
{"level":"warn","message":"Received binary data without metadata, ignoring","module":"server","service":"verbyflow","timestamp":"2025-07-05 23:13:58"}
{"level":"warn","message":"Received binary data without metadata, ignoring","module":"server","service":"verbyflow","timestamp":"2025-07-05 23:13:58"}
{"level":"warn","message":"Received binary data without metadata, ignoring","module":"server","service":"verbyflow","timestamp":"2025-07-05 23:13:58"}
{"level":"warn","message":"Received binary data without metadata, ignoring","module":"server","service":"verbyflow","timestamp":"2025-07-05 23:13:59"}
{"level":"warn","message":"Received binary data without metadata, ignoring","module":"server","service":"verbyflow","timestamp":"2025-07-05 23:13:59"}
{"level":"warn","message":"Received binary data without metadata, ignoring","module":"server","service":"verbyflow","timestamp":"2025-07-05 23:14:00"}
{"level":"warn","message":"Received binary data without metadata, ignoring","module":"server","service":"verbyflow","timestamp":"2025-07-05 23:14:00"}
{"level":"warn","message":"Received binary data without metadata, ignoring","module":"server","service":"verbyflow","timestamp":"2025-07-05 23:14:01"}
{"level":"warn","message":"Received binary data without metadata, ignoring","module":"server","service":"verbyflow","timestamp":"2025-07-05 23:14:01"}
{"level":"warn","message":"Received binary data without metadata, ignoring","module":"server","service":"verbyflow","timestamp":"2025-07-05 23:14:02"}
{"level":"warn","message":"Received binary data without metadata, ignoring","module":"server","service":"verbyflow","timestamp":"2025-07-05 23:14:02"}
{"level":"warn","message":"Received binary data without metadata, ignoring","module":"server","service":"verbyflow","timestamp":"2025-07-05 23:14:02"}
{"level":"warn","message":"Received binary data without metadata, ignoring","module":"server","service":"verbyflow","timestamp":"2025-07-05 23:14:02"}
{"level":"warn","message":"Received binary data without metadata, ignoring","module":"server","service":"verbyflow","timestamp":"2025-07-05 23:14:03"}
{"level":"warn","message":"Received binary data without metadata, ignoring","module":"server","service":"verbyflow","timestamp":"2025-07-05 23:14:03"}
{"level":"warn","message":"Received binary data without metadata, ignoring","module":"server","service":"verbyflow","timestamp":"2025-07-05 23:14:04"}
{"level":"warn","message":"Received binary data without metadata, ignoring","module":"server","service":"verbyflow","timestamp":"2025-07-05 23:14:04"}
{"level":"warn","message":"Received binary data without metadata, ignoring","module":"server","service":"verbyflow","timestamp":"2025-07-05 23:14:04"}
{"level":"warn","message":"Received binary data without metadata, ignoring","module":"server","service":"verbyflow","timestamp":"2025-07-05 23:14:04"}
{"level":"warn","message":"Received binary data without metadata, ignoring","module":"server","service":"verbyflow","timestamp":"2025-07-05 23:14:05"}
{"level":"warn","message":"Received binary data without metadata, ignoring","module":"server","service":"verbyflow","timestamp":"2025-07-05 23:14:05"}
{"level":"warn","message":"Received binary data without metadata, ignoring","module":"server","service":"verbyflow","timestamp":"2025-07-05 23:14:05"}
{"level":"warn","message":"Received binary data without metadata, ignoring","module":"server","service":"verbyflow","timestamp":"2025-07-05 23:14:05"}
{"level":"warn","message":"Received binary data without metadata, ignoring","module":"server","service":"verbyflow","timestamp":"2025-07-05 23:14:05"}
{"level":"warn","message":"Received binary data without metadata, ignoring","module":"server","service":"verbyflow","timestamp":"2025-07-05 23:14:05"}
{"level":"info","message":"VerbyFlow backend server running on port 3000","module":"server","service":"verbyflow","timestamp":"2025-07-05 23:16:48"}
{"level":"info","message":"Raw WebSocket client connected: 7f003d4d-ebf9-451d-be08-5e81295f82de to call 7366a18f-3285-413a-a24e-f0c152f7de5b","module":"server","service":"verbyflow","timestamp":"2025-07-05 23:16:50"}
{"level":"warn","message":"Received binary data without metadata, ignoring","module":"server","service":"verbyflow","timestamp":"2025-07-05 23:16:50"}
{"level":"info","message":"Raw WebSocket client connected: 40775662-f721-4518-a974-a460337220c2 to call 7366a18f-3285-413a-a24e-f0c152f7de5b","module":"server","service":"verbyflow","timestamp":"2025-07-05 23:16:50"}
{"level":"warn","message":"Received binary data without metadata, ignoring","module":"server","service":"verbyflow","timestamp":"2025-07-05 23:16:50"}
{"level":"info","message":"VerbyFlow backend server running on port 3000","module":"server","service":"verbyflow","timestamp":"2025-07-05 23:17:25"}
{"level":"info","message":"Raw WebSocket client connected: 7f003d4d-ebf9-451d-be08-5e81295f82de to call 7366a18f-3285-413a-a24e-f0c152f7de5b","module":"server","service":"verbyflow","timestamp":"2025-07-05 23:17:27"}
{"level":"warn","message":"Received binary data without metadata, ignoring","module":"server","service":"verbyflow","timestamp":"2025-07-05 23:17:27"}
{"level":"info","message":"Raw WebSocket client connected: 40775662-f721-4518-a974-a460337220c2 to call 7366a18f-3285-413a-a24e-f0c152f7de5b","module":"server","service":"verbyflow","timestamp":"2025-07-05 23:17:27"}
{"level":"warn","message":"Received binary data without metadata, ignoring","module":"server","service":"verbyflow","timestamp":"2025-07-05 23:17:27"}
{"level":"info","message":"VerbyFlow backend server running on port 3000","module":"server","service":"verbyflow","timestamp":"2025-07-05 23:17:59"}
{"level":"info","message":"Raw WebSocket client connected: 7f003d4d-ebf9-451d-be08-5e81295f82de to call 7366a18f-3285-413a-a24e-f0c152f7de5b","module":"server","service":"verbyflow","timestamp":"2025-07-05 23:18:01"}
{"level":"warn","message":"Received binary data without metadata, ignoring","module":"server","service":"verbyflow","timestamp":"2025-07-05 23:18:01"}
{"level":"info","message":"Raw WebSocket client connected: 40775662-f721-4518-a974-a460337220c2 to call 7366a18f-3285-413a-a24e-f0c152f7de5b","module":"server","service":"verbyflow","timestamp":"2025-07-05 23:18:01"}
{"level":"warn","message":"Received binary data without metadata, ignoring","module":"server","service":"verbyflow","timestamp":"2025-07-05 23:18:01"}
{"level":"info","message":"Raw WebSocket client disconnected: 40775662-f721-4518-a974-a460337220c2 from call 7366a18f-3285-413a-a24e-f0c152f7de5b","module":"server","service":"verbyflow","timestamp":"2025-07-05 23:18:46"}
{"level":"debug","message":"Fetching available languages","module":"api-routes","service":"verbyflow","timestamp":"2025-07-05 23:18:46"}
{"level":"info","message":"Raw WebSocket client disconnected: 7f003d4d-ebf9-451d-be08-5e81295f82de from call 7366a18f-3285-413a-a24e-f0c152f7de5b","module":"server","service":"verbyflow","timestamp":"2025-07-05 23:18:48"}
{"level":"debug","message":"Fetching available languages","module":"api-routes","service":"verbyflow","timestamp":"2025-07-05 23:18:48"}
{"level":"info","message":"Raw WebSocket client connected: 40775662-f721-4518-a974-a460337220c2 to call 7366a18f-3285-413a-a24e-f0c152f7de5b","module":"server","service":"verbyflow","timestamp":"2025-07-05 23:18:48"}
{"level":"warn","message":"Received binary data without metadata, ignoring","module":"server","service":"verbyflow","timestamp":"2025-07-05 23:18:48"}
{"level":"info","message":"Raw WebSocket client disconnected: 40775662-f721-4518-a974-a460337220c2 from call 7366a18f-3285-413a-a24e-f0c152f7de5b","module":"server","service":"verbyflow","timestamp":"2025-07-05 23:18:50"}
{"level":"info","message":"Raw WebSocket client connected: 7f003d4d-ebf9-451d-be08-5e81295f82de to call 7366a18f-3285-413a-a24e-f0c152f7de5b","module":"server","service":"verbyflow","timestamp":"2025-07-05 23:18:50"}
{"level":"warn","message":"Received binary data without metadata, ignoring","module":"server","service":"verbyflow","timestamp":"2025-07-05 23:18:50"}
{"level":"info","message":"Raw WebSocket client disconnected: 7f003d4d-ebf9-451d-be08-5e81295f82de from call 7366a18f-3285-413a-a24e-f0c152f7de5b","module":"server","service":"verbyflow","timestamp":"2025-07-05 23:18:52"}
{"level":"debug","message":"Fetching available languages","module":"api-routes","service":"verbyflow","timestamp":"2025-07-05 23:18:52"}
{"level":"debug","message":"Fetching available languages","module":"api-routes","service":"verbyflow","timestamp":"2025-07-05 23:18:52"}
{"level":"info","message":"Created new call: 0cc3a01b-662a-4c0a-a84c-3811c71d4a9d by user 40775662-f721-4518-a974-a460337220c2","module":"calls-api","service":"verbyflow","timestamp":"2025-07-05 23:18:59"}
{"level":"info","message":"Raw WebSocket client connected: 40775662-f721-4518-a974-a460337220c2 to call 0cc3a01b-662a-4c0a-a84c-3811c71d4a9d","module":"server","service":"verbyflow","timestamp":"2025-07-05 23:18:59"}
{"level":"warn","message":"Received binary data without metadata, ignoring","module":"server","service":"verbyflow","timestamp":"2025-07-05 23:18:59"}
{"level":"debug","message":"Fetching call: 0cc3a01b-662a-4c0a-a84c-3811c71d4a9d","module":"calls-api","service":"verbyflow","timestamp":"2025-07-05 23:19:07"}
{"level":"info","message":"Raw WebSocket client connected: 7f003d4d-ebf9-451d-be08-5e81295f82de to call 0cc3a01b-662a-4c0a-a84c-3811c71d4a9d","module":"server","service":"verbyflow","timestamp":"2025-07-05 23:19:07"}
{"level":"warn","message":"Received binary data without metadata, ignoring","module":"server","service":"verbyflow","timestamp":"2025-07-05 23:19:07"}
{"level":"warn","message":"Received binary data without metadata, ignoring","module":"server","service":"verbyflow","timestamp":"2025-07-05 23:19:10"}
{"level":"warn","message":"Received binary data without metadata, ignoring","module":"server","service":"verbyflow","timestamp":"2025-07-05 23:19:10"}
{"level":"warn","message":"Received binary data without metadata, ignoring","module":"server","service":"verbyflow","timestamp":"2025-07-05 23:19:11"}
{"level":"warn","message":"Received binary data without metadata, ignoring","module":"server","service":"verbyflow","timestamp":"2025-07-05 23:19:11"}
{"level":"warn","message":"Received binary data without metadata, ignoring","module":"server","service":"verbyflow","timestamp":"2025-07-05 23:19:12"}
{"level":"warn","message":"Received binary data without metadata, ignoring","module":"server","service":"verbyflow","timestamp":"2025-07-05 23:19:12"}
{"level":"warn","message":"Received binary data without metadata, ignoring","module":"server","service":"verbyflow","timestamp":"2025-07-05 23:19:12"}
{"level":"warn","message":"Received binary data without metadata, ignoring","module":"server","service":"verbyflow","timestamp":"2025-07-05 23:19:12"}
{"level":"warn","message":"Received binary data without metadata, ignoring","module":"server","service":"verbyflow","timestamp":"2025-07-05 23:19:13"}
{"level":"warn","message":"Received binary data without metadata, ignoring","module":"server","service":"verbyflow","timestamp":"2025-07-05 23:19:13"}
{"level":"warn","message":"Received binary data without metadata, ignoring","module":"server","service":"verbyflow","timestamp":"2025-07-05 23:19:14"}
{"level":"warn","message":"Received binary data without metadata, ignoring","module":"server","service":"verbyflow","timestamp":"2025-07-05 23:19:14"}
{"level":"warn","message":"Received binary data without metadata, ignoring","module":"server","service":"verbyflow","timestamp":"2025-07-05 23:19:14"}
{"level":"warn","message":"Received binary data without metadata, ignoring","module":"server","service":"verbyflow","timestamp":"2025-07-05 23:19:14"}
{"level":"warn","message":"Received binary data without metadata, ignoring","module":"server","service":"verbyflow","timestamp":"2025-07-05 23:19:15"}
{"level":"warn","message":"Received binary data without metadata, ignoring","module":"server","service":"verbyflow","timestamp":"2025-07-05 23:19:15"}
{"level":"warn","message":"Received binary data without metadata, ignoring","module":"server","service":"verbyflow","timestamp":"2025-07-05 23:19:16"}
{"level":"warn","message":"Received binary data without metadata, ignoring","module":"server","service":"verbyflow","timestamp":"2025-07-05 23:19:16"}
{"level":"warn","message":"Received binary data without metadata, ignoring","module":"server","service":"verbyflow","timestamp":"2025-07-05 23:19:17"}
{"level":"warn","message":"Received binary data without metadata, ignoring","module":"server","service":"verbyflow","timestamp":"2025-07-05 23:19:17"}
{"level":"warn","message":"Received binary data without metadata, ignoring","module":"server","service":"verbyflow","timestamp":"2025-07-05 23:19:18"}
{"level":"warn","message":"Received binary data without metadata, ignoring","module":"server","service":"verbyflow","timestamp":"2025-07-05 23:19:18"}
{"level":"warn","message":"Received binary data without metadata, ignoring","module":"server","service":"verbyflow","timestamp":"2025-07-05 23:19:18"}
{"level":"warn","message":"Received binary data without metadata, ignoring","module":"server","service":"verbyflow","timestamp":"2025-07-05 23:19:18"}
{"level":"warn","message":"Received binary data without metadata, ignoring","module":"server","service":"verbyflow","timestamp":"2025-07-05 23:19:20"}
{"level":"warn","message":"Received binary data without metadata, ignoring","module":"server","service":"verbyflow","timestamp":"2025-07-05 23:19:20"}
{"level":"warn","message":"Received binary data without metadata, ignoring","module":"server","service":"verbyflow","timestamp":"2025-07-05 23:19:21"}
{"level":"warn","message":"Received binary data without metadata, ignoring","module":"server","service":"verbyflow","timestamp":"2025-07-05 23:19:21"}
{"level":"warn","message":"Received binary data without metadata, ignoring","module":"server","service":"verbyflow","timestamp":"2025-07-05 23:19:21"}
{"level":"warn","message":"Received binary data without metadata, ignoring","module":"server","service":"verbyflow","timestamp":"2025-07-05 23:19:21"}
{"level":"warn","message":"Received binary data without metadata, ignoring","module":"server","service":"verbyflow","timestamp":"2025-07-05 23:19:22"}
{"level":"warn","message":"Received binary data without metadata, ignoring","module":"server","service":"verbyflow","timestamp":"2025-07-05 23:19:22"}
{"level":"warn","message":"Received binary data without metadata, ignoring","module":"server","service":"verbyflow","timestamp":"2025-07-05 23:19:23"}
{"level":"warn","message":"Received binary data without metadata, ignoring","module":"server","service":"verbyflow","timestamp":"2025-07-05 23:19:23"}
{"level":"warn","message":"Received binary data without metadata, ignoring","module":"server","service":"verbyflow","timestamp":"2025-07-05 23:19:23"}
{"level":"warn","message":"Received binary data without metadata, ignoring","module":"server","service":"verbyflow","timestamp":"2025-07-05 23:19:23"}
{"level":"warn","message":"Received binary data without metadata, ignoring","module":"server","service":"verbyflow","timestamp":"2025-07-05 23:19:24"}
{"level":"warn","message":"Received binary data without metadata, ignoring","module":"server","service":"verbyflow","timestamp":"2025-07-05 23:19:24"}
{"level":"warn","message":"Received binary data without metadata, ignoring","module":"server","service":"verbyflow","timestamp":"2025-07-05 23:19:25"}
{"level":"warn","message":"Received binary data without metadata, ignoring","module":"server","service":"verbyflow","timestamp":"2025-07-05 23:19:25"}
{"level":"warn","message":"Received binary data without metadata, ignoring","module":"server","service":"verbyflow","timestamp":"2025-07-05 23:19:25"}
{"level":"warn","message":"Received binary data without metadata, ignoring","module":"server","service":"verbyflow","timestamp":"2025-07-05 23:19:25"}
{"level":"warn","message":"Received binary data without metadata, ignoring","module":"server","service":"verbyflow","timestamp":"2025-07-05 23:19:26"}
{"level":"warn","message":"Received binary data without metadata, ignoring","module":"server","service":"verbyflow","timestamp":"2025-07-05 23:19:26"}
{"level":"warn","message":"Received binary data without metadata, ignoring","module":"server","service":"verbyflow","timestamp":"2025-07-05 23:19:27"}
{"level":"warn","message":"Received binary data without metadata, ignoring","module":"server","service":"verbyflow","timestamp":"2025-07-05 23:19:27"}
{"level":"warn","message":"Received binary data without metadata, ignoring","module":"server","service":"verbyflow","timestamp":"2025-07-05 23:19:27"}
{"level":"warn","message":"Received binary data without metadata, ignoring","module":"server","service":"verbyflow","timestamp":"2025-07-05 23:19:27"}
{"level":"warn","message":"Received binary data without metadata, ignoring","module":"server","service":"verbyflow","timestamp":"2025-07-05 23:19:28"}
{"level":"warn","message":"Received binary data without metadata, ignoring","module":"server","service":"verbyflow","timestamp":"2025-07-05 23:19:28"}
{"level":"warn","message":"Received binary data without metadata, ignoring","module":"server","service":"verbyflow","timestamp":"2025-07-05 23:19:28"}
{"level":"warn","message":"Received binary data without metadata, ignoring","module":"server","service":"verbyflow","timestamp":"2025-07-05 23:19:28"}
{"level":"warn","message":"Received binary data without metadata, ignoring","module":"server","service":"verbyflow","timestamp":"2025-07-05 23:19:28"}
{"level":"warn","message":"Received binary data without metadata, ignoring","module":"server","service":"verbyflow","timestamp":"2025-07-05 23:19:28"}
{"level":"info","message":"Raw WebSocket client disconnected: 40775662-f721-4518-a974-a460337220c2 from call 0cc3a01b-662a-4c0a-a84c-3811c71d4a9d","module":"server","service":"verbyflow","timestamp":"2025-07-05 23:24:38"}
{"level":"info","message":"Raw WebSocket client disconnected: 7f003d4d-ebf9-451d-be08-5e81295f82de from call 0cc3a01b-662a-4c0a-a84c-3811c71d4a9d","module":"server","service":"verbyflow","timestamp":"2025-07-05 23:24:38"}
{"level":"debug","message":"Fetching available languages","module":"api-routes","service":"verbyflow","timestamp":"2025-07-05 23:24:38"}
{"level":"debug","message":"Fetching available languages","module":"api-routes","service":"verbyflow","timestamp":"2025-07-05 23:24:42"}
{"level":"debug","message":"Fetching call: 0cc3a01b-662a-4c0a-a84c-3811c71d4a9d","module":"calls-api","service":"verbyflow","timestamp":"2025-07-05 23:24:42"}
{"level":"info","message":"Raw WebSocket client connected: 40775662-f721-4518-a974-a460337220c2 to call 0cc3a01b-662a-4c0a-a84c-3811c71d4a9d","module":"server","service":"verbyflow","timestamp":"2025-07-05 23:24:42"}
{"level":"warn","message":"Received binary data without metadata, ignoring","module":"server","service":"verbyflow","timestamp":"2025-07-05 23:24:42"}
{"level":"info","message":"VerbyFlow backend server running on port 3000","module":"server","service":"verbyflow","timestamp":"2025-07-05 23:24:59"}
{"level":"info","message":"Raw WebSocket client connected: 40775662-f721-4518-a974-a460337220c2 to call 0cc3a01b-662a-4c0a-a84c-3811c71d4a9d","module":"server","service":"verbyflow","timestamp":"2025-07-05 23:25:01"}
{"level":"error","message":"Error handling raw WebSocket message: pendingMetadata is not defined","module":"server","service":"verbyflow","stack":"ReferenceError: pendingMetadata is not defined\n    at WebSocket.<anonymous> (C:\\Users\\Jarvis\\Documents\\verby\\verbyflow\\backend\\src\\server.js:85:9)\n    at WebSocket.emit (node:events:514:28)\n    at Receiver.receiverOnMessage (C:\\Users\\Jarvis\\Documents\\verby\\verbyflow\\backend\\node_modules\\ws\\lib\\websocket.js:1220:20)\n    at Receiver.emit (node:events:514:28)\n    at Receiver.dataMessage (C:\\Users\\Jarvis\\Documents\\verby\\verbyflow\\backend\\node_modules\\ws\\lib\\receiver.js:596:14)\n    at Receiver.getData (C:\\Users\\Jarvis\\Documents\\verby\\verbyflow\\backend\\node_modules\\ws\\lib\\receiver.js:496:10)\n    at Receiver.startLoop (C:\\Users\\Jarvis\\Documents\\verby\\verbyflow\\backend\\node_modules\\ws\\lib\\receiver.js:167:16)\n    at Receiver._write (C:\\Users\\Jarvis\\Documents\\verby\\verbyflow\\backend\\node_modules\\ws\\lib\\receiver.js:94:10)\n    at writeOrBuffer (node:internal/streams/writable:447:12)\n    at _write (node:internal/streams/writable:389:10)","timestamp":"2025-07-05 23:25:01"}
{"level":"info","message":"VerbyFlow backend server running on port 3000","module":"server","service":"verbyflow","timestamp":"2025-07-05 23:25:39"}
{"level":"info","message":"Raw WebSocket client connected: 40775662-f721-4518-a974-a460337220c2 to call 0cc3a01b-662a-4c0a-a84c-3811c71d4a9d","module":"server","service":"verbyflow","timestamp":"2025-07-05 23:25:40"}
{"level":"warn","message":"Received binary data without metadata, ignoring","module":"server","service":"verbyflow","timestamp":"2025-07-05 23:25:40"}
{"level":"info","message":"VerbyFlow backend server running on port 3000","module":"server","service":"verbyflow","timestamp":"2025-07-05 23:26:11"}
{"level":"info","message":"Raw WebSocket client connected: 40775662-f721-4518-a974-a460337220c2 to call 0cc3a01b-662a-4c0a-a84c-3811c71d4a9d","module":"server","service":"verbyflow","timestamp":"2025-07-05 23:26:12"}
{"level":"warn","message":"Received binary data without metadata, ignoring","module":"server","service":"verbyflow","timestamp":"2025-07-05 23:26:12"}
{"level":"info","message":"VerbyFlow backend server running on port 3000","module":"server","service":"verbyflow","timestamp":"2025-07-05 23:26:32"}
{"level":"info","message":"Raw WebSocket client connected: 40775662-f721-4518-a974-a460337220c2 to call 0cc3a01b-662a-4c0a-a84c-3811c71d4a9d","module":"server","service":"verbyflow","timestamp":"2025-07-05 23:26:33"}
{"level":"warn","message":"Received binary data without metadata, ignoring","module":"server","service":"verbyflow","timestamp":"2025-07-05 23:26:33"}
{"level":"info","message":"Raw WebSocket client disconnected: 40775662-f721-4518-a974-a460337220c2 from call 0cc3a01b-662a-4c0a-a84c-3811c71d4a9d","module":"server","service":"verbyflow","timestamp":"2025-07-05 23:26:56"}
{"level":"debug","message":"Fetching available languages","module":"api-routes","service":"verbyflow","timestamp":"2025-07-05 23:26:56"}
{"level":"debug","message":"Fetching available languages","module":"api-routes","service":"verbyflow","timestamp":"2025-07-05 23:27:01"}
{"level":"info","message":"Created new call: 8d657329-ff40-4b48-82ba-e0da7176a8f7 by user 40775662-f721-4518-a974-a460337220c2","module":"calls-api","service":"verbyflow","timestamp":"2025-07-05 23:27:07"}
{"level":"info","message":"Raw WebSocket client connected: 40775662-f721-4518-a974-a460337220c2 to call 8d657329-ff40-4b48-82ba-e0da7176a8f7","module":"server","service":"verbyflow","timestamp":"2025-07-05 23:27:07"}
{"level":"warn","message":"Received binary data without metadata, ignoring","module":"server","service":"verbyflow","timestamp":"2025-07-05 23:27:07"}
{"level":"debug","message":"Fetching call: 8d657329-ff40-4b48-82ba-e0da7176a8f7","module":"calls-api","service":"verbyflow","timestamp":"2025-07-05 23:27:15"}
{"level":"info","message":"Raw WebSocket client connected: 7f003d4d-ebf9-451d-be08-5e81295f82de to call 8d657329-ff40-4b48-82ba-e0da7176a8f7","module":"server","service":"verbyflow","timestamp":"2025-07-05 23:27:15"}
{"level":"warn","message":"Received binary data without metadata, ignoring","module":"server","service":"verbyflow","timestamp":"2025-07-05 23:27:15"}
{"level":"warn","message":"Received binary data without metadata, ignoring","module":"server","service":"verbyflow","timestamp":"2025-07-05 23:27:18"}
{"level":"warn","message":"Received binary data without metadata, ignoring","module":"server","service":"verbyflow","timestamp":"2025-07-05 23:27:18"}
{"level":"warn","message":"Received binary data without metadata, ignoring","module":"server","service":"verbyflow","timestamp":"2025-07-05 23:27:19"}
{"level":"warn","message":"Received binary data without metadata, ignoring","module":"server","service":"verbyflow","timestamp":"2025-07-05 23:27:19"}
{"level":"warn","message":"Received binary data without metadata, ignoring","module":"server","service":"verbyflow","timestamp":"2025-07-05 23:27:19"}
{"level":"warn","message":"Received binary data without metadata, ignoring","module":"server","service":"verbyflow","timestamp":"2025-07-05 23:27:19"}
{"level":"warn","message":"Received binary data without metadata, ignoring","module":"server","service":"verbyflow","timestamp":"2025-07-05 23:27:20"}
{"level":"warn","message":"Received binary data without metadata, ignoring","module":"server","service":"verbyflow","timestamp":"2025-07-05 23:27:20"}
{"level":"warn","message":"Received binary data without metadata, ignoring","module":"server","service":"verbyflow","timestamp":"2025-07-05 23:27:21"}
{"level":"warn","message":"Received binary data without metadata, ignoring","module":"server","service":"verbyflow","timestamp":"2025-07-05 23:27:21"}
{"level":"warn","message":"Received binary data without metadata, ignoring","module":"server","service":"verbyflow","timestamp":"2025-07-05 23:27:22"}
{"level":"warn","message":"Received binary data without metadata, ignoring","module":"server","service":"verbyflow","timestamp":"2025-07-05 23:27:22"}
{"level":"warn","message":"Received binary data without metadata, ignoring","module":"server","service":"verbyflow","timestamp":"2025-07-05 23:27:22"}
{"level":"warn","message":"Received binary data without metadata, ignoring","module":"server","service":"verbyflow","timestamp":"2025-07-05 23:27:22"}
{"level":"warn","message":"Received binary data without metadata, ignoring","module":"server","service":"verbyflow","timestamp":"2025-07-05 23:27:23"}
{"level":"warn","message":"Received binary data without metadata, ignoring","module":"server","service":"verbyflow","timestamp":"2025-07-05 23:27:23"}
{"level":"warn","message":"Received binary data without metadata, ignoring","module":"server","service":"verbyflow","timestamp":"2025-07-05 23:27:24"}
{"level":"warn","message":"Received binary data without metadata, ignoring","module":"server","service":"verbyflow","timestamp":"2025-07-05 23:27:25"}
{"level":"warn","message":"Received binary data without metadata, ignoring","module":"server","service":"verbyflow","timestamp":"2025-07-05 23:27:26"}
{"level":"warn","message":"Received binary data without metadata, ignoring","module":"server","service":"verbyflow","timestamp":"2025-07-05 23:27:26"}
{"level":"warn","message":"Received binary data without metadata, ignoring","module":"server","service":"verbyflow","timestamp":"2025-07-05 23:27:26"}
{"level":"warn","message":"Received binary data without metadata, ignoring","module":"server","service":"verbyflow","timestamp":"2025-07-05 23:27:26"}
{"level":"warn","message":"Received binary data without metadata, ignoring","module":"server","service":"verbyflow","timestamp":"2025-07-05 23:27:27"}
{"level":"warn","message":"Received binary data without metadata, ignoring","module":"server","service":"verbyflow","timestamp":"2025-07-05 23:27:27"}
{"level":"warn","message":"Received binary data without metadata, ignoring","module":"server","service":"verbyflow","timestamp":"2025-07-05 23:27:27"}
{"level":"warn","message":"Received binary data without metadata, ignoring","module":"server","service":"verbyflow","timestamp":"2025-07-05 23:27:28"}
{"level":"warn","message":"Received binary data without metadata, ignoring","module":"server","service":"verbyflow","timestamp":"2025-07-05 23:27:28"}
{"level":"warn","message":"Received binary data without metadata, ignoring","module":"server","service":"verbyflow","timestamp":"2025-07-05 23:27:28"}
{"level":"warn","message":"Received binary data without metadata, ignoring","module":"server","service":"verbyflow","timestamp":"2025-07-05 23:27:29"}
{"level":"warn","message":"Received binary data without metadata, ignoring","module":"server","service":"verbyflow","timestamp":"2025-07-05 23:27:29"}
{"level":"warn","message":"Received binary data without metadata, ignoring","module":"server","service":"verbyflow","timestamp":"2025-07-05 23:27:30"}
{"level":"warn","message":"Received binary data without metadata, ignoring","module":"server","service":"verbyflow","timestamp":"2025-07-05 23:27:30"}
{"level":"warn","message":"Received binary data without metadata, ignoring","module":"server","service":"verbyflow","timestamp":"2025-07-05 23:27:31"}
{"level":"warn","message":"Received binary data without metadata, ignoring","module":"server","service":"verbyflow","timestamp":"2025-07-05 23:27:31"}
{"level":"warn","message":"Received binary data without metadata, ignoring","module":"server","service":"verbyflow","timestamp":"2025-07-05 23:27:31"}
{"level":"warn","message":"Received binary data without metadata, ignoring","module":"server","service":"verbyflow","timestamp":"2025-07-05 23:27:32"}
{"level":"warn","message":"Received binary data without metadata, ignoring","module":"server","service":"verbyflow","timestamp":"2025-07-05 23:27:32"}
{"level":"warn","message":"Received binary data without metadata, ignoring","module":"server","service":"verbyflow","timestamp":"2025-07-05 23:27:32"}
{"level":"warn","message":"Received binary data without metadata, ignoring","module":"server","service":"verbyflow","timestamp":"2025-07-05 23:27:33"}
{"level":"warn","message":"Received binary data without metadata, ignoring","module":"server","service":"verbyflow","timestamp":"2025-07-05 23:27:33"}
{"level":"warn","message":"Received binary data without metadata, ignoring","module":"server","service":"verbyflow","timestamp":"2025-07-05 23:27:34"}
{"level":"warn","message":"Received binary data without metadata, ignoring","module":"server","service":"verbyflow","timestamp":"2025-07-05 23:27:34"}
{"level":"warn","message":"Received binary data without metadata, ignoring","module":"server","service":"verbyflow","timestamp":"2025-07-05 23:27:35"}
{"level":"warn","message":"Received binary data without metadata, ignoring","module":"server","service":"verbyflow","timestamp":"2025-07-05 23:27:35"}
{"level":"warn","message":"Received binary data without metadata, ignoring","module":"server","service":"verbyflow","timestamp":"2025-07-05 23:27:36"}
{"level":"warn","message":"Received binary data without metadata, ignoring","module":"server","service":"verbyflow","timestamp":"2025-07-05 23:27:36"}
{"level":"warn","message":"Received binary data without metadata, ignoring","module":"server","service":"verbyflow","timestamp":"2025-07-05 23:27:37"}
{"level":"warn","message":"Received binary data without metadata, ignoring","module":"server","service":"verbyflow","timestamp":"2025-07-05 23:27:37"}
{"level":"warn","message":"Received binary data without metadata, ignoring","module":"server","service":"verbyflow","timestamp":"2025-07-05 23:27:37"}
{"level":"warn","message":"Received binary data without metadata, ignoring","module":"server","service":"verbyflow","timestamp":"2025-07-05 23:27:37"}
{"level":"warn","message":"Received binary data without metadata, ignoring","module":"server","service":"verbyflow","timestamp":"2025-07-05 23:27:37"}
{"level":"warn","message":"Received binary data without metadata, ignoring","module":"server","service":"verbyflow","timestamp":"2025-07-05 23:27:37"}
{"level":"info","message":"VerbyFlow backend server running on port 3000","module":"server","service":"verbyflow","timestamp":"2025-07-05 23:29:31"}
{"level":"info","message":"Raw WebSocket client connected: 7f003d4d-ebf9-451d-be08-5e81295f82de to call 8d657329-ff40-4b48-82ba-e0da7176a8f7","module":"server","service":"verbyflow","timestamp":"2025-07-05 23:29:33"}
{"level":"warn","message":"Received binary data without metadata, ignoring","module":"server","service":"verbyflow","timestamp":"2025-07-05 23:29:33"}
{"level":"info","message":"Raw WebSocket client connected: 40775662-f721-4518-a974-a460337220c2 to call 8d657329-ff40-4b48-82ba-e0da7176a8f7","module":"server","service":"verbyflow","timestamp":"2025-07-05 23:29:33"}
{"level":"warn","message":"Received binary data without metadata, ignoring","module":"server","service":"verbyflow","timestamp":"2025-07-05 23:29:33"}
{"level":"info","message":"VerbyFlow backend server running on port 3000","module":"server","service":"verbyflow","timestamp":"2025-07-05 23:30:06"}
{"level":"info","message":"Raw WebSocket client connected: 40775662-f721-4518-a974-a460337220c2 to call 8d657329-ff40-4b48-82ba-e0da7176a8f7","module":"server","service":"verbyflow","timestamp":"2025-07-05 23:30:08"}
{"level":"warn","message":"Received binary data without metadata, ignoring","module":"server","service":"verbyflow","timestamp":"2025-07-05 23:30:08"}
{"level":"info","message":"Raw WebSocket client connected: 7f003d4d-ebf9-451d-be08-5e81295f82de to call 8d657329-ff40-4b48-82ba-e0da7176a8f7","module":"server","service":"verbyflow","timestamp":"2025-07-05 23:30:08"}
{"level":"warn","message":"Received binary data without metadata, ignoring","module":"server","service":"verbyflow","timestamp":"2025-07-05 23:30:08"}
{"level":"info","message":"VerbyFlow backend server running on port 3000","module":"server","service":"verbyflow","timestamp":"2025-07-05 23:30:39"}
{"level":"info","message":"Raw WebSocket client connected: 7f003d4d-ebf9-451d-be08-5e81295f82de to call 8d657329-ff40-4b48-82ba-e0da7176a8f7","module":"server","service":"verbyflow","timestamp":"2025-07-05 23:30:41"}
{"level":"warn","message":"Received binary data without metadata, ignoring","module":"server","service":"verbyflow","timestamp":"2025-07-05 23:30:41"}
{"level":"info","message":"Raw WebSocket client connected: 40775662-f721-4518-a974-a460337220c2 to call 8d657329-ff40-4b48-82ba-e0da7176a8f7","module":"server","service":"verbyflow","timestamp":"2025-07-05 23:30:41"}
{"level":"warn","message":"Received binary data without metadata, ignoring","module":"server","service":"verbyflow","timestamp":"2025-07-05 23:30:41"}
{"level":"info","message":"VerbyFlow backend server running on port 3000","module":"server","service":"verbyflow","timestamp":"2025-07-05 23:31:35"}
{"level":"info","message":"Raw WebSocket client connected: 7f003d4d-ebf9-451d-be08-5e81295f82de to call 8d657329-ff40-4b48-82ba-e0da7176a8f7","module":"server","service":"verbyflow","timestamp":"2025-07-05 23:31:36"}
{"level":"info","message":"Raw WebSocket client connected: 40775662-f721-4518-a974-a460337220c2 to call 8d657329-ff40-4b48-82ba-e0da7176a8f7","module":"server","service":"verbyflow","timestamp":"2025-07-05 23:31:36"}
{"level":"info","message":"[TRACE] Received binary WebSocket message: 120 bytes from user 7f003d4d-ebf9-451d-be08-5e81295f82de in call 8d657329-ff40-4b48-82ba-e0da7176a8f7","module":"server","service":"verbyflow","timestamp":"2025-07-05 23:31:36"}
{"level":"info","message":"[TRACE] Current pending metadata count: 0","module":"server","service":"verbyflow","timestamp":"2025-07-05 23:31:36"}
{"level":"warn","message":"[TRACE] Received binary data (120 bytes) without metadata, ignoring","module":"server","service":"verbyflow","timestamp":"2025-07-05 23:31:36"}
{"level":"info","message":"[TRACE] Received binary WebSocket message: 120 bytes from user 40775662-f721-4518-a974-a460337220c2 in call 8d657329-ff40-4b48-82ba-e0da7176a8f7","module":"server","service":"verbyflow","timestamp":"2025-07-05 23:31:36"}
{"level":"info","message":"[TRACE] Current pending metadata count: 0","module":"server","service":"verbyflow","timestamp":"2025-07-05 23:31:36"}
{"level":"warn","message":"[TRACE] Received binary data (120 bytes) without metadata, ignoring","module":"server","service":"verbyflow","timestamp":"2025-07-05 23:31:36"}
{"level":"info","message":"VerbyFlow backend server running on port 3000","module":"server","service":"verbyflow","timestamp":"2025-07-05 23:32:32"}
{"level":"info","message":"Raw WebSocket client connected: 7f003d4d-ebf9-451d-be08-5e81295f82de to call 8d657329-ff40-4b48-82ba-e0da7176a8f7","module":"server","service":"verbyflow","timestamp":"2025-07-05 23:32:33"}
{"level":"info","message":"[TRACE] Received binary WebSocket message: 120 bytes from user 7f003d4d-ebf9-451d-be08-5e81295f82de in call 8d657329-ff40-4b48-82ba-e0da7176a8f7","module":"server","service":"verbyflow","timestamp":"2025-07-05 23:32:33"}
{"level":"info","message":"[TRACE] Current pending metadata count: 0","module":"server","service":"verbyflow","timestamp":"2025-07-05 23:32:33"}
{"level":"warn","message":"[TRACE] Received binary data (120 bytes) without metadata, ignoring","module":"server","service":"verbyflow","timestamp":"2025-07-05 23:32:33"}
{"level":"info","message":"Raw WebSocket client connected: 40775662-f721-4518-a974-a460337220c2 to call 8d657329-ff40-4b48-82ba-e0da7176a8f7","module":"server","service":"verbyflow","timestamp":"2025-07-05 23:32:33"}
{"level":"info","message":"[TRACE] Received binary WebSocket message: 120 bytes from user 40775662-f721-4518-a974-a460337220c2 in call 8d657329-ff40-4b48-82ba-e0da7176a8f7","module":"server","service":"verbyflow","timestamp":"2025-07-05 23:32:33"}
{"level":"info","message":"[TRACE] Current pending metadata count: 0","module":"server","service":"verbyflow","timestamp":"2025-07-05 23:32:33"}
{"level":"warn","message":"[TRACE] Received binary data (120 bytes) without metadata, ignoring","module":"server","service":"verbyflow","timestamp":"2025-07-05 23:32:33"}
{"level":"info","message":"[TRACE] WebSocket connection closed for user 40775662-f721-4518-a974-a460337220c2 with code 1001: ","module":"server","service":"verbyflow","timestamp":"2025-07-05 23:33:24"}
{"level":"info","message":"[TRACE] Active WebSocket connections remaining: 0","module":"server","service":"verbyflow","timestamp":"2025-07-05 23:33:24"}
{"level":"info","message":"[TRACE] Clearing any pending metadata entries for closed connection","module":"server","service":"verbyflow","timestamp":"2025-07-05 23:33:24"}
{"level":"info","message":"[TRACE] WebSocket connection cleanup complete","module":"server","service":"verbyflow","timestamp":"2025-07-05 23:33:24"}
{"level":"info","message":"[TRACE] WebSocket connection closed for user 7f003d4d-ebf9-451d-be08-5e81295f82de with code 1001: ","module":"server","service":"verbyflow","timestamp":"2025-07-05 23:33:24"}
{"level":"info","message":"[TRACE] Active WebSocket connections remaining: -1","module":"server","service":"verbyflow","timestamp":"2025-07-05 23:33:24"}
{"level":"info","message":"[TRACE] Clearing any pending metadata entries for closed connection","module":"server","service":"verbyflow","timestamp":"2025-07-05 23:33:24"}
{"level":"info","message":"[TRACE] WebSocket connection cleanup complete","module":"server","service":"verbyflow","timestamp":"2025-07-05 23:33:24"}
{"level":"debug","message":"Fetching available languages","module":"api-routes","service":"verbyflow","timestamp":"2025-07-05 23:33:24"}
{"level":"debug","message":"Fetching available languages","module":"api-routes","service":"verbyflow","timestamp":"2025-07-05 23:33:27"}
{"level":"warn","message":"Call not found: 8d657329-ff40-4b48-82ba-e0da7176a8f7","module":"calls-api","service":"verbyflow","timestamp":"2025-07-05 23:33:27"}
{"level":"debug","message":"Fetching available languages","module":"api-routes","service":"verbyflow","timestamp":"2025-07-05 23:34:56"}
{"level":"debug","message":"Fetching available languages","module":"api-routes","service":"verbyflow","timestamp":"2025-07-05 23:35:00"}
{"level":"warn","message":"Call not found: 8d657329-ff40-4b48-82ba-e0da7176a8f7","module":"calls-api","service":"verbyflow","timestamp":"2025-07-05 23:35:00"}
{"level":"debug","message":"Fetching available languages","module":"api-routes","service":"verbyflow","timestamp":"2025-07-05 23:35:11"}
{"level":"debug","message":"Fetching available languages","module":"api-routes","service":"verbyflow","timestamp":"2025-07-05 23:35:14"}
{"level":"warn","message":"Call not found: 8d657329-ff40-4b48-82ba-e0da7176a8f7","module":"calls-api","service":"verbyflow","timestamp":"2025-07-05 23:35:14"}
{"level":"debug","message":"Fetching available languages","module":"api-routes","service":"verbyflow","timestamp":"2025-07-05 23:35:29"}
{"level":"debug","message":"Fetching available languages","module":"api-routes","service":"verbyflow","timestamp":"2025-07-05 23:35:32"}
{"level":"warn","message":"Call not found: 8d657329-ff40-4b48-82ba-e0da7176a8f7","module":"calls-api","service":"verbyflow","timestamp":"2025-07-05 23:35:32"}
{"level":"debug","message":"Fetching available languages","module":"api-routes","service":"verbyflow","timestamp":"2025-07-05 23:36:12"}
{"level":"debug","message":"Fetching available languages","module":"api-routes","service":"verbyflow","timestamp":"2025-07-05 23:36:16"}
{"level":"warn","message":"Call not found: 8d657329-ff40-4b48-82ba-e0da7176a8f7","module":"calls-api","service":"verbyflow","timestamp":"2025-07-05 23:36:16"}
{"level":"debug","message":"Fetching available languages","module":"api-routes","service":"verbyflow","timestamp":"2025-07-05 23:41:39"}
{"level":"debug","message":"Fetching available languages","module":"api-routes","service":"verbyflow","timestamp":"2025-07-05 23:41:42"}
{"level":"warn","message":"Call not found: 8d657329-ff40-4b48-82ba-e0da7176a8f7","module":"calls-api","service":"verbyflow","timestamp":"2025-07-05 23:41:42"}
{"level":"debug","message":"Fetching available languages","module":"api-routes","service":"verbyflow","timestamp":"2025-07-05 23:44:54"}
{"level":"debug","message":"Fetching available languages","module":"api-routes","service":"verbyflow","timestamp":"2025-07-05 23:44:57"}
{"level":"warn","message":"Call not found: 8d657329-ff40-4b48-82ba-e0da7176a8f7","module":"calls-api","service":"verbyflow","timestamp":"2025-07-05 23:44:57"}
{"level":"debug","message":"Fetching available languages","module":"api-routes","service":"verbyflow","timestamp":"2025-07-05 23:45:29"}
{"level":"debug","message":"Fetching available languages","module":"api-routes","service":"verbyflow","timestamp":"2025-07-05 23:45:32"}
{"level":"warn","message":"Call not found: 8d657329-ff40-4b48-82ba-e0da7176a8f7","module":"calls-api","service":"verbyflow","timestamp":"2025-07-05 23:45:32"}
{"level":"debug","message":"Fetching available languages","module":"api-routes","service":"verbyflow","timestamp":"2025-07-05 23:47:43"}
{"level":"debug","message":"Fetching available languages","module":"api-routes","service":"verbyflow","timestamp":"2025-07-05 23:47:47"}
{"level":"warn","message":"Call not found: 8d657329-ff40-4b48-82ba-e0da7176a8f7","module":"calls-api","service":"verbyflow","timestamp":"2025-07-05 23:47:47"}
{"level":"debug","message":"Fetching available languages","module":"api-routes","service":"verbyflow","timestamp":"2025-07-05 23:48:21"}
{"level":"debug","message":"Fetching available languages","module":"api-routes","service":"verbyflow","timestamp":"2025-07-05 23:48:25"}
{"level":"warn","message":"Call not found: 8d657329-ff40-4b48-82ba-e0da7176a8f7","module":"calls-api","service":"verbyflow","timestamp":"2025-07-05 23:48:25"}
{"level":"debug","message":"Fetching available languages","module":"api-routes","service":"verbyflow","timestamp":"2025-07-05 23:48:45"}
{"level":"debug","message":"Fetching available languages","module":"api-routes","service":"verbyflow","timestamp":"2025-07-05 23:48:48"}
{"level":"warn","message":"Call not found: 8d657329-ff40-4b48-82ba-e0da7176a8f7","module":"calls-api","service":"verbyflow","timestamp":"2025-07-05 23:48:48"}
{"level":"debug","message":"Fetching available languages","module":"api-routes","service":"verbyflow","timestamp":"2025-07-05 23:49:11"}
{"level":"debug","message":"Fetching available languages","module":"api-routes","service":"verbyflow","timestamp":"2025-07-05 23:49:14"}
{"level":"warn","message":"Call not found: 8d657329-ff40-4b48-82ba-e0da7176a8f7","module":"calls-api","service":"verbyflow","timestamp":"2025-07-05 23:49:14"}
{"level":"debug","message":"Fetching available languages","module":"api-routes","service":"verbyflow","timestamp":"2025-07-05 23:49:52"}
{"level":"debug","message":"Fetching available languages","module":"api-routes","service":"verbyflow","timestamp":"2025-07-05 23:49:55"}
{"level":"warn","message":"Call not found: 8d657329-ff40-4b48-82ba-e0da7176a8f7","module":"calls-api","service":"verbyflow","timestamp":"2025-07-05 23:49:56"}
{"level":"debug","message":"Fetching available languages","module":"api-routes","service":"verbyflow","timestamp":"2025-07-05 23:51:04"}
{"level":"warn","message":"Call not found: 8d657329-ff40-4b48-82ba-e0da7176a8f7","module":"calls-api","service":"verbyflow","timestamp":"2025-07-05 23:51:04"}
{"level":"debug","message":"Fetching available languages","module":"api-routes","service":"verbyflow","timestamp":"2025-07-05 23:51:06"}
{"level":"debug","message":"Fetching available languages","module":"api-routes","service":"verbyflow","timestamp":"2025-07-05 23:51:10"}
{"level":"debug","message":"Fetching available languages","module":"api-routes","service":"verbyflow","timestamp":"2025-07-05 23:51:12"}
{"level":"info","message":"Created new call: 2e51e2ee-f042-40d9-89dc-0d11c09b19f9 by user 40775662-f721-4518-a974-a460337220c2","module":"calls-api","service":"verbyflow","timestamp":"2025-07-05 23:51:14"}
{"level":"info","message":"Raw WebSocket client connected: 40775662-f721-4518-a974-a460337220c2 to call 2e51e2ee-f042-40d9-89dc-0d11c09b19f9","module":"server","service":"verbyflow","timestamp":"2025-07-05 23:51:14"}
{"level":"info","message":"[TRACE] Received binary WebSocket message: 189 bytes from user 40775662-f721-4518-a974-a460337220c2 in call 2e51e2ee-f042-40d9-89dc-0d11c09b19f9","module":"server","service":"verbyflow","timestamp":"2025-07-05 23:51:14"}
{"level":"info","message":"[TRACE] Current pending metadata count: 0","module":"server","service":"verbyflow","timestamp":"2025-07-05 23:51:14"}
{"level":"warn","message":"[TRACE] Received binary data (189 bytes) without metadata, ignoring","module":"server","service":"verbyflow","timestamp":"2025-07-05 23:51:14"}
{"level":"debug","message":"Fetching call: 2e51e2ee-f042-40d9-89dc-0d11c09b19f9","module":"calls-api","service":"verbyflow","timestamp":"2025-07-05 23:51:23"}
{"level":"info","message":"Raw WebSocket client connected: 7f003d4d-ebf9-451d-be08-5e81295f82de to call 2e51e2ee-f042-40d9-89dc-0d11c09b19f9","module":"server","service":"verbyflow","timestamp":"2025-07-05 23:51:23"}
{"level":"info","message":"[TRACE] Received binary WebSocket message: 189 bytes from user 7f003d4d-ebf9-451d-be08-5e81295f82de in call 2e51e2ee-f042-40d9-89dc-0d11c09b19f9","module":"server","service":"verbyflow","timestamp":"2025-07-05 23:51:23"}
{"level":"info","message":"[TRACE] Current pending metadata count: 0","module":"server","service":"verbyflow","timestamp":"2025-07-05 23:51:23"}
{"level":"warn","message":"[TRACE] Received binary data (189 bytes) without metadata, ignoring","module":"server","service":"verbyflow","timestamp":"2025-07-05 23:51:23"}
{"level":"info","message":"[TRACE] Received binary WebSocket message: 92 bytes from user 7f003d4d-ebf9-451d-be08-5e81295f82de in call 2e51e2ee-f042-40d9-89dc-0d11c09b19f9","module":"server","service":"verbyflow","timestamp":"2025-07-05 23:51:27"}
{"level":"info","message":"[TRACE] Current pending metadata count: 0","module":"server","service":"verbyflow","timestamp":"2025-07-05 23:51:27"}
{"level":"warn","message":"[TRACE] Received binary data (92 bytes) without metadata, ignoring","module":"server","service":"verbyflow","timestamp":"2025-07-05 23:51:27"}
{"level":"info","message":"[TRACE] Received binary WebSocket message: 3003 bytes from user 7f003d4d-ebf9-451d-be08-5e81295f82de in call 2e51e2ee-f042-40d9-89dc-0d11c09b19f9","module":"server","service":"verbyflow","timestamp":"2025-07-05 23:51:27"}
{"level":"info","message":"[TRACE] Current pending metadata count: 0","module":"server","service":"verbyflow","timestamp":"2025-07-05 23:51:27"}
{"level":"warn","message":"[TRACE] Received binary data (3003 bytes) without metadata, ignoring","module":"server","service":"verbyflow","timestamp":"2025-07-05 23:51:27"}
{"level":"info","message":"[TRACE] Received binary WebSocket message: 91 bytes from user 7f003d4d-ebf9-451d-be08-5e81295f82de in call 2e51e2ee-f042-40d9-89dc-0d11c09b19f9","module":"server","service":"verbyflow","timestamp":"2025-07-05 23:51:27"}
{"level":"info","message":"[TRACE] Current pending metadata count: 0","module":"server","service":"verbyflow","timestamp":"2025-07-05 23:51:27"}
{"level":"warn","message":"[TRACE] Received binary data (91 bytes) without metadata, ignoring","module":"server","service":"verbyflow","timestamp":"2025-07-05 23:51:27"}
{"level":"info","message":"[TRACE] Received binary WebSocket message: 3003 bytes from user 7f003d4d-ebf9-451d-be08-5e81295f82de in call 2e51e2ee-f042-40d9-89dc-0d11c09b19f9","module":"server","service":"verbyflow","timestamp":"2025-07-05 23:51:27"}
{"level":"info","message":"[TRACE] Current pending metadata count: 0","module":"server","service":"verbyflow","timestamp":"2025-07-05 23:51:27"}
{"level":"warn","message":"[TRACE] Received binary data (3003 bytes) without metadata, ignoring","module":"server","service":"verbyflow","timestamp":"2025-07-05 23:51:27"}
{"level":"info","message":"[TRACE] Received binary WebSocket message: 92 bytes from user 7f003d4d-ebf9-451d-be08-5e81295f82de in call 2e51e2ee-f042-40d9-89dc-0d11c09b19f9","module":"server","service":"verbyflow","timestamp":"2025-07-05 23:51:28"}
{"level":"info","message":"[TRACE] Current pending metadata count: 0","module":"server","service":"verbyflow","timestamp":"2025-07-05 23:51:28"}
{"level":"warn","message":"[TRACE] Received binary data (92 bytes) without metadata, ignoring","module":"server","service":"verbyflow","timestamp":"2025-07-05 23:51:28"}
{"level":"info","message":"[TRACE] Received binary WebSocket message: 3048 bytes from user 7f003d4d-ebf9-451d-be08-5e81295f82de in call 2e51e2ee-f042-40d9-89dc-0d11c09b19f9","module":"server","service":"verbyflow","timestamp":"2025-07-05 23:51:28"}
{"level":"info","message":"[TRACE] Current pending metadata count: 0","module":"server","service":"verbyflow","timestamp":"2025-07-05 23:51:28"}
{"level":"warn","message":"[TRACE] Received binary data (3048 bytes) without metadata, ignoring","module":"server","service":"verbyflow","timestamp":"2025-07-05 23:51:28"}
{"level":"info","message":"[TRACE] Received binary WebSocket message: 92 bytes from user 7f003d4d-ebf9-451d-be08-5e81295f82de in call 2e51e2ee-f042-40d9-89dc-0d11c09b19f9","module":"server","service":"verbyflow","timestamp":"2025-07-05 23:51:29"}
{"level":"info","message":"[TRACE] Current pending metadata count: 0","module":"server","service":"verbyflow","timestamp":"2025-07-05 23:51:29"}
{"level":"warn","message":"[TRACE] Received binary data (92 bytes) without metadata, ignoring","module":"server","service":"verbyflow","timestamp":"2025-07-05 23:51:29"}
{"level":"info","message":"[TRACE] Received binary WebSocket message: 3022 bytes from user 7f003d4d-ebf9-451d-be08-5e81295f82de in call 2e51e2ee-f042-40d9-89dc-0d11c09b19f9","module":"server","service":"verbyflow","timestamp":"2025-07-05 23:51:29"}
{"level":"info","message":"[TRACE] Current pending metadata count: 0","module":"server","service":"verbyflow","timestamp":"2025-07-05 23:51:29"}
{"level":"warn","message":"[TRACE] Received binary data (3022 bytes) without metadata, ignoring","module":"server","service":"verbyflow","timestamp":"2025-07-05 23:51:29"}
{"level":"info","message":"[TRACE] Received binary WebSocket message: 91 bytes from user 7f003d4d-ebf9-451d-be08-5e81295f82de in call 2e51e2ee-f042-40d9-89dc-0d11c09b19f9","module":"server","service":"verbyflow","timestamp":"2025-07-05 23:51:29"}
{"level":"info","message":"[TRACE] Current pending metadata count: 0","module":"server","service":"verbyflow","timestamp":"2025-07-05 23:51:29"}
{"level":"warn","message":"[TRACE] Received binary data (91 bytes) without metadata, ignoring","module":"server","service":"verbyflow","timestamp":"2025-07-05 23:51:29"}
{"level":"info","message":"[TRACE] Received binary WebSocket message: 6070 bytes from user 7f003d4d-ebf9-451d-be08-5e81295f82de in call 2e51e2ee-f042-40d9-89dc-0d11c09b19f9","module":"server","service":"verbyflow","timestamp":"2025-07-05 23:51:29"}
{"level":"info","message":"[TRACE] Current pending metadata count: 0","module":"server","service":"verbyflow","timestamp":"2025-07-05 23:51:29"}
{"level":"warn","message":"[TRACE] Received binary data (6070 bytes) without metadata, ignoring","module":"server","service":"verbyflow","timestamp":"2025-07-05 23:51:29"}
{"level":"info","message":"[TRACE] Received binary WebSocket message: 92 bytes from user 7f003d4d-ebf9-451d-be08-5e81295f82de in call 2e51e2ee-f042-40d9-89dc-0d11c09b19f9","module":"server","service":"verbyflow","timestamp":"2025-07-05 23:51:30"}
{"level":"info","message":"[TRACE] Current pending metadata count: 0","module":"server","service":"verbyflow","timestamp":"2025-07-05 23:51:30"}
{"level":"warn","message":"[TRACE] Received binary data (92 bytes) without metadata, ignoring","module":"server","service":"verbyflow","timestamp":"2025-07-05 23:51:30"}
{"level":"info","message":"[TRACE] Received binary WebSocket message: 3068 bytes from user 7f003d4d-ebf9-451d-be08-5e81295f82de in call 2e51e2ee-f042-40d9-89dc-0d11c09b19f9","module":"server","service":"verbyflow","timestamp":"2025-07-05 23:51:30"}
{"level":"info","message":"[TRACE] Current pending metadata count: 0","module":"server","service":"verbyflow","timestamp":"2025-07-05 23:51:30"}
{"level":"warn","message":"[TRACE] Received binary data (3068 bytes) without metadata, ignoring","module":"server","service":"verbyflow","timestamp":"2025-07-05 23:51:30"}
{"level":"info","message":"[TRACE] Received binary WebSocket message: 92 bytes from user 7f003d4d-ebf9-451d-be08-5e81295f82de in call 2e51e2ee-f042-40d9-89dc-0d11c09b19f9","module":"server","service":"verbyflow","timestamp":"2025-07-05 23:51:31"}
{"level":"info","message":"[TRACE] Current pending metadata count: 0","module":"server","service":"verbyflow","timestamp":"2025-07-05 23:51:31"}
{"level":"warn","message":"[TRACE] Received binary data (92 bytes) without metadata, ignoring","module":"server","service":"verbyflow","timestamp":"2025-07-05 23:51:31"}
{"level":"info","message":"[TRACE] Received binary WebSocket message: 3264 bytes from user 7f003d4d-ebf9-451d-be08-5e81295f82de in call 2e51e2ee-f042-40d9-89dc-0d11c09b19f9","module":"server","service":"verbyflow","timestamp":"2025-07-05 23:51:31"}
{"level":"info","message":"[TRACE] Current pending metadata count: 0","module":"server","service":"verbyflow","timestamp":"2025-07-05 23:51:31"}
{"level":"warn","message":"[TRACE] Received binary data (3264 bytes) without metadata, ignoring","module":"server","service":"verbyflow","timestamp":"2025-07-05 23:51:31"}
{"level":"info","message":"[TRACE] Received binary WebSocket message: 91 bytes from user 7f003d4d-ebf9-451d-be08-5e81295f82de in call 2e51e2ee-f042-40d9-89dc-0d11c09b19f9","module":"server","service":"verbyflow","timestamp":"2025-07-05 23:51:31"}
{"level":"info","message":"[TRACE] Current pending metadata count: 0","module":"server","service":"verbyflow","timestamp":"2025-07-05 23:51:31"}
{"level":"warn","message":"[TRACE] Received binary data (91 bytes) without metadata, ignoring","module":"server","service":"verbyflow","timestamp":"2025-07-05 23:51:31"}
{"level":"info","message":"[TRACE] Received binary WebSocket message: 6332 bytes from user 7f003d4d-ebf9-451d-be08-5e81295f82de in call 2e51e2ee-f042-40d9-89dc-0d11c09b19f9","module":"server","service":"verbyflow","timestamp":"2025-07-05 23:51:31"}
{"level":"info","message":"[TRACE] Current pending metadata count: 0","module":"server","service":"verbyflow","timestamp":"2025-07-05 23:51:31"}
{"level":"warn","message":"[TRACE] Received binary data (6332 bytes) without metadata, ignoring","module":"server","service":"verbyflow","timestamp":"2025-07-05 23:51:31"}
{"level":"info","message":"[TRACE] Received binary WebSocket message: 92 bytes from user 7f003d4d-ebf9-451d-be08-5e81295f82de in call 2e51e2ee-f042-40d9-89dc-0d11c09b19f9","module":"server","service":"verbyflow","timestamp":"2025-07-05 23:51:32"}
{"level":"info","message":"[TRACE] Current pending metadata count: 0","module":"server","service":"verbyflow","timestamp":"2025-07-05 23:51:32"}
{"level":"warn","message":"[TRACE] Received binary data (92 bytes) without metadata, ignoring","module":"server","service":"verbyflow","timestamp":"2025-07-05 23:51:32"}
{"level":"info","message":"[TRACE] Received binary WebSocket message: 3264 bytes from user 7f003d4d-ebf9-451d-be08-5e81295f82de in call 2e51e2ee-f042-40d9-89dc-0d11c09b19f9","module":"server","service":"verbyflow","timestamp":"2025-07-05 23:51:32"}
{"level":"info","message":"[TRACE] Current pending metadata count: 0","module":"server","service":"verbyflow","timestamp":"2025-07-05 23:51:32"}
{"level":"warn","message":"[TRACE] Received binary data (3264 bytes) without metadata, ignoring","module":"server","service":"verbyflow","timestamp":"2025-07-05 23:51:32"}
{"level":"info","message":"[TRACE] Received binary WebSocket message: 92 bytes from user 7f003d4d-ebf9-451d-be08-5e81295f82de in call 2e51e2ee-f042-40d9-89dc-0d11c09b19f9","module":"server","service":"verbyflow","timestamp":"2025-07-05 23:51:33"}
{"level":"info","message":"[TRACE] Current pending metadata count: 0","module":"server","service":"verbyflow","timestamp":"2025-07-05 23:51:33"}
{"level":"warn","message":"[TRACE] Received binary data (92 bytes) without metadata, ignoring","module":"server","service":"verbyflow","timestamp":"2025-07-05 23:51:33"}
{"level":"info","message":"[TRACE] Received binary WebSocket message: 3264 bytes from user 7f003d4d-ebf9-451d-be08-5e81295f82de in call 2e51e2ee-f042-40d9-89dc-0d11c09b19f9","module":"server","service":"verbyflow","timestamp":"2025-07-05 23:51:33"}
{"level":"info","message":"[TRACE] Current pending metadata count: 0","module":"server","service":"verbyflow","timestamp":"2025-07-05 23:51:33"}
{"level":"warn","message":"[TRACE] Received binary data (3264 bytes) without metadata, ignoring","module":"server","service":"verbyflow","timestamp":"2025-07-05 23:51:33"}
{"level":"info","message":"[TRACE] Received binary WebSocket message: 92 bytes from user 7f003d4d-ebf9-451d-be08-5e81295f82de in call 2e51e2ee-f042-40d9-89dc-0d11c09b19f9","module":"server","service":"verbyflow","timestamp":"2025-07-05 23:51:34"}
{"level":"info","message":"[TRACE] Current pending metadata count: 0","module":"server","service":"verbyflow","timestamp":"2025-07-05 23:51:34"}
{"level":"warn","message":"[TRACE] Received binary data (92 bytes) without metadata, ignoring","module":"server","service":"verbyflow","timestamp":"2025-07-05 23:51:34"}
{"level":"info","message":"[TRACE] Received binary WebSocket message: 3106 bytes from user 7f003d4d-ebf9-451d-be08-5e81295f82de in call 2e51e2ee-f042-40d9-89dc-0d11c09b19f9","module":"server","service":"verbyflow","timestamp":"2025-07-05 23:51:34"}
{"level":"info","message":"[TRACE] Current pending metadata count: 0","module":"server","service":"verbyflow","timestamp":"2025-07-05 23:51:34"}
{"level":"warn","message":"[TRACE] Received binary data (3106 bytes) without metadata, ignoring","module":"server","service":"verbyflow","timestamp":"2025-07-05 23:51:34"}
{"level":"info","message":"[TRACE] Received binary WebSocket message: 92 bytes from user 7f003d4d-ebf9-451d-be08-5e81295f82de in call 2e51e2ee-f042-40d9-89dc-0d11c09b19f9","module":"server","service":"verbyflow","timestamp":"2025-07-05 23:51:35"}
{"level":"info","message":"[TRACE] Current pending metadata count: 0","module":"server","service":"verbyflow","timestamp":"2025-07-05 23:51:35"}
{"level":"warn","message":"[TRACE] Received binary data (92 bytes) without metadata, ignoring","module":"server","service":"verbyflow","timestamp":"2025-07-05 23:51:35"}
{"level":"info","message":"[TRACE] Received binary WebSocket message: 2924 bytes from user 7f003d4d-ebf9-451d-be08-5e81295f82de in call 2e51e2ee-f042-40d9-89dc-0d11c09b19f9","module":"server","service":"verbyflow","timestamp":"2025-07-05 23:51:35"}
{"level":"info","message":"[TRACE] Current pending metadata count: 0","module":"server","service":"verbyflow","timestamp":"2025-07-05 23:51:35"}
{"level":"warn","message":"[TRACE] Received binary data (2924 bytes) without metadata, ignoring","module":"server","service":"verbyflow","timestamp":"2025-07-05 23:51:35"}
{"level":"info","message":"[TRACE] Received binary WebSocket message: 91 bytes from user 7f003d4d-ebf9-451d-be08-5e81295f82de in call 2e51e2ee-f042-40d9-89dc-0d11c09b19f9","module":"server","service":"verbyflow","timestamp":"2025-07-05 23:51:35"}
{"level":"info","message":"[TRACE] Current pending metadata count: 0","module":"server","service":"verbyflow","timestamp":"2025-07-05 23:51:35"}
{"level":"warn","message":"[TRACE] Received binary data (91 bytes) without metadata, ignoring","module":"server","service":"verbyflow","timestamp":"2025-07-05 23:51:35"}
{"level":"info","message":"[TRACE] Received binary WebSocket message: 12558 bytes from user 7f003d4d-ebf9-451d-be08-5e81295f82de in call 2e51e2ee-f042-40d9-89dc-0d11c09b19f9","module":"server","service":"verbyflow","timestamp":"2025-07-05 23:51:35"}
{"level":"info","message":"[TRACE] Current pending metadata count: 0","module":"server","service":"verbyflow","timestamp":"2025-07-05 23:51:35"}
{"level":"warn","message":"[TRACE] Received binary data (12558 bytes) without metadata, ignoring","module":"server","service":"verbyflow","timestamp":"2025-07-05 23:51:35"}
{"level":"info","message":"[TRACE] Received binary WebSocket message: 92 bytes from user 7f003d4d-ebf9-451d-be08-5e81295f82de in call 2e51e2ee-f042-40d9-89dc-0d11c09b19f9","module":"server","service":"verbyflow","timestamp":"2025-07-05 23:51:36"}
{"level":"info","message":"[TRACE] Current pending metadata count: 0","module":"server","service":"verbyflow","timestamp":"2025-07-05 23:51:36"}
{"level":"warn","message":"[TRACE] Received binary data (92 bytes) without metadata, ignoring","module":"server","service":"verbyflow","timestamp":"2025-07-05 23:51:36"}
{"level":"info","message":"[TRACE] Received binary WebSocket message: 2765 bytes from user 7f003d4d-ebf9-451d-be08-5e81295f82de in call 2e51e2ee-f042-40d9-89dc-0d11c09b19f9","module":"server","service":"verbyflow","timestamp":"2025-07-05 23:51:36"}
{"level":"info","message":"[TRACE] Current pending metadata count: 0","module":"server","service":"verbyflow","timestamp":"2025-07-05 23:51:36"}
{"level":"warn","message":"[TRACE] Received binary data (2765 bytes) without metadata, ignoring","module":"server","service":"verbyflow","timestamp":"2025-07-05 23:51:36"}
{"level":"info","message":"[TRACE] Received binary WebSocket message: 92 bytes from user 7f003d4d-ebf9-451d-be08-5e81295f82de in call 2e51e2ee-f042-40d9-89dc-0d11c09b19f9","module":"server","service":"verbyflow","timestamp":"2025-07-05 23:51:37"}
{"level":"info","message":"[TRACE] Current pending metadata count: 0","module":"server","service":"verbyflow","timestamp":"2025-07-05 23:51:37"}
{"level":"warn","message":"[TRACE] Received binary data (92 bytes) without metadata, ignoring","module":"server","service":"verbyflow","timestamp":"2025-07-05 23:51:37"}
{"level":"info","message":"[TRACE] Received binary WebSocket message: 3046 bytes from user 7f003d4d-ebf9-451d-be08-5e81295f82de in call 2e51e2ee-f042-40d9-89dc-0d11c09b19f9","module":"server","service":"verbyflow","timestamp":"2025-07-05 23:51:37"}
{"level":"info","message":"[TRACE] Current pending metadata count: 0","module":"server","service":"verbyflow","timestamp":"2025-07-05 23:51:37"}
{"level":"warn","message":"[TRACE] Received binary data (3046 bytes) without metadata, ignoring","module":"server","service":"verbyflow","timestamp":"2025-07-05 23:51:37"}
{"level":"info","message":"[TRACE] Received binary WebSocket message: 92 bytes from user 7f003d4d-ebf9-451d-be08-5e81295f82de in call 2e51e2ee-f042-40d9-89dc-0d11c09b19f9","module":"server","service":"verbyflow","timestamp":"2025-07-05 23:51:38"}
{"level":"info","message":"[TRACE] Current pending metadata count: 0","module":"server","service":"verbyflow","timestamp":"2025-07-05 23:51:38"}
{"level":"warn","message":"[TRACE] Received binary data (92 bytes) without metadata, ignoring","module":"server","service":"verbyflow","timestamp":"2025-07-05 23:51:38"}
{"level":"info","message":"[TRACE] Received binary WebSocket message: 2993 bytes from user 7f003d4d-ebf9-451d-be08-5e81295f82de in call 2e51e2ee-f042-40d9-89dc-0d11c09b19f9","module":"server","service":"verbyflow","timestamp":"2025-07-05 23:51:38"}
{"level":"info","message":"[TRACE] Current pending metadata count: 0","module":"server","service":"verbyflow","timestamp":"2025-07-05 23:51:38"}
{"level":"warn","message":"[TRACE] Received binary data (2993 bytes) without metadata, ignoring","module":"server","service":"verbyflow","timestamp":"2025-07-05 23:51:38"}
{"level":"info","message":"[TRACE] Received binary WebSocket message: 91 bytes from user 7f003d4d-ebf9-451d-be08-5e81295f82de in call 2e51e2ee-f042-40d9-89dc-0d11c09b19f9","module":"server","service":"verbyflow","timestamp":"2025-07-05 23:51:39"}
{"level":"info","message":"[TRACE] Current pending metadata count: 0","module":"server","service":"verbyflow","timestamp":"2025-07-05 23:51:39"}
{"level":"warn","message":"[TRACE] Received binary data (91 bytes) without metadata, ignoring","module":"server","service":"verbyflow","timestamp":"2025-07-05 23:51:39"}
{"level":"info","message":"[TRACE] Received binary WebSocket message: 8804 bytes from user 7f003d4d-ebf9-451d-be08-5e81295f82de in call 2e51e2ee-f042-40d9-89dc-0d11c09b19f9","module":"server","service":"verbyflow","timestamp":"2025-07-05 23:51:39"}
{"level":"info","message":"[TRACE] Current pending metadata count: 0","module":"server","service":"verbyflow","timestamp":"2025-07-05 23:51:39"}
{"level":"warn","message":"[TRACE] Received binary data (8804 bytes) without metadata, ignoring","module":"server","service":"verbyflow","timestamp":"2025-07-05 23:51:39"}
{"level":"info","message":"[TRACE] Received binary WebSocket message: 92 bytes from user 7f003d4d-ebf9-451d-be08-5e81295f82de in call 2e51e2ee-f042-40d9-89dc-0d11c09b19f9","module":"server","service":"verbyflow","timestamp":"2025-07-05 23:51:39"}
{"level":"info","message":"[TRACE] Current pending metadata count: 0","module":"server","service":"verbyflow","timestamp":"2025-07-05 23:51:39"}
{"level":"warn","message":"[TRACE] Received binary data (92 bytes) without metadata, ignoring","module":"server","service":"verbyflow","timestamp":"2025-07-05 23:51:39"}
{"level":"info","message":"[TRACE] Received binary WebSocket message: 2774 bytes from user 7f003d4d-ebf9-451d-be08-5e81295f82de in call 2e51e2ee-f042-40d9-89dc-0d11c09b19f9","module":"server","service":"verbyflow","timestamp":"2025-07-05 23:51:39"}
{"level":"info","message":"[TRACE] Current pending metadata count: 0","module":"server","service":"verbyflow","timestamp":"2025-07-05 23:51:39"}
{"level":"warn","message":"[TRACE] Received binary data (2774 bytes) without metadata, ignoring","module":"server","service":"verbyflow","timestamp":"2025-07-05 23:51:39"}
{"level":"info","message":"[TRACE] Received binary WebSocket message: 92 bytes from user 7f003d4d-ebf9-451d-be08-5e81295f82de in call 2e51e2ee-f042-40d9-89dc-0d11c09b19f9","module":"server","service":"verbyflow","timestamp":"2025-07-05 23:51:40"}
{"level":"info","message":"[TRACE] Current pending metadata count: 0","module":"server","service":"verbyflow","timestamp":"2025-07-05 23:51:40"}
{"level":"warn","message":"[TRACE] Received binary data (92 bytes) without metadata, ignoring","module":"server","service":"verbyflow","timestamp":"2025-07-05 23:51:40"}
{"level":"info","message":"[TRACE] Received binary WebSocket message: 2699 bytes from user 7f003d4d-ebf9-451d-be08-5e81295f82de in call 2e51e2ee-f042-40d9-89dc-0d11c09b19f9","module":"server","service":"verbyflow","timestamp":"2025-07-05 23:51:40"}
{"level":"info","message":"[TRACE] Current pending metadata count: 0","module":"server","service":"verbyflow","timestamp":"2025-07-05 23:51:40"}
{"level":"warn","message":"[TRACE] Received binary data (2699 bytes) without metadata, ignoring","module":"server","service":"verbyflow","timestamp":"2025-07-05 23:51:40"}
{"level":"info","message":"[TRACE] Received binary WebSocket message: 92 bytes from user 7f003d4d-ebf9-451d-be08-5e81295f82de in call 2e51e2ee-f042-40d9-89dc-0d11c09b19f9","module":"server","service":"verbyflow","timestamp":"2025-07-05 23:51:41"}
{"level":"info","message":"[TRACE] Current pending metadata count: 0","module":"server","service":"verbyflow","timestamp":"2025-07-05 23:51:41"}
{"level":"warn","message":"[TRACE] Received binary data (92 bytes) without metadata, ignoring","module":"server","service":"verbyflow","timestamp":"2025-07-05 23:51:41"}
{"level":"info","message":"[TRACE] Received binary WebSocket message: 2879 bytes from user 7f003d4d-ebf9-451d-be08-5e81295f82de in call 2e51e2ee-f042-40d9-89dc-0d11c09b19f9","module":"server","service":"verbyflow","timestamp":"2025-07-05 23:51:41"}
{"level":"info","message":"[TRACE] Current pending metadata count: 0","module":"server","service":"verbyflow","timestamp":"2025-07-05 23:51:41"}
{"level":"warn","message":"[TRACE] Received binary data (2879 bytes) without metadata, ignoring","module":"server","service":"verbyflow","timestamp":"2025-07-05 23:51:41"}
{"level":"info","message":"[TRACE] Received binary WebSocket message: 92 bytes from user 7f003d4d-ebf9-451d-be08-5e81295f82de in call 2e51e2ee-f042-40d9-89dc-0d11c09b19f9","module":"server","service":"verbyflow","timestamp":"2025-07-05 23:51:42"}
{"level":"info","message":"[TRACE] Current pending metadata count: 0","module":"server","service":"verbyflow","timestamp":"2025-07-05 23:51:42"}
{"level":"warn","message":"[TRACE] Received binary data (92 bytes) without metadata, ignoring","module":"server","service":"verbyflow","timestamp":"2025-07-05 23:51:42"}
{"level":"info","message":"[TRACE] Received binary WebSocket message: 2788 bytes from user 7f003d4d-ebf9-451d-be08-5e81295f82de in call 2e51e2ee-f042-40d9-89dc-0d11c09b19f9","module":"server","service":"verbyflow","timestamp":"2025-07-05 23:51:42"}
{"level":"info","message":"[TRACE] Current pending metadata count: 0","module":"server","service":"verbyflow","timestamp":"2025-07-05 23:51:42"}
{"level":"warn","message":"[TRACE] Received binary data (2788 bytes) without metadata, ignoring","module":"server","service":"verbyflow","timestamp":"2025-07-05 23:51:42"}
{"level":"info","message":"[TRACE] Received binary WebSocket message: 92 bytes from user 7f003d4d-ebf9-451d-be08-5e81295f82de in call 2e51e2ee-f042-40d9-89dc-0d11c09b19f9","module":"server","service":"verbyflow","timestamp":"2025-07-05 23:51:43"}
{"level":"info","message":"[TRACE] Current pending metadata count: 0","module":"server","service":"verbyflow","timestamp":"2025-07-05 23:51:43"}
{"level":"warn","message":"[TRACE] Received binary data (92 bytes) without metadata, ignoring","module":"server","service":"verbyflow","timestamp":"2025-07-05 23:51:43"}
{"level":"info","message":"[TRACE] Received binary WebSocket message: 3016 bytes from user 7f003d4d-ebf9-451d-be08-5e81295f82de in call 2e51e2ee-f042-40d9-89dc-0d11c09b19f9","module":"server","service":"verbyflow","timestamp":"2025-07-05 23:51:43"}
{"level":"info","message":"[TRACE] Current pending metadata count: 0","module":"server","service":"verbyflow","timestamp":"2025-07-05 23:51:43"}
{"level":"warn","message":"[TRACE] Received binary data (3016 bytes) without metadata, ignoring","module":"server","service":"verbyflow","timestamp":"2025-07-05 23:51:43"}
{"level":"info","message":"[TRACE] Received binary WebSocket message: 92 bytes from user 7f003d4d-ebf9-451d-be08-5e81295f82de in call 2e51e2ee-f042-40d9-89dc-0d11c09b19f9","module":"server","service":"verbyflow","timestamp":"2025-07-05 23:51:44"}
{"level":"info","message":"[TRACE] Current pending metadata count: 0","module":"server","service":"verbyflow","timestamp":"2025-07-05 23:51:44"}
{"level":"warn","message":"[TRACE] Received binary data (92 bytes) without metadata, ignoring","module":"server","service":"verbyflow","timestamp":"2025-07-05 23:51:44"}
{"level":"info","message":"[TRACE] Received binary WebSocket message: 2987 bytes from user 7f003d4d-ebf9-451d-be08-5e81295f82de in call 2e51e2ee-f042-40d9-89dc-0d11c09b19f9","module":"server","service":"verbyflow","timestamp":"2025-07-05 23:51:44"}
{"level":"info","message":"[TRACE] Current pending metadata count: 0","module":"server","service":"verbyflow","timestamp":"2025-07-05 23:51:44"}
{"level":"warn","message":"[TRACE] Received binary data (2987 bytes) without metadata, ignoring","module":"server","service":"verbyflow","timestamp":"2025-07-05 23:51:44"}
{"level":"info","message":"[TRACE] Received binary WebSocket message: 91 bytes from user 7f003d4d-ebf9-451d-be08-5e81295f82de in call 2e51e2ee-f042-40d9-89dc-0d11c09b19f9","module":"server","service":"verbyflow","timestamp":"2025-07-05 23:51:44"}
{"level":"info","message":"[TRACE] Current pending metadata count: 0","module":"server","service":"verbyflow","timestamp":"2025-07-05 23:51:44"}
{"level":"warn","message":"[TRACE] Received binary data (91 bytes) without metadata, ignoring","module":"server","service":"verbyflow","timestamp":"2025-07-05 23:51:44"}
{"level":"info","message":"[TRACE] Received binary WebSocket message: 17143 bytes from user 7f003d4d-ebf9-451d-be08-5e81295f82de in call 2e51e2ee-f042-40d9-89dc-0d11c09b19f9","module":"server","service":"verbyflow","timestamp":"2025-07-05 23:51:44"}
{"level":"info","message":"[TRACE] Current pending metadata count: 0","module":"server","service":"verbyflow","timestamp":"2025-07-05 23:51:44"}
{"level":"warn","message":"[TRACE] Received binary data (17143 bytes) without metadata, ignoring","module":"server","service":"verbyflow","timestamp":"2025-07-05 23:51:44"}
{"level":"info","message":"[TRACE] Received binary WebSocket message: 92 bytes from user 7f003d4d-ebf9-451d-be08-5e81295f82de in call 2e51e2ee-f042-40d9-89dc-0d11c09b19f9","module":"server","service":"verbyflow","timestamp":"2025-07-05 23:51:45"}
{"level":"info","message":"[TRACE] Current pending metadata count: 0","module":"server","service":"verbyflow","timestamp":"2025-07-05 23:51:45"}
{"level":"warn","message":"[TRACE] Received binary data (92 bytes) without metadata, ignoring","module":"server","service":"verbyflow","timestamp":"2025-07-05 23:51:45"}
{"level":"info","message":"[TRACE] Received binary WebSocket message: 2755 bytes from user 7f003d4d-ebf9-451d-be08-5e81295f82de in call 2e51e2ee-f042-40d9-89dc-0d11c09b19f9","module":"server","service":"verbyflow","timestamp":"2025-07-05 23:51:45"}
{"level":"info","message":"[TRACE] Current pending metadata count: 0","module":"server","service":"verbyflow","timestamp":"2025-07-05 23:51:45"}
{"level":"warn","message":"[TRACE] Received binary data (2755 bytes) without metadata, ignoring","module":"server","service":"verbyflow","timestamp":"2025-07-05 23:51:45"}
{"level":"info","message":"[TRACE] Received binary WebSocket message: 92 bytes from user 7f003d4d-ebf9-451d-be08-5e81295f82de in call 2e51e2ee-f042-40d9-89dc-0d11c09b19f9","module":"server","service":"verbyflow","timestamp":"2025-07-05 23:51:46"}
{"level":"info","message":"[TRACE] Current pending metadata count: 0","module":"server","service":"verbyflow","timestamp":"2025-07-05 23:51:46"}
{"level":"warn","message":"[TRACE] Received binary data (92 bytes) without metadata, ignoring","module":"server","service":"verbyflow","timestamp":"2025-07-05 23:51:46"}
{"level":"info","message":"[TRACE] Received binary WebSocket message: 2781 bytes from user 7f003d4d-ebf9-451d-be08-5e81295f82de in call 2e51e2ee-f042-40d9-89dc-0d11c09b19f9","module":"server","service":"verbyflow","timestamp":"2025-07-05 23:51:46"}
{"level":"info","message":"[TRACE] Current pending metadata count: 0","module":"server","service":"verbyflow","timestamp":"2025-07-05 23:51:46"}
{"level":"warn","message":"[TRACE] Received binary data (2781 bytes) without metadata, ignoring","module":"server","service":"verbyflow","timestamp":"2025-07-05 23:51:46"}
{"level":"info","message":"[TRACE] Received binary WebSocket message: 92 bytes from user 7f003d4d-ebf9-451d-be08-5e81295f82de in call 2e51e2ee-f042-40d9-89dc-0d11c09b19f9","module":"server","service":"verbyflow","timestamp":"2025-07-05 23:51:47"}
{"level":"info","message":"[TRACE] Current pending metadata count: 0","module":"server","service":"verbyflow","timestamp":"2025-07-05 23:51:47"}
{"level":"warn","message":"[TRACE] Received binary data (92 bytes) without metadata, ignoring","module":"server","service":"verbyflow","timestamp":"2025-07-05 23:51:47"}
{"level":"info","message":"[TRACE] Received binary WebSocket message: 3016 bytes from user 7f003d4d-ebf9-451d-be08-5e81295f82de in call 2e51e2ee-f042-40d9-89dc-0d11c09b19f9","module":"server","service":"verbyflow","timestamp":"2025-07-05 23:51:47"}
{"level":"info","message":"[TRACE] Current pending metadata count: 0","module":"server","service":"verbyflow","timestamp":"2025-07-05 23:51:47"}
{"level":"warn","message":"[TRACE] Received binary data (3016 bytes) without metadata, ignoring","module":"server","service":"verbyflow","timestamp":"2025-07-05 23:51:47"}
{"level":"info","message":"[TRACE] Received binary WebSocket message: 91 bytes from user 7f003d4d-ebf9-451d-be08-5e81295f82de in call 2e51e2ee-f042-40d9-89dc-0d11c09b19f9","module":"server","service":"verbyflow","timestamp":"2025-07-05 23:51:47"}
{"level":"info","message":"[TRACE] Current pending metadata count: 0","module":"server","service":"verbyflow","timestamp":"2025-07-05 23:51:47"}
{"level":"warn","message":"[TRACE] Received binary data (91 bytes) without metadata, ignoring","module":"server","service":"verbyflow","timestamp":"2025-07-05 23:51:47"}
{"level":"info","message":"[TRACE] Received binary WebSocket message: 92 bytes from user 7f003d4d-ebf9-451d-be08-5e81295f82de in call 2e51e2ee-f042-40d9-89dc-0d11c09b19f9","module":"server","service":"verbyflow","timestamp":"2025-07-05 23:51:48"}
{"level":"info","message":"[TRACE] Current pending metadata count: 0","module":"server","service":"verbyflow","timestamp":"2025-07-05 23:51:48"}
{"level":"warn","message":"[TRACE] Received binary data (92 bytes) without metadata, ignoring","module":"server","service":"verbyflow","timestamp":"2025-07-05 23:51:48"}
{"level":"info","message":"[TRACE] Received binary WebSocket message: 8552 bytes from user 7f003d4d-ebf9-451d-be08-5e81295f82de in call 2e51e2ee-f042-40d9-89dc-0d11c09b19f9","module":"server","service":"verbyflow","timestamp":"2025-07-05 23:51:48"}
{"level":"info","message":"[TRACE] Current pending metadata count: 0","module":"server","service":"verbyflow","timestamp":"2025-07-05 23:51:48"}
{"level":"warn","message":"[TRACE] Received binary data (8552 bytes) without metadata, ignoring","module":"server","service":"verbyflow","timestamp":"2025-07-05 23:51:48"}
{"level":"info","message":"[TRACE] Received binary WebSocket message: 2735 bytes from user 7f003d4d-ebf9-451d-be08-5e81295f82de in call 2e51e2ee-f042-40d9-89dc-0d11c09b19f9","module":"server","service":"verbyflow","timestamp":"2025-07-05 23:51:48"}
{"level":"info","message":"[TRACE] Current pending metadata count: 0","module":"server","service":"verbyflow","timestamp":"2025-07-05 23:51:48"}
{"level":"warn","message":"[TRACE] Received binary data (2735 bytes) without metadata, ignoring","module":"server","service":"verbyflow","timestamp":"2025-07-05 23:51:48"}
{"level":"info","message":"[TRACE] Received binary WebSocket message: 92 bytes from user 7f003d4d-ebf9-451d-be08-5e81295f82de in call 2e51e2ee-f042-40d9-89dc-0d11c09b19f9","module":"server","service":"verbyflow","timestamp":"2025-07-05 23:51:49"}
{"level":"info","message":"[TRACE] Current pending metadata count: 0","module":"server","service":"verbyflow","timestamp":"2025-07-05 23:51:49"}
{"level":"warn","message":"[TRACE] Received binary data (92 bytes) without metadata, ignoring","module":"server","service":"verbyflow","timestamp":"2025-07-05 23:51:49"}
{"level":"info","message":"[TRACE] Received binary WebSocket message: 2704 bytes from user 7f003d4d-ebf9-451d-be08-5e81295f82de in call 2e51e2ee-f042-40d9-89dc-0d11c09b19f9","module":"server","service":"verbyflow","timestamp":"2025-07-05 23:51:49"}
{"level":"info","message":"[TRACE] Current pending metadata count: 0","module":"server","service":"verbyflow","timestamp":"2025-07-05 23:51:49"}
{"level":"warn","message":"[TRACE] Received binary data (2704 bytes) without metadata, ignoring","module":"server","service":"verbyflow","timestamp":"2025-07-05 23:51:49"}
{"level":"info","message":"[TRACE] Received binary WebSocket message: 92 bytes from user 7f003d4d-ebf9-451d-be08-5e81295f82de in call 2e51e2ee-f042-40d9-89dc-0d11c09b19f9","module":"server","service":"verbyflow","timestamp":"2025-07-05 23:51:50"}
{"level":"info","message":"[TRACE] Current pending metadata count: 0","module":"server","service":"verbyflow","timestamp":"2025-07-05 23:51:50"}
{"level":"warn","message":"[TRACE] Received binary data (92 bytes) without metadata, ignoring","module":"server","service":"verbyflow","timestamp":"2025-07-05 23:51:50"}
{"level":"info","message":"[TRACE] Received binary WebSocket message: 2874 bytes from user 7f003d4d-ebf9-451d-be08-5e81295f82de in call 2e51e2ee-f042-40d9-89dc-0d11c09b19f9","module":"server","service":"verbyflow","timestamp":"2025-07-05 23:51:50"}
{"level":"info","message":"[TRACE] Current pending metadata count: 0","module":"server","service":"verbyflow","timestamp":"2025-07-05 23:51:50"}
{"level":"warn","message":"[TRACE] Received binary data (2874 bytes) without metadata, ignoring","module":"server","service":"verbyflow","timestamp":"2025-07-05 23:51:50"}
{"level":"info","message":"[TRACE] Received binary WebSocket message: 92 bytes from user 7f003d4d-ebf9-451d-be08-5e81295f82de in call 2e51e2ee-f042-40d9-89dc-0d11c09b19f9","module":"server","service":"verbyflow","timestamp":"2025-07-05 23:51:51"}
{"level":"info","message":"[TRACE] Current pending metadata count: 0","module":"server","service":"verbyflow","timestamp":"2025-07-05 23:51:51"}
{"level":"warn","message":"[TRACE] Received binary data (92 bytes) without metadata, ignoring","module":"server","service":"verbyflow","timestamp":"2025-07-05 23:51:51"}
{"level":"info","message":"[TRACE] Received binary WebSocket message: 3094 bytes from user 7f003d4d-ebf9-451d-be08-5e81295f82de in call 2e51e2ee-f042-40d9-89dc-0d11c09b19f9","module":"server","service":"verbyflow","timestamp":"2025-07-05 23:51:51"}
{"level":"info","message":"[TRACE] Current pending metadata count: 0","module":"server","service":"verbyflow","timestamp":"2025-07-05 23:51:51"}
{"level":"warn","message":"[TRACE] Received binary data (3094 bytes) without metadata, ignoring","module":"server","service":"verbyflow","timestamp":"2025-07-05 23:51:51"}
{"level":"info","message":"[TRACE] Received binary WebSocket message: 92 bytes from user 7f003d4d-ebf9-451d-be08-5e81295f82de in call 2e51e2ee-f042-40d9-89dc-0d11c09b19f9","module":"server","service":"verbyflow","timestamp":"2025-07-05 23:51:52"}
{"level":"info","message":"[TRACE] Current pending metadata count: 0","module":"server","service":"verbyflow","timestamp":"2025-07-05 23:51:52"}
{"level":"warn","message":"[TRACE] Received binary data (92 bytes) without metadata, ignoring","module":"server","service":"verbyflow","timestamp":"2025-07-05 23:51:52"}
{"level":"info","message":"[TRACE] Received binary WebSocket message: 2931 bytes from user 7f003d4d-ebf9-451d-be08-5e81295f82de in call 2e51e2ee-f042-40d9-89dc-0d11c09b19f9","module":"server","service":"verbyflow","timestamp":"2025-07-05 23:51:52"}
{"level":"info","message":"[TRACE] Current pending metadata count: 0","module":"server","service":"verbyflow","timestamp":"2025-07-05 23:51:52"}
{"level":"warn","message":"[TRACE] Received binary data (2931 bytes) without metadata, ignoring","module":"server","service":"verbyflow","timestamp":"2025-07-05 23:51:52"}
{"level":"info","message":"[TRACE] Received binary WebSocket message: 92 bytes from user 7f003d4d-ebf9-451d-be08-5e81295f82de in call 2e51e2ee-f042-40d9-89dc-0d11c09b19f9","module":"server","service":"verbyflow","timestamp":"2025-07-05 23:51:53"}
{"level":"info","message":"[TRACE] Current pending metadata count: 0","module":"server","service":"verbyflow","timestamp":"2025-07-05 23:51:53"}
{"level":"warn","message":"[TRACE] Received binary data (92 bytes) without metadata, ignoring","module":"server","service":"verbyflow","timestamp":"2025-07-05 23:51:53"}
{"level":"info","message":"[TRACE] Received binary WebSocket message: 2702 bytes from user 7f003d4d-ebf9-451d-be08-5e81295f82de in call 2e51e2ee-f042-40d9-89dc-0d11c09b19f9","module":"server","service":"verbyflow","timestamp":"2025-07-05 23:51:53"}
{"level":"info","message":"[TRACE] Current pending metadata count: 0","module":"server","service":"verbyflow","timestamp":"2025-07-05 23:51:53"}
{"level":"warn","message":"[TRACE] Received binary data (2702 bytes) without metadata, ignoring","module":"server","service":"verbyflow","timestamp":"2025-07-05 23:51:53"}
{"level":"info","message":"[TRACE] Received binary WebSocket message: 92 bytes from user 7f003d4d-ebf9-451d-be08-5e81295f82de in call 2e51e2ee-f042-40d9-89dc-0d11c09b19f9","module":"server","service":"verbyflow","timestamp":"2025-07-05 23:51:54"}
{"level":"info","message":"[TRACE] Current pending metadata count: 0","module":"server","service":"verbyflow","timestamp":"2025-07-05 23:51:54"}
{"level":"warn","message":"[TRACE] Received binary data (92 bytes) without metadata, ignoring","module":"server","service":"verbyflow","timestamp":"2025-07-05 23:51:54"}
{"level":"info","message":"[TRACE] Received binary WebSocket message: 2725 bytes from user 7f003d4d-ebf9-451d-be08-5e81295f82de in call 2e51e2ee-f042-40d9-89dc-0d11c09b19f9","module":"server","service":"verbyflow","timestamp":"2025-07-05 23:51:54"}
{"level":"info","message":"[TRACE] Current pending metadata count: 0","module":"server","service":"verbyflow","timestamp":"2025-07-05 23:51:54"}
{"level":"warn","message":"[TRACE] Received binary data (2725 bytes) without metadata, ignoring","module":"server","service":"verbyflow","timestamp":"2025-07-05 23:51:54"}
{"level":"info","message":"[TRACE] Received binary WebSocket message: 92 bytes from user 7f003d4d-ebf9-451d-be08-5e81295f82de in call 2e51e2ee-f042-40d9-89dc-0d11c09b19f9","module":"server","service":"verbyflow","timestamp":"2025-07-05 23:51:55"}
{"level":"info","message":"[TRACE] Current pending metadata count: 0","module":"server","service":"verbyflow","timestamp":"2025-07-05 23:51:55"}
{"level":"warn","message":"[TRACE] Received binary data (92 bytes) without metadata, ignoring","module":"server","service":"verbyflow","timestamp":"2025-07-05 23:51:55"}
{"level":"info","message":"[TRACE] Received binary WebSocket message: 2772 bytes from user 7f003d4d-ebf9-451d-be08-5e81295f82de in call 2e51e2ee-f042-40d9-89dc-0d11c09b19f9","module":"server","service":"verbyflow","timestamp":"2025-07-05 23:51:55"}
{"level":"info","message":"[TRACE] Current pending metadata count: 0","module":"server","service":"verbyflow","timestamp":"2025-07-05 23:51:55"}
{"level":"warn","message":"[TRACE] Received binary data (2772 bytes) without metadata, ignoring","module":"server","service":"verbyflow","timestamp":"2025-07-05 23:51:55"}
{"level":"info","message":"[TRACE] Received binary WebSocket message: 92 bytes from user 7f003d4d-ebf9-451d-be08-5e81295f82de in call 2e51e2ee-f042-40d9-89dc-0d11c09b19f9","module":"server","service":"verbyflow","timestamp":"2025-07-05 23:51:56"}
{"level":"info","message":"[TRACE] Current pending metadata count: 0","module":"server","service":"verbyflow","timestamp":"2025-07-05 23:51:56"}
{"level":"warn","message":"[TRACE] Received binary data (92 bytes) without metadata, ignoring","module":"server","service":"verbyflow","timestamp":"2025-07-05 23:51:56"}
{"level":"info","message":"[TRACE] Received binary WebSocket message: 2806 bytes from user 7f003d4d-ebf9-451d-be08-5e81295f82de in call 2e51e2ee-f042-40d9-89dc-0d11c09b19f9","module":"server","service":"verbyflow","timestamp":"2025-07-05 23:51:56"}
{"level":"info","message":"[TRACE] Current pending metadata count: 0","module":"server","service":"verbyflow","timestamp":"2025-07-05 23:51:56"}
{"level":"warn","message":"[TRACE] Received binary data (2806 bytes) without metadata, ignoring","module":"server","service":"verbyflow","timestamp":"2025-07-05 23:51:56"}
{"level":"info","message":"[TRACE] Received binary WebSocket message: 92 bytes from user 7f003d4d-ebf9-451d-be08-5e81295f82de in call 2e51e2ee-f042-40d9-89dc-0d11c09b19f9","module":"server","service":"verbyflow","timestamp":"2025-07-05 23:51:57"}
{"level":"info","message":"[TRACE] Current pending metadata count: 0","module":"server","service":"verbyflow","timestamp":"2025-07-05 23:51:57"}
{"level":"warn","message":"[TRACE] Received binary data (92 bytes) without metadata, ignoring","module":"server","service":"verbyflow","timestamp":"2025-07-05 23:51:57"}
{"level":"info","message":"[TRACE] Received binary WebSocket message: 2815 bytes from user 7f003d4d-ebf9-451d-be08-5e81295f82de in call 2e51e2ee-f042-40d9-89dc-0d11c09b19f9","module":"server","service":"verbyflow","timestamp":"2025-07-05 23:51:57"}
{"level":"info","message":"[TRACE] Current pending metadata count: 0","module":"server","service":"verbyflow","timestamp":"2025-07-05 23:51:57"}
{"level":"warn","message":"[TRACE] Received binary data (2815 bytes) without metadata, ignoring","module":"server","service":"verbyflow","timestamp":"2025-07-05 23:51:57"}
{"level":"info","message":"[TRACE] Received binary WebSocket message: 92 bytes from user 7f003d4d-ebf9-451d-be08-5e81295f82de in call 2e51e2ee-f042-40d9-89dc-0d11c09b19f9","module":"server","service":"verbyflow","timestamp":"2025-07-05 23:51:58"}
{"level":"info","message":"[TRACE] Current pending metadata count: 0","module":"server","service":"verbyflow","timestamp":"2025-07-05 23:51:58"}
{"level":"warn","message":"[TRACE] Received binary data (92 bytes) without metadata, ignoring","module":"server","service":"verbyflow","timestamp":"2025-07-05 23:51:58"}
{"level":"info","message":"[TRACE] Received binary WebSocket message: 2718 bytes from user 7f003d4d-ebf9-451d-be08-5e81295f82de in call 2e51e2ee-f042-40d9-89dc-0d11c09b19f9","module":"server","service":"verbyflow","timestamp":"2025-07-05 23:51:58"}
{"level":"info","message":"[TRACE] Current pending metadata count: 0","module":"server","service":"verbyflow","timestamp":"2025-07-05 23:51:58"}
{"level":"warn","message":"[TRACE] Received binary data (2718 bytes) without metadata, ignoring","module":"server","service":"verbyflow","timestamp":"2025-07-05 23:51:58"}
{"level":"info","message":"[TRACE] Received binary WebSocket message: 92 bytes from user 7f003d4d-ebf9-451d-be08-5e81295f82de in call 2e51e2ee-f042-40d9-89dc-0d11c09b19f9","module":"server","service":"verbyflow","timestamp":"2025-07-05 23:51:59"}
{"level":"info","message":"[TRACE] Current pending metadata count: 0","module":"server","service":"verbyflow","timestamp":"2025-07-05 23:51:59"}
{"level":"warn","message":"[TRACE] Received binary data (92 bytes) without metadata, ignoring","module":"server","service":"verbyflow","timestamp":"2025-07-05 23:51:59"}
{"level":"info","message":"[TRACE] Received binary WebSocket message: 2718 bytes from user 7f003d4d-ebf9-451d-be08-5e81295f82de in call 2e51e2ee-f042-40d9-89dc-0d11c09b19f9","module":"server","service":"verbyflow","timestamp":"2025-07-05 23:51:59"}
{"level":"info","message":"[TRACE] Current pending metadata count: 0","module":"server","service":"verbyflow","timestamp":"2025-07-05 23:51:59"}
{"level":"warn","message":"[TRACE] Received binary data (2718 bytes) without metadata, ignoring","module":"server","service":"verbyflow","timestamp":"2025-07-05 23:51:59"}
{"level":"info","message":"[TRACE] Received binary WebSocket message: 92 bytes from user 7f003d4d-ebf9-451d-be08-5e81295f82de in call 2e51e2ee-f042-40d9-89dc-0d11c09b19f9","module":"server","service":"verbyflow","timestamp":"2025-07-05 23:52:00"}
{"level":"info","message":"[TRACE] Current pending metadata count: 0","module":"server","service":"verbyflow","timestamp":"2025-07-05 23:52:00"}
{"level":"warn","message":"[TRACE] Received binary data (92 bytes) without metadata, ignoring","module":"server","service":"verbyflow","timestamp":"2025-07-05 23:52:00"}
{"level":"info","message":"[TRACE] Received binary WebSocket message: 2771 bytes from user 7f003d4d-ebf9-451d-be08-5e81295f82de in call 2e51e2ee-f042-40d9-89dc-0d11c09b19f9","module":"server","service":"verbyflow","timestamp":"2025-07-05 23:52:00"}
{"level":"info","message":"[TRACE] Current pending metadata count: 0","module":"server","service":"verbyflow","timestamp":"2025-07-05 23:52:00"}
{"level":"warn","message":"[TRACE] Received binary data (2771 bytes) without metadata, ignoring","module":"server","service":"verbyflow","timestamp":"2025-07-05 23:52:00"}
{"level":"info","message":"[TRACE] Received binary WebSocket message: 92 bytes from user 7f003d4d-ebf9-451d-be08-5e81295f82de in call 2e51e2ee-f042-40d9-89dc-0d11c09b19f9","module":"server","service":"verbyflow","timestamp":"2025-07-05 23:52:01"}
{"level":"info","message":"[TRACE] Current pending metadata count: 0","module":"server","service":"verbyflow","timestamp":"2025-07-05 23:52:01"}
{"level":"warn","message":"[TRACE] Received binary data (92 bytes) without metadata, ignoring","module":"server","service":"verbyflow","timestamp":"2025-07-05 23:52:01"}
{"level":"info","message":"[TRACE] Received binary WebSocket message: 2747 bytes from user 7f003d4d-ebf9-451d-be08-5e81295f82de in call 2e51e2ee-f042-40d9-89dc-0d11c09b19f9","module":"server","service":"verbyflow","timestamp":"2025-07-05 23:52:01"}
{"level":"info","message":"[TRACE] Current pending metadata count: 0","module":"server","service":"verbyflow","timestamp":"2025-07-05 23:52:01"}
{"level":"warn","message":"[TRACE] Received binary data (2747 bytes) without metadata, ignoring","module":"server","service":"verbyflow","timestamp":"2025-07-05 23:52:01"}
{"level":"info","message":"[TRACE] Received binary WebSocket message: 92 bytes from user 7f003d4d-ebf9-451d-be08-5e81295f82de in call 2e51e2ee-f042-40d9-89dc-0d11c09b19f9","module":"server","service":"verbyflow","timestamp":"2025-07-05 23:52:02"}
{"level":"info","message":"[TRACE] Current pending metadata count: 0","module":"server","service":"verbyflow","timestamp":"2025-07-05 23:52:02"}
{"level":"warn","message":"[TRACE] Received binary data (92 bytes) without metadata, ignoring","module":"server","service":"verbyflow","timestamp":"2025-07-05 23:52:02"}
{"level":"info","message":"[TRACE] Received binary WebSocket message: 2734 bytes from user 7f003d4d-ebf9-451d-be08-5e81295f82de in call 2e51e2ee-f042-40d9-89dc-0d11c09b19f9","module":"server","service":"verbyflow","timestamp":"2025-07-05 23:52:02"}
{"level":"info","message":"[TRACE] Current pending metadata count: 0","module":"server","service":"verbyflow","timestamp":"2025-07-05 23:52:02"}
{"level":"warn","message":"[TRACE] Received binary data (2734 bytes) without metadata, ignoring","module":"server","service":"verbyflow","timestamp":"2025-07-05 23:52:02"}
{"level":"info","message":"[TRACE] Received binary WebSocket message: 92 bytes from user 7f003d4d-ebf9-451d-be08-5e81295f82de in call 2e51e2ee-f042-40d9-89dc-0d11c09b19f9","module":"server","service":"verbyflow","timestamp":"2025-07-05 23:52:03"}
{"level":"info","message":"[TRACE] Current pending metadata count: 0","module":"server","service":"verbyflow","timestamp":"2025-07-05 23:52:03"}
{"level":"warn","message":"[TRACE] Received binary data (92 bytes) without metadata, ignoring","module":"server","service":"verbyflow","timestamp":"2025-07-05 23:52:03"}
{"level":"info","message":"[TRACE] Received binary WebSocket message: 2809 bytes from user 7f003d4d-ebf9-451d-be08-5e81295f82de in call 2e51e2ee-f042-40d9-89dc-0d11c09b19f9","module":"server","service":"verbyflow","timestamp":"2025-07-05 23:52:03"}
{"level":"info","message":"[TRACE] Current pending metadata count: 0","module":"server","service":"verbyflow","timestamp":"2025-07-05 23:52:03"}
{"level":"warn","message":"[TRACE] Received binary data (2809 bytes) without metadata, ignoring","module":"server","service":"verbyflow","timestamp":"2025-07-05 23:52:03"}
{"level":"info","message":"[TRACE] Received binary WebSocket message: 92 bytes from user 7f003d4d-ebf9-451d-be08-5e81295f82de in call 2e51e2ee-f042-40d9-89dc-0d11c09b19f9","module":"server","service":"verbyflow","timestamp":"2025-07-05 23:52:04"}
{"level":"info","message":"[TRACE] Current pending metadata count: 0","module":"server","service":"verbyflow","timestamp":"2025-07-05 23:52:04"}
{"level":"warn","message":"[TRACE] Received binary data (92 bytes) without metadata, ignoring","module":"server","service":"verbyflow","timestamp":"2025-07-05 23:52:04"}
{"level":"info","message":"[TRACE] Received binary WebSocket message: 2793 bytes from user 7f003d4d-ebf9-451d-be08-5e81295f82de in call 2e51e2ee-f042-40d9-89dc-0d11c09b19f9","module":"server","service":"verbyflow","timestamp":"2025-07-05 23:52:04"}
{"level":"info","message":"[TRACE] Current pending metadata count: 0","module":"server","service":"verbyflow","timestamp":"2025-07-05 23:52:04"}
{"level":"warn","message":"[TRACE] Received binary data (2793 bytes) without metadata, ignoring","module":"server","service":"verbyflow","timestamp":"2025-07-05 23:52:04"}
{"level":"info","message":"[TRACE] Received binary WebSocket message: 92 bytes from user 7f003d4d-ebf9-451d-be08-5e81295f82de in call 2e51e2ee-f042-40d9-89dc-0d11c09b19f9","module":"server","service":"verbyflow","timestamp":"2025-07-05 23:52:05"}
{"level":"info","message":"[TRACE] Current pending metadata count: 0","module":"server","service":"verbyflow","timestamp":"2025-07-05 23:52:05"}
{"level":"warn","message":"[TRACE] Received binary data (92 bytes) without metadata, ignoring","module":"server","service":"verbyflow","timestamp":"2025-07-05 23:52:05"}
{"level":"info","message":"[TRACE] Received binary WebSocket message: 2807 bytes from user 7f003d4d-ebf9-451d-be08-5e81295f82de in call 2e51e2ee-f042-40d9-89dc-0d11c09b19f9","module":"server","service":"verbyflow","timestamp":"2025-07-05 23:52:05"}
{"level":"info","message":"[TRACE] Current pending metadata count: 0","module":"server","service":"verbyflow","timestamp":"2025-07-05 23:52:05"}
{"level":"warn","message":"[TRACE] Received binary data (2807 bytes) without metadata, ignoring","module":"server","service":"verbyflow","timestamp":"2025-07-05 23:52:05"}
{"level":"info","message":"[TRACE] Received binary WebSocket message: 92 bytes from user 7f003d4d-ebf9-451d-be08-5e81295f82de in call 2e51e2ee-f042-40d9-89dc-0d11c09b19f9","module":"server","service":"verbyflow","timestamp":"2025-07-05 23:52:06"}
{"level":"info","message":"[TRACE] Current pending metadata count: 0","module":"server","service":"verbyflow","timestamp":"2025-07-05 23:52:06"}
{"level":"warn","message":"[TRACE] Received binary data (92 bytes) without metadata, ignoring","module":"server","service":"verbyflow","timestamp":"2025-07-05 23:52:06"}
{"level":"info","message":"[TRACE] Received binary WebSocket message: 2963 bytes from user 7f003d4d-ebf9-451d-be08-5e81295f82de in call 2e51e2ee-f042-40d9-89dc-0d11c09b19f9","module":"server","service":"verbyflow","timestamp":"2025-07-05 23:52:06"}
{"level":"info","message":"[TRACE] Current pending metadata count: 0","module":"server","service":"verbyflow","timestamp":"2025-07-05 23:52:06"}
{"level":"warn","message":"[TRACE] Received binary data (2963 bytes) without metadata, ignoring","module":"server","service":"verbyflow","timestamp":"2025-07-05 23:52:06"}
{"level":"info","message":"[TRACE] Received binary WebSocket message: 92 bytes from user 7f003d4d-ebf9-451d-be08-5e81295f82de in call 2e51e2ee-f042-40d9-89dc-0d11c09b19f9","module":"server","service":"verbyflow","timestamp":"2025-07-05 23:52:07"}
{"level":"info","message":"[TRACE] Current pending metadata count: 0","module":"server","service":"verbyflow","timestamp":"2025-07-05 23:52:07"}
{"level":"warn","message":"[TRACE] Received binary data (92 bytes) without metadata, ignoring","module":"server","service":"verbyflow","timestamp":"2025-07-05 23:52:07"}
{"level":"info","message":"[TRACE] Received binary WebSocket message: 3069 bytes from user 7f003d4d-ebf9-451d-be08-5e81295f82de in call 2e51e2ee-f042-40d9-89dc-0d11c09b19f9","module":"server","service":"verbyflow","timestamp":"2025-07-05 23:52:07"}
{"level":"info","message":"[TRACE] Current pending metadata count: 0","module":"server","service":"verbyflow","timestamp":"2025-07-05 23:52:07"}
{"level":"warn","message":"[TRACE] Received binary data (3069 bytes) without metadata, ignoring","module":"server","service":"verbyflow","timestamp":"2025-07-05 23:52:07"}
{"level":"info","message":"[TRACE] Received binary WebSocket message: 91 bytes from user 7f003d4d-ebf9-451d-be08-5e81295f82de in call 2e51e2ee-f042-40d9-89dc-0d11c09b19f9","module":"server","service":"verbyflow","timestamp":"2025-07-05 23:52:08"}
{"level":"info","message":"[TRACE] Current pending metadata count: 0","module":"server","service":"verbyflow","timestamp":"2025-07-05 23:52:08"}
{"level":"warn","message":"[TRACE] Received binary data (91 bytes) without metadata, ignoring","module":"server","service":"verbyflow","timestamp":"2025-07-05 23:52:08"}
{"level":"info","message":"[TRACE] Received binary WebSocket message: 56287 bytes from user 7f003d4d-ebf9-451d-be08-5e81295f82de in call 2e51e2ee-f042-40d9-89dc-0d11c09b19f9","module":"server","service":"verbyflow","timestamp":"2025-07-05 23:52:08"}
{"level":"info","message":"[TRACE] Current pending metadata count: 0","module":"server","service":"verbyflow","timestamp":"2025-07-05 23:52:08"}
{"level":"warn","message":"[TRACE] Received binary data (56287 bytes) without metadata, ignoring","module":"server","service":"verbyflow","timestamp":"2025-07-05 23:52:08"}
{"level":"info","message":"[TRACE] Received binary WebSocket message: 92 bytes from user 7f003d4d-ebf9-451d-be08-5e81295f82de in call 2e51e2ee-f042-40d9-89dc-0d11c09b19f9","module":"server","service":"verbyflow","timestamp":"2025-07-05 23:52:08"}
{"level":"info","message":"[TRACE] Current pending metadata count: 0","module":"server","service":"verbyflow","timestamp":"2025-07-05 23:52:08"}
{"level":"warn","message":"[TRACE] Received binary data (92 bytes) without metadata, ignoring","module":"server","service":"verbyflow","timestamp":"2025-07-05 23:52:08"}
{"level":"info","message":"[TRACE] Received binary WebSocket message: 2681 bytes from user 7f003d4d-ebf9-451d-be08-5e81295f82de in call 2e51e2ee-f042-40d9-89dc-0d11c09b19f9","module":"server","service":"verbyflow","timestamp":"2025-07-05 23:52:09"}
{"level":"info","message":"[TRACE] Current pending metadata count: 0","module":"server","service":"verbyflow","timestamp":"2025-07-05 23:52:09"}
{"level":"warn","message":"[TRACE] Received binary data (2681 bytes) without metadata, ignoring","module":"server","service":"verbyflow","timestamp":"2025-07-05 23:52:09"}
{"level":"info","message":"[TRACE] Received binary WebSocket message: 92 bytes from user 7f003d4d-ebf9-451d-be08-5e81295f82de in call 2e51e2ee-f042-40d9-89dc-0d11c09b19f9","module":"server","service":"verbyflow","timestamp":"2025-07-05 23:52:09"}
{"level":"info","message":"[TRACE] Current pending metadata count: 0","module":"server","service":"verbyflow","timestamp":"2025-07-05 23:52:09"}
{"level":"warn","message":"[TRACE] Received binary data (92 bytes) without metadata, ignoring","module":"server","service":"verbyflow","timestamp":"2025-07-05 23:52:09"}
{"level":"info","message":"[TRACE] Received binary WebSocket message: 2684 bytes from user 7f003d4d-ebf9-451d-be08-5e81295f82de in call 2e51e2ee-f042-40d9-89dc-0d11c09b19f9","module":"server","service":"verbyflow","timestamp":"2025-07-05 23:52:10"}
{"level":"info","message":"[TRACE] Current pending metadata count: 0","module":"server","service":"verbyflow","timestamp":"2025-07-05 23:52:10"}
{"level":"warn","message":"[TRACE] Received binary data (2684 bytes) without metadata, ignoring","module":"server","service":"verbyflow","timestamp":"2025-07-05 23:52:10"}
{"level":"info","message":"[TRACE] Received binary WebSocket message: 92 bytes from user 7f003d4d-ebf9-451d-be08-5e81295f82de in call 2e51e2ee-f042-40d9-89dc-0d11c09b19f9","module":"server","service":"verbyflow","timestamp":"2025-07-05 23:52:10"}
{"level":"info","message":"[TRACE] Current pending metadata count: 0","module":"server","service":"verbyflow","timestamp":"2025-07-05 23:52:10"}
{"level":"warn","message":"[TRACE] Received binary data (92 bytes) without metadata, ignoring","module":"server","service":"verbyflow","timestamp":"2025-07-05 23:52:10"}
{"level":"info","message":"[TRACE] Received binary WebSocket message: 2801 bytes from user 7f003d4d-ebf9-451d-be08-5e81295f82de in call 2e51e2ee-f042-40d9-89dc-0d11c09b19f9","module":"server","service":"verbyflow","timestamp":"2025-07-05 23:52:11"}
{"level":"info","message":"[TRACE] Current pending metadata count: 0","module":"server","service":"verbyflow","timestamp":"2025-07-05 23:52:11"}
{"level":"warn","message":"[TRACE] Received binary data (2801 bytes) without metadata, ignoring","module":"server","service":"verbyflow","timestamp":"2025-07-05 23:52:11"}
{"level":"info","message":"[TRACE] Received binary WebSocket message: 92 bytes from user 7f003d4d-ebf9-451d-be08-5e81295f82de in call 2e51e2ee-f042-40d9-89dc-0d11c09b19f9","module":"server","service":"verbyflow","timestamp":"2025-07-05 23:52:11"}
{"level":"info","message":"[TRACE] Current pending metadata count: 0","module":"server","service":"verbyflow","timestamp":"2025-07-05 23:52:11"}
{"level":"warn","message":"[TRACE] Received binary data (92 bytes) without metadata, ignoring","module":"server","service":"verbyflow","timestamp":"2025-07-05 23:52:11"}
{"level":"info","message":"[TRACE] Received binary WebSocket message: 2704 bytes from user 7f003d4d-ebf9-451d-be08-5e81295f82de in call 2e51e2ee-f042-40d9-89dc-0d11c09b19f9","module":"server","service":"verbyflow","timestamp":"2025-07-05 23:52:12"}
{"level":"info","message":"[TRACE] Current pending metadata count: 0","module":"server","service":"verbyflow","timestamp":"2025-07-05 23:52:12"}
{"level":"warn","message":"[TRACE] Received binary data (2704 bytes) without metadata, ignoring","module":"server","service":"verbyflow","timestamp":"2025-07-05 23:52:12"}
{"level":"info","message":"[TRACE] Received binary WebSocket message: 92 bytes from user 7f003d4d-ebf9-451d-be08-5e81295f82de in call 2e51e2ee-f042-40d9-89dc-0d11c09b19f9","module":"server","service":"verbyflow","timestamp":"2025-07-05 23:52:12"}
{"level":"info","message":"[TRACE] Current pending metadata count: 0","module":"server","service":"verbyflow","timestamp":"2025-07-05 23:52:12"}
{"level":"warn","message":"[TRACE] Received binary data (92 bytes) without metadata, ignoring","module":"server","service":"verbyflow","timestamp":"2025-07-05 23:52:12"}
{"level":"info","message":"[TRACE] Received binary WebSocket message: 2771 bytes from user 7f003d4d-ebf9-451d-be08-5e81295f82de in call 2e51e2ee-f042-40d9-89dc-0d11c09b19f9","module":"server","service":"verbyflow","timestamp":"2025-07-05 23:52:13"}
{"level":"info","message":"[TRACE] Current pending metadata count: 0","module":"server","service":"verbyflow","timestamp":"2025-07-05 23:52:13"}
{"level":"warn","message":"[TRACE] Received binary data (2771 bytes) without metadata, ignoring","module":"server","service":"verbyflow","timestamp":"2025-07-05 23:52:13"}
{"level":"info","message":"[TRACE] Received binary WebSocket message: 92 bytes from user 7f003d4d-ebf9-451d-be08-5e81295f82de in call 2e51e2ee-f042-40d9-89dc-0d11c09b19f9","module":"server","service":"verbyflow","timestamp":"2025-07-05 23:52:13"}
{"level":"info","message":"[TRACE] Current pending metadata count: 0","module":"server","service":"verbyflow","timestamp":"2025-07-05 23:52:13"}
{"level":"warn","message":"[TRACE] Received binary data (92 bytes) without metadata, ignoring","module":"server","service":"verbyflow","timestamp":"2025-07-05 23:52:13"}
{"level":"info","message":"[TRACE] Received binary WebSocket message: 2838 bytes from user 7f003d4d-ebf9-451d-be08-5e81295f82de in call 2e51e2ee-f042-40d9-89dc-0d11c09b19f9","module":"server","service":"verbyflow","timestamp":"2025-07-05 23:52:14"}
{"level":"info","message":"[TRACE] Current pending metadata count: 0","module":"server","service":"verbyflow","timestamp":"2025-07-05 23:52:14"}
{"level":"warn","message":"[TRACE] Received binary data (2838 bytes) without metadata, ignoring","module":"server","service":"verbyflow","timestamp":"2025-07-05 23:52:14"}
{"level":"info","message":"[TRACE] Received binary WebSocket message: 92 bytes from user 7f003d4d-ebf9-451d-be08-5e81295f82de in call 2e51e2ee-f042-40d9-89dc-0d11c09b19f9","module":"server","service":"verbyflow","timestamp":"2025-07-05 23:52:14"}
{"level":"info","message":"[TRACE] Current pending metadata count: 0","module":"server","service":"verbyflow","timestamp":"2025-07-05 23:52:14"}
{"level":"warn","message":"[TRACE] Received binary data (92 bytes) without metadata, ignoring","module":"server","service":"verbyflow","timestamp":"2025-07-05 23:52:14"}
{"level":"info","message":"[TRACE] Received binary WebSocket message: 2774 bytes from user 7f003d4d-ebf9-451d-be08-5e81295f82de in call 2e51e2ee-f042-40d9-89dc-0d11c09b19f9","module":"server","service":"verbyflow","timestamp":"2025-07-05 23:52:15"}
{"level":"info","message":"[TRACE] Current pending metadata count: 0","module":"server","service":"verbyflow","timestamp":"2025-07-05 23:52:15"}
{"level":"warn","message":"[TRACE] Received binary data (2774 bytes) without metadata, ignoring","module":"server","service":"verbyflow","timestamp":"2025-07-05 23:52:15"}
{"level":"info","message":"[TRACE] Received binary WebSocket message: 92 bytes from user 7f003d4d-ebf9-451d-be08-5e81295f82de in call 2e51e2ee-f042-40d9-89dc-0d11c09b19f9","module":"server","service":"verbyflow","timestamp":"2025-07-05 23:52:15"}
{"level":"info","message":"[TRACE] Current pending metadata count: 0","module":"server","service":"verbyflow","timestamp":"2025-07-05 23:52:15"}
{"level":"warn","message":"[TRACE] Received binary data (92 bytes) without metadata, ignoring","module":"server","service":"verbyflow","timestamp":"2025-07-05 23:52:15"}
{"level":"info","message":"[TRACE] Received binary WebSocket message: 2750 bytes from user 7f003d4d-ebf9-451d-be08-5e81295f82de in call 2e51e2ee-f042-40d9-89dc-0d11c09b19f9","module":"server","service":"verbyflow","timestamp":"2025-07-05 23:52:16"}
{"level":"info","message":"[TRACE] Current pending metadata count: 0","module":"server","service":"verbyflow","timestamp":"2025-07-05 23:52:16"}
{"level":"warn","message":"[TRACE] Received binary data (2750 bytes) without metadata, ignoring","module":"server","service":"verbyflow","timestamp":"2025-07-05 23:52:16"}
{"level":"info","message":"[TRACE] Received binary WebSocket message: 92 bytes from user 7f003d4d-ebf9-451d-be08-5e81295f82de in call 2e51e2ee-f042-40d9-89dc-0d11c09b19f9","module":"server","service":"verbyflow","timestamp":"2025-07-05 23:52:17"}
{"level":"info","message":"[TRACE] Current pending metadata count: 0","module":"server","service":"verbyflow","timestamp":"2025-07-05 23:52:17"}
{"level":"warn","message":"[TRACE] Received binary data (92 bytes) without metadata, ignoring","module":"server","service":"verbyflow","timestamp":"2025-07-05 23:52:17"}
{"level":"info","message":"[TRACE] Received binary WebSocket message: 2753 bytes from user 7f003d4d-ebf9-451d-be08-5e81295f82de in call 2e51e2ee-f042-40d9-89dc-0d11c09b19f9","module":"server","service":"verbyflow","timestamp":"2025-07-05 23:52:17"}
{"level":"info","message":"[TRACE] Current pending metadata count: 0","module":"server","service":"verbyflow","timestamp":"2025-07-05 23:52:17"}
{"level":"warn","message":"[TRACE] Received binary data (2753 bytes) without metadata, ignoring","module":"server","service":"verbyflow","timestamp":"2025-07-05 23:52:17"}
{"level":"info","message":"[TRACE] Received binary WebSocket message: 92 bytes from user 7f003d4d-ebf9-451d-be08-5e81295f82de in call 2e51e2ee-f042-40d9-89dc-0d11c09b19f9","module":"server","service":"verbyflow","timestamp":"2025-07-05 23:52:18"}
{"level":"info","message":"[TRACE] Current pending metadata count: 0","module":"server","service":"verbyflow","timestamp":"2025-07-05 23:52:18"}
{"level":"warn","message":"[TRACE] Received binary data (92 bytes) without metadata, ignoring","module":"server","service":"verbyflow","timestamp":"2025-07-05 23:52:18"}
{"level":"info","message":"[TRACE] Received binary WebSocket message: 2772 bytes from user 7f003d4d-ebf9-451d-be08-5e81295f82de in call 2e51e2ee-f042-40d9-89dc-0d11c09b19f9","module":"server","service":"verbyflow","timestamp":"2025-07-05 23:52:18"}
{"level":"info","message":"[TRACE] Current pending metadata count: 0","module":"server","service":"verbyflow","timestamp":"2025-07-05 23:52:18"}
{"level":"warn","message":"[TRACE] Received binary data (2772 bytes) without metadata, ignoring","module":"server","service":"verbyflow","timestamp":"2025-07-05 23:52:18"}
{"level":"info","message":"[TRACE] Received binary WebSocket message: 92 bytes from user 7f003d4d-ebf9-451d-be08-5e81295f82de in call 2e51e2ee-f042-40d9-89dc-0d11c09b19f9","module":"server","service":"verbyflow","timestamp":"2025-07-05 23:52:19"}
{"level":"info","message":"[TRACE] Current pending metadata count: 0","module":"server","service":"verbyflow","timestamp":"2025-07-05 23:52:19"}
{"level":"warn","message":"[TRACE] Received binary data (92 bytes) without metadata, ignoring","module":"server","service":"verbyflow","timestamp":"2025-07-05 23:52:19"}
{"level":"info","message":"[TRACE] Received binary WebSocket message: 2757 bytes from user 7f003d4d-ebf9-451d-be08-5e81295f82de in call 2e51e2ee-f042-40d9-89dc-0d11c09b19f9","module":"server","service":"verbyflow","timestamp":"2025-07-05 23:52:19"}
{"level":"info","message":"[TRACE] Current pending metadata count: 0","module":"server","service":"verbyflow","timestamp":"2025-07-05 23:52:19"}
{"level":"warn","message":"[TRACE] Received binary data (2757 bytes) without metadata, ignoring","module":"server","service":"verbyflow","timestamp":"2025-07-05 23:52:19"}
{"level":"info","message":"[TRACE] Received binary WebSocket message: 92 bytes from user 7f003d4d-ebf9-451d-be08-5e81295f82de in call 2e51e2ee-f042-40d9-89dc-0d11c09b19f9","module":"server","service":"verbyflow","timestamp":"2025-07-05 23:52:20"}
{"level":"info","message":"[TRACE] Current pending metadata count: 0","module":"server","service":"verbyflow","timestamp":"2025-07-05 23:52:20"}
{"level":"warn","message":"[TRACE] Received binary data (92 bytes) without metadata, ignoring","module":"server","service":"verbyflow","timestamp":"2025-07-05 23:52:20"}
{"level":"info","message":"[TRACE] Received binary WebSocket message: 2704 bytes from user 7f003d4d-ebf9-451d-be08-5e81295f82de in call 2e51e2ee-f042-40d9-89dc-0d11c09b19f9","module":"server","service":"verbyflow","timestamp":"2025-07-05 23:52:20"}
{"level":"info","message":"[TRACE] Current pending metadata count: 0","module":"server","service":"verbyflow","timestamp":"2025-07-05 23:52:20"}
{"level":"warn","message":"[TRACE] Received binary data (2704 bytes) without metadata, ignoring","module":"server","service":"verbyflow","timestamp":"2025-07-05 23:52:20"}
{"level":"info","message":"[TRACE] Received binary WebSocket message: 92 bytes from user 7f003d4d-ebf9-451d-be08-5e81295f82de in call 2e51e2ee-f042-40d9-89dc-0d11c09b19f9","module":"server","service":"verbyflow","timestamp":"2025-07-05 23:52:21"}
{"level":"info","message":"[TRACE] Current pending metadata count: 0","module":"server","service":"verbyflow","timestamp":"2025-07-05 23:52:21"}
{"level":"warn","message":"[TRACE] Received binary data (92 bytes) without metadata, ignoring","module":"server","service":"verbyflow","timestamp":"2025-07-05 23:52:21"}
{"level":"info","message":"[TRACE] Received binary WebSocket message: 2738 bytes from user 7f003d4d-ebf9-451d-be08-5e81295f82de in call 2e51e2ee-f042-40d9-89dc-0d11c09b19f9","module":"server","service":"verbyflow","timestamp":"2025-07-05 23:52:21"}
{"level":"info","message":"[TRACE] Current pending metadata count: 0","module":"server","service":"verbyflow","timestamp":"2025-07-05 23:52:21"}
{"level":"warn","message":"[TRACE] Received binary data (2738 bytes) without metadata, ignoring","module":"server","service":"verbyflow","timestamp":"2025-07-05 23:52:21"}
{"level":"info","message":"[TRACE] Received binary WebSocket message: 92 bytes from user 7f003d4d-ebf9-451d-be08-5e81295f82de in call 2e51e2ee-f042-40d9-89dc-0d11c09b19f9","module":"server","service":"verbyflow","timestamp":"2025-07-05 23:52:22"}
{"level":"info","message":"[TRACE] Current pending metadata count: 0","module":"server","service":"verbyflow","timestamp":"2025-07-05 23:52:22"}
{"level":"warn","message":"[TRACE] Received binary data (92 bytes) without metadata, ignoring","module":"server","service":"verbyflow","timestamp":"2025-07-05 23:52:22"}
{"level":"info","message":"[TRACE] Received binary WebSocket message: 2677 bytes from user 7f003d4d-ebf9-451d-be08-5e81295f82de in call 2e51e2ee-f042-40d9-89dc-0d11c09b19f9","module":"server","service":"verbyflow","timestamp":"2025-07-05 23:52:22"}
{"level":"info","message":"[TRACE] Current pending metadata count: 0","module":"server","service":"verbyflow","timestamp":"2025-07-05 23:52:22"}
{"level":"warn","message":"[TRACE] Received binary data (2677 bytes) without metadata, ignoring","module":"server","service":"verbyflow","timestamp":"2025-07-05 23:52:22"}
{"level":"info","message":"[TRACE] Received binary WebSocket message: 92 bytes from user 7f003d4d-ebf9-451d-be08-5e81295f82de in call 2e51e2ee-f042-40d9-89dc-0d11c09b19f9","module":"server","service":"verbyflow","timestamp":"2025-07-05 23:52:23"}
{"level":"info","message":"[TRACE] Current pending metadata count: 0","module":"server","service":"verbyflow","timestamp":"2025-07-05 23:52:23"}
{"level":"warn","message":"[TRACE] Received binary data (92 bytes) without metadata, ignoring","module":"server","service":"verbyflow","timestamp":"2025-07-05 23:52:23"}
{"level":"info","message":"[TRACE] Received binary WebSocket message: 2720 bytes from user 7f003d4d-ebf9-451d-be08-5e81295f82de in call 2e51e2ee-f042-40d9-89dc-0d11c09b19f9","module":"server","service":"verbyflow","timestamp":"2025-07-05 23:52:23"}
{"level":"info","message":"[TRACE] Current pending metadata count: 0","module":"server","service":"verbyflow","timestamp":"2025-07-05 23:52:23"}
{"level":"warn","message":"[TRACE] Received binary data (2720 bytes) without metadata, ignoring","module":"server","service":"verbyflow","timestamp":"2025-07-05 23:52:23"}
{"level":"info","message":"[TRACE] Received binary WebSocket message: 92 bytes from user 7f003d4d-ebf9-451d-be08-5e81295f82de in call 2e51e2ee-f042-40d9-89dc-0d11c09b19f9","module":"server","service":"verbyflow","timestamp":"2025-07-05 23:52:24"}
{"level":"info","message":"[TRACE] Current pending metadata count: 0","module":"server","service":"verbyflow","timestamp":"2025-07-05 23:52:24"}
{"level":"warn","message":"[TRACE] Received binary data (92 bytes) without metadata, ignoring","module":"server","service":"verbyflow","timestamp":"2025-07-05 23:52:24"}
{"level":"info","message":"[TRACE] Received binary WebSocket message: 2665 bytes from user 7f003d4d-ebf9-451d-be08-5e81295f82de in call 2e51e2ee-f042-40d9-89dc-0d11c09b19f9","module":"server","service":"verbyflow","timestamp":"2025-07-05 23:52:24"}
{"level":"info","message":"[TRACE] Current pending metadata count: 0","module":"server","service":"verbyflow","timestamp":"2025-07-05 23:52:24"}
{"level":"warn","message":"[TRACE] Received binary data (2665 bytes) without metadata, ignoring","module":"server","service":"verbyflow","timestamp":"2025-07-05 23:52:24"}
{"level":"info","message":"[TRACE] Received binary WebSocket message: 92 bytes from user 7f003d4d-ebf9-451d-be08-5e81295f82de in call 2e51e2ee-f042-40d9-89dc-0d11c09b19f9","module":"server","service":"verbyflow","timestamp":"2025-07-05 23:52:25"}
{"level":"info","message":"[TRACE] Current pending metadata count: 0","module":"server","service":"verbyflow","timestamp":"2025-07-05 23:52:25"}
{"level":"warn","message":"[TRACE] Received binary data (92 bytes) without metadata, ignoring","module":"server","service":"verbyflow","timestamp":"2025-07-05 23:52:25"}
{"level":"info","message":"[TRACE] Received binary WebSocket message: 2649 bytes from user 7f003d4d-ebf9-451d-be08-5e81295f82de in call 2e51e2ee-f042-40d9-89dc-0d11c09b19f9","module":"server","service":"verbyflow","timestamp":"2025-07-05 23:52:25"}
{"level":"info","message":"[TRACE] Current pending metadata count: 0","module":"server","service":"verbyflow","timestamp":"2025-07-05 23:52:25"}
{"level":"warn","message":"[TRACE] Received binary data (2649 bytes) without metadata, ignoring","module":"server","service":"verbyflow","timestamp":"2025-07-05 23:52:25"}
{"level":"info","message":"[TRACE] Received binary WebSocket message: 92 bytes from user 7f003d4d-ebf9-451d-be08-5e81295f82de in call 2e51e2ee-f042-40d9-89dc-0d11c09b19f9","module":"server","service":"verbyflow","timestamp":"2025-07-05 23:52:26"}
{"level":"info","message":"[TRACE] Current pending metadata count: 0","module":"server","service":"verbyflow","timestamp":"2025-07-05 23:52:26"}
{"level":"warn","message":"[TRACE] Received binary data (92 bytes) without metadata, ignoring","module":"server","service":"verbyflow","timestamp":"2025-07-05 23:52:26"}
{"level":"info","message":"[TRACE] Received binary WebSocket message: 2745 bytes from user 7f003d4d-ebf9-451d-be08-5e81295f82de in call 2e51e2ee-f042-40d9-89dc-0d11c09b19f9","module":"server","service":"verbyflow","timestamp":"2025-07-05 23:52:26"}
{"level":"info","message":"[TRACE] Current pending metadata count: 0","module":"server","service":"verbyflow","timestamp":"2025-07-05 23:52:26"}
{"level":"warn","message":"[TRACE] Received binary data (2745 bytes) without metadata, ignoring","module":"server","service":"verbyflow","timestamp":"2025-07-05 23:52:26"}
{"level":"info","message":"[TRACE] WebSocket connection closed for user 7f003d4d-ebf9-451d-be08-5e81295f82de with code 1001: ","module":"server","service":"verbyflow","timestamp":"2025-07-05 23:52:26"}
{"level":"info","message":"[TRACE] Active WebSocket connections remaining: 0","module":"server","service":"verbyflow","timestamp":"2025-07-05 23:52:26"}
{"level":"info","message":"[TRACE] Clearing any pending metadata entries for closed connection","module":"server","service":"verbyflow","timestamp":"2025-07-05 23:52:26"}
{"level":"info","message":"[TRACE] WebSocket connection cleanup complete","module":"server","service":"verbyflow","timestamp":"2025-07-05 23:52:26"}
{"level":"debug","message":"Fetching available languages","module":"api-routes","service":"verbyflow","timestamp":"2025-07-05 23:52:26"}
{"level":"debug","message":"Fetching call: 2e51e2ee-f042-40d9-89dc-0d11c09b19f9","module":"calls-api","service":"verbyflow","timestamp":"2025-07-05 23:53:03"}
{"level":"info","message":"Raw WebSocket client connected: 7f003d4d-ebf9-451d-be08-5e81295f82de to call 2e51e2ee-f042-40d9-89dc-0d11c09b19f9","module":"server","service":"verbyflow","timestamp":"2025-07-05 23:53:03"}
{"level":"info","message":"[TRACE] Received binary WebSocket message: 189 bytes from user 7f003d4d-ebf9-451d-be08-5e81295f82de in call 2e51e2ee-f042-40d9-89dc-0d11c09b19f9","module":"server","service":"verbyflow","timestamp":"2025-07-05 23:53:03"}
{"level":"info","message":"[TRACE] Current pending metadata count: 0","module":"server","service":"verbyflow","timestamp":"2025-07-05 23:53:03"}
{"level":"warn","message":"[TRACE] Received binary data (189 bytes) without metadata, ignoring","module":"server","service":"verbyflow","timestamp":"2025-07-05 23:53:03"}
{"level":"info","message":"[TRACE] WebSocket connection closed for user 40775662-f721-4518-a974-a460337220c2 with code 1001: ","module":"server","service":"verbyflow","timestamp":"2025-07-05 23:57:43"}
{"level":"info","message":"[TRACE] Active WebSocket connections remaining: 0","module":"server","service":"verbyflow","timestamp":"2025-07-05 23:57:43"}
{"level":"info","message":"[TRACE] Clearing any pending metadata entries for closed connection","module":"server","service":"verbyflow","timestamp":"2025-07-05 23:57:43"}
{"level":"info","message":"[TRACE] WebSocket connection cleanup complete","module":"server","service":"verbyflow","timestamp":"2025-07-05 23:57:43"}
{"level":"info","message":"[TRACE] WebSocket connection closed for user 7f003d4d-ebf9-451d-be08-5e81295f82de with code 1001: ","module":"server","service":"verbyflow","timestamp":"2025-07-05 23:57:43"}
{"level":"info","message":"[TRACE] Active WebSocket connections remaining: -1","module":"server","service":"verbyflow","timestamp":"2025-07-05 23:57:43"}
{"level":"info","message":"[TRACE] Clearing any pending metadata entries for closed connection","module":"server","service":"verbyflow","timestamp":"2025-07-05 23:57:43"}
{"level":"info","message":"[TRACE] WebSocket connection cleanup complete","module":"server","service":"verbyflow","timestamp":"2025-07-05 23:57:43"}
{"level":"debug","message":"Fetching available languages","module":"api-routes","service":"verbyflow","timestamp":"2025-07-05 23:57:43"}
{"level":"debug","message":"Fetching available languages","module":"api-routes","service":"verbyflow","timestamp":"2025-07-05 23:57:47"}
{"level":"debug","message":"Fetching call: 2e51e2ee-f042-40d9-89dc-0d11c09b19f9","module":"calls-api","service":"verbyflow","timestamp":"2025-07-05 23:57:47"}
{"level":"info","message":"Raw WebSocket client connected: 40775662-f721-4518-a974-a460337220c2 to call 2e51e2ee-f042-40d9-89dc-0d11c09b19f9","module":"server","service":"verbyflow","timestamp":"2025-07-05 23:57:47"}
{"level":"info","message":"[TRACE] Received binary WebSocket message: 189 bytes from user 40775662-f721-4518-a974-a460337220c2 in call 2e51e2ee-f042-40d9-89dc-0d11c09b19f9","module":"server","service":"verbyflow","timestamp":"2025-07-05 23:57:47"}
{"level":"info","message":"[TRACE] Current pending metadata count: 0","module":"server","service":"verbyflow","timestamp":"2025-07-05 23:57:47"}
{"level":"warn","message":"[TRACE] Received binary data (189 bytes) without metadata, ignoring","module":"server","service":"verbyflow","timestamp":"2025-07-05 23:57:47"}
{"level":"info","message":"[TRACE] WebSocket connection closed for user 40775662-f721-4518-a974-a460337220c2 with code 1005: ","module":"server","service":"verbyflow","timestamp":"2025-07-05 23:59:00"}
{"level":"info","message":"[TRACE] Active WebSocket connections remaining: -1","module":"server","service":"verbyflow","timestamp":"2025-07-05 23:59:00"}
{"level":"info","message":"[TRACE] Clearing any pending metadata entries for closed connection","module":"server","service":"verbyflow","timestamp":"2025-07-05 23:59:00"}
{"level":"info","message":"[TRACE] WebSocket connection cleanup complete","module":"server","service":"verbyflow","timestamp":"2025-07-05 23:59:00"}
{"level":"debug","message":"Fetching available languages","module":"api-routes","service":"verbyflow","timestamp":"2025-07-05 23:59:00"}
{"level":"info","message":"Raw WebSocket client connected: 40775662-f721-4518-a974-a460337220c2 to call 2e51e2ee-f042-40d9-89dc-0d11c09b19f9","module":"server","service":"verbyflow","timestamp":"2025-07-05 23:59:02"}
{"level":"info","message":"[TRACE] Received binary WebSocket message: 189 bytes from user 40775662-f721-4518-a974-a460337220c2 in call 2e51e2ee-f042-40d9-89dc-0d11c09b19f9","module":"server","service":"verbyflow","timestamp":"2025-07-05 23:59:02"}
{"level":"info","message":"[TRACE] Current pending metadata count: 0","module":"server","service":"verbyflow","timestamp":"2025-07-05 23:59:02"}
{"level":"warn","message":"[TRACE] Received binary data (189 bytes) without metadata, ignoring","module":"server","service":"verbyflow","timestamp":"2025-07-05 23:59:02"}
{"level":"info","message":"Created new call: 66d8f631-6158-44e4-8bda-2fbc3d1359db by user 40775662-f721-4518-a974-a460337220c2","module":"calls-api","service":"verbyflow","timestamp":"2025-07-05 23:59:03"}
{"level":"debug","message":"Fetching available languages","module":"api-routes","service":"verbyflow","timestamp":"2025-07-05 23:59:06"}
{"level":"debug","message":"Fetching call: 66d8f631-6158-44e4-8bda-2fbc3d1359db","module":"calls-api","service":"verbyflow","timestamp":"2025-07-05 23:59:12"}
{"level":"info","message":"Raw WebSocket client connected: 7f003d4d-ebf9-451d-be08-5e81295f82de to call 66d8f631-6158-44e4-8bda-2fbc3d1359db","module":"server","service":"verbyflow","timestamp":"2025-07-05 23:59:12"}
{"level":"info","message":"[TRACE] Received binary WebSocket message: 189 bytes from user 7f003d4d-ebf9-451d-be08-5e81295f82de in call 66d8f631-6158-44e4-8bda-2fbc3d1359db","module":"server","service":"verbyflow","timestamp":"2025-07-05 23:59:12"}
{"level":"info","message":"[TRACE] Current pending metadata count: 0","module":"server","service":"verbyflow","timestamp":"2025-07-05 23:59:12"}
{"level":"warn","message":"[TRACE] Received binary data (189 bytes) without metadata, ignoring","module":"server","service":"verbyflow","timestamp":"2025-07-05 23:59:12"}
{"level":"info","message":"[TRACE] Received binary WebSocket message: 92 bytes from user 7f003d4d-ebf9-451d-be08-5e81295f82de in call 66d8f631-6158-44e4-8bda-2fbc3d1359db","module":"server","service":"verbyflow","timestamp":"2025-07-05 23:59:15"}
{"level":"info","message":"[TRACE] Current pending metadata count: 0","module":"server","service":"verbyflow","timestamp":"2025-07-05 23:59:15"}
{"level":"warn","message":"[TRACE] Received binary data (92 bytes) without metadata, ignoring","module":"server","service":"verbyflow","timestamp":"2025-07-05 23:59:15"}
{"level":"info","message":"[TRACE] Received binary WebSocket message: 3047 bytes from user 7f003d4d-ebf9-451d-be08-5e81295f82de in call 66d8f631-6158-44e4-8bda-2fbc3d1359db","module":"server","service":"verbyflow","timestamp":"2025-07-05 23:59:16"}
{"level":"info","message":"[TRACE] Current pending metadata count: 0","module":"server","service":"verbyflow","timestamp":"2025-07-05 23:59:16"}
{"level":"warn","message":"[TRACE] Received binary data (3047 bytes) without metadata, ignoring","module":"server","service":"verbyflow","timestamp":"2025-07-05 23:59:16"}
{"level":"info","message":"[TRACE] Received binary WebSocket message: 92 bytes from user 7f003d4d-ebf9-451d-be08-5e81295f82de in call 66d8f631-6158-44e4-8bda-2fbc3d1359db","module":"server","service":"verbyflow","timestamp":"2025-07-05 23:59:17"}
{"level":"info","message":"[TRACE] Current pending metadata count: 0","module":"server","service":"verbyflow","timestamp":"2025-07-05 23:59:17"}
{"level":"warn","message":"[TRACE] Received binary data (92 bytes) without metadata, ignoring","module":"server","service":"verbyflow","timestamp":"2025-07-05 23:59:17"}
{"level":"info","message":"[TRACE] Received binary WebSocket message: 3034 bytes from user 7f003d4d-ebf9-451d-be08-5e81295f82de in call 66d8f631-6158-44e4-8bda-2fbc3d1359db","module":"server","service":"verbyflow","timestamp":"2025-07-05 23:59:17"}
{"level":"info","message":"[TRACE] Current pending metadata count: 0","module":"server","service":"verbyflow","timestamp":"2025-07-05 23:59:17"}
{"level":"warn","message":"[TRACE] Received binary data (3034 bytes) without metadata, ignoring","module":"server","service":"verbyflow","timestamp":"2025-07-05 23:59:17"}
{"level":"info","message":"[TRACE] Received binary WebSocket message: 91 bytes from user 7f003d4d-ebf9-451d-be08-5e81295f82de in call 66d8f631-6158-44e4-8bda-2fbc3d1359db","module":"server","service":"verbyflow","timestamp":"2025-07-05 23:59:17"}
{"level":"info","message":"[TRACE] Current pending metadata count: 0","module":"server","service":"verbyflow","timestamp":"2025-07-05 23:59:17"}
{"level":"warn","message":"[TRACE] Received binary data (91 bytes) without metadata, ignoring","module":"server","service":"verbyflow","timestamp":"2025-07-05 23:59:17"}
{"level":"info","message":"[TRACE] Received binary WebSocket message: 6081 bytes from user 7f003d4d-ebf9-451d-be08-5e81295f82de in call 66d8f631-6158-44e4-8bda-2fbc3d1359db","module":"server","service":"verbyflow","timestamp":"2025-07-05 23:59:17"}
{"level":"info","message":"[TRACE] Current pending metadata count: 0","module":"server","service":"verbyflow","timestamp":"2025-07-05 23:59:17"}
{"level":"warn","message":"[TRACE] Received binary data (6081 bytes) without metadata, ignoring","module":"server","service":"verbyflow","timestamp":"2025-07-05 23:59:17"}
{"level":"info","message":"[TRACE] Received binary WebSocket message: 92 bytes from user 7f003d4d-ebf9-451d-be08-5e81295f82de in call 66d8f631-6158-44e4-8bda-2fbc3d1359db","module":"server","service":"verbyflow","timestamp":"2025-07-05 23:59:18"}
{"level":"info","message":"[TRACE] Current pending metadata count: 0","module":"server","service":"verbyflow","timestamp":"2025-07-05 23:59:18"}
{"level":"warn","message":"[TRACE] Received binary data (92 bytes) without metadata, ignoring","module":"server","service":"verbyflow","timestamp":"2025-07-05 23:59:18"}
{"level":"info","message":"[TRACE] Received binary WebSocket message: 3251 bytes from user 7f003d4d-ebf9-451d-be08-5e81295f82de in call 66d8f631-6158-44e4-8bda-2fbc3d1359db","module":"server","service":"verbyflow","timestamp":"2025-07-05 23:59:18"}
{"level":"info","message":"[TRACE] Current pending metadata count: 0","module":"server","service":"verbyflow","timestamp":"2025-07-05 23:59:18"}
{"level":"warn","message":"[TRACE] Received binary data (3251 bytes) without metadata, ignoring","module":"server","service":"verbyflow","timestamp":"2025-07-05 23:59:18"}
{"level":"info","message":"[TRACE] Received binary WebSocket message: 92 bytes from user 7f003d4d-ebf9-451d-be08-5e81295f82de in call 66d8f631-6158-44e4-8bda-2fbc3d1359db","module":"server","service":"verbyflow","timestamp":"2025-07-05 23:59:19"}
{"level":"info","message":"[TRACE] Current pending metadata count: 0","module":"server","service":"verbyflow","timestamp":"2025-07-05 23:59:19"}
{"level":"warn","message":"[TRACE] Received binary data (92 bytes) without metadata, ignoring","module":"server","service":"verbyflow","timestamp":"2025-07-05 23:59:19"}
{"level":"info","message":"[TRACE] Received binary WebSocket message: 3206 bytes from user 7f003d4d-ebf9-451d-be08-5e81295f82de in call 66d8f631-6158-44e4-8bda-2fbc3d1359db","module":"server","service":"verbyflow","timestamp":"2025-07-05 23:59:19"}
{"level":"info","message":"[TRACE] Current pending metadata count: 0","module":"server","service":"verbyflow","timestamp":"2025-07-05 23:59:19"}
{"level":"warn","message":"[TRACE] Received binary data (3206 bytes) without metadata, ignoring","module":"server","service":"verbyflow","timestamp":"2025-07-05 23:59:19"}
{"level":"info","message":"[TRACE] Received binary WebSocket message: 91 bytes from user 7f003d4d-ebf9-451d-be08-5e81295f82de in call 66d8f631-6158-44e4-8bda-2fbc3d1359db","module":"server","service":"verbyflow","timestamp":"2025-07-05 23:59:19"}
{"level":"info","message":"[TRACE] Current pending metadata count: 0","module":"server","service":"verbyflow","timestamp":"2025-07-05 23:59:19"}
{"level":"warn","message":"[TRACE] Received binary data (91 bytes) without metadata, ignoring","module":"server","service":"verbyflow","timestamp":"2025-07-05 23:59:19"}
{"level":"info","message":"[TRACE] Received binary WebSocket message: 6457 bytes from user 7f003d4d-ebf9-451d-be08-5e81295f82de in call 66d8f631-6158-44e4-8bda-2fbc3d1359db","module":"server","service":"verbyflow","timestamp":"2025-07-05 23:59:19"}
{"level":"info","message":"[TRACE] Current pending metadata count: 0","module":"server","service":"verbyflow","timestamp":"2025-07-05 23:59:19"}
{"level":"warn","message":"[TRACE] Received binary data (6457 bytes) without metadata, ignoring","module":"server","service":"verbyflow","timestamp":"2025-07-05 23:59:19"}
{"level":"info","message":"[TRACE] Received binary WebSocket message: 92 bytes from user 7f003d4d-ebf9-451d-be08-5e81295f82de in call 66d8f631-6158-44e4-8bda-2fbc3d1359db","module":"server","service":"verbyflow","timestamp":"2025-07-05 23:59:20"}
{"level":"info","message":"[TRACE] Current pending metadata count: 0","module":"server","service":"verbyflow","timestamp":"2025-07-05 23:59:20"}
{"level":"warn","message":"[TRACE] Received binary data (92 bytes) without metadata, ignoring","module":"server","service":"verbyflow","timestamp":"2025-07-05 23:59:20"}
{"level":"info","message":"[TRACE] Received binary WebSocket message: 2700 bytes from user 7f003d4d-ebf9-451d-be08-5e81295f82de in call 66d8f631-6158-44e4-8bda-2fbc3d1359db","module":"server","service":"verbyflow","timestamp":"2025-07-05 23:59:20"}
{"level":"info","message":"[TRACE] Current pending metadata count: 0","module":"server","service":"verbyflow","timestamp":"2025-07-05 23:59:20"}
{"level":"warn","message":"[TRACE] Received binary data (2700 bytes) without metadata, ignoring","module":"server","service":"verbyflow","timestamp":"2025-07-05 23:59:20"}
{"level":"info","message":"[TRACE] Received binary WebSocket message: 92 bytes from user 7f003d4d-ebf9-451d-be08-5e81295f82de in call 66d8f631-6158-44e4-8bda-2fbc3d1359db","module":"server","service":"verbyflow","timestamp":"2025-07-05 23:59:21"}
{"level":"info","message":"[TRACE] Current pending metadata count: 0","module":"server","service":"verbyflow","timestamp":"2025-07-05 23:59:21"}
{"level":"warn","message":"[TRACE] Received binary data (92 bytes) without metadata, ignoring","module":"server","service":"verbyflow","timestamp":"2025-07-05 23:59:21"}
{"level":"info","message":"[TRACE] Received binary WebSocket message: 3055 bytes from user 7f003d4d-ebf9-451d-be08-5e81295f82de in call 66d8f631-6158-44e4-8bda-2fbc3d1359db","module":"server","service":"verbyflow","timestamp":"2025-07-05 23:59:21"}
{"level":"info","message":"[TRACE] Current pending metadata count: 0","module":"server","service":"verbyflow","timestamp":"2025-07-05 23:59:21"}
{"level":"warn","message":"[TRACE] Received binary data (3055 bytes) without metadata, ignoring","module":"server","service":"verbyflow","timestamp":"2025-07-05 23:59:21"}
{"level":"info","message":"[TRACE] Received binary WebSocket message: 91 bytes from user 7f003d4d-ebf9-451d-be08-5e81295f82de in call 66d8f631-6158-44e4-8bda-2fbc3d1359db","module":"server","service":"verbyflow","timestamp":"2025-07-05 23:59:21"}
{"level":"info","message":"[TRACE] Current pending metadata count: 0","module":"server","service":"verbyflow","timestamp":"2025-07-05 23:59:21"}
{"level":"warn","message":"[TRACE] Received binary data (91 bytes) without metadata, ignoring","module":"server","service":"verbyflow","timestamp":"2025-07-05 23:59:21"}
{"level":"info","message":"[TRACE] Received binary WebSocket message: 5755 bytes from user 7f003d4d-ebf9-451d-be08-5e81295f82de in call 66d8f631-6158-44e4-8bda-2fbc3d1359db","module":"server","service":"verbyflow","timestamp":"2025-07-05 23:59:21"}
{"level":"info","message":"[TRACE] Current pending metadata count: 0","module":"server","service":"verbyflow","timestamp":"2025-07-05 23:59:21"}
{"level":"warn","message":"[TRACE] Received binary data (5755 bytes) without metadata, ignoring","module":"server","service":"verbyflow","timestamp":"2025-07-05 23:59:21"}
{"level":"info","message":"[TRACE] Received binary WebSocket message: 92 bytes from user 7f003d4d-ebf9-451d-be08-5e81295f82de in call 66d8f631-6158-44e4-8bda-2fbc3d1359db","module":"server","service":"verbyflow","timestamp":"2025-07-05 23:59:22"}
{"level":"info","message":"[TRACE] Current pending metadata count: 0","module":"server","service":"verbyflow","timestamp":"2025-07-05 23:59:22"}
{"level":"warn","message":"[TRACE] Received binary data (92 bytes) without metadata, ignoring","module":"server","service":"verbyflow","timestamp":"2025-07-05 23:59:22"}
{"level":"info","message":"[TRACE] Received binary WebSocket message: 2723 bytes from user 7f003d4d-ebf9-451d-be08-5e81295f82de in call 66d8f631-6158-44e4-8bda-2fbc3d1359db","module":"server","service":"verbyflow","timestamp":"2025-07-05 23:59:22"}
{"level":"info","message":"[TRACE] Current pending metadata count: 0","module":"server","service":"verbyflow","timestamp":"2025-07-05 23:59:22"}
{"level":"warn","message":"[TRACE] Received binary data (2723 bytes) without metadata, ignoring","module":"server","service":"verbyflow","timestamp":"2025-07-05 23:59:22"}
{"level":"info","message":"[TRACE] Received binary WebSocket message: 92 bytes from user 7f003d4d-ebf9-451d-be08-5e81295f82de in call 66d8f631-6158-44e4-8bda-2fbc3d1359db","module":"server","service":"verbyflow","timestamp":"2025-07-05 23:59:23"}
{"level":"info","message":"[TRACE] Current pending metadata count: 0","module":"server","service":"verbyflow","timestamp":"2025-07-05 23:59:23"}
{"level":"warn","message":"[TRACE] Received binary data (92 bytes) without metadata, ignoring","module":"server","service":"verbyflow","timestamp":"2025-07-05 23:59:23"}
{"level":"info","message":"[TRACE] Received binary WebSocket message: 2943 bytes from user 7f003d4d-ebf9-451d-be08-5e81295f82de in call 66d8f631-6158-44e4-8bda-2fbc3d1359db","module":"server","service":"verbyflow","timestamp":"2025-07-05 23:59:23"}
{"level":"info","message":"[TRACE] Current pending metadata count: 0","module":"server","service":"verbyflow","timestamp":"2025-07-05 23:59:23"}
{"level":"warn","message":"[TRACE] Received binary data (2943 bytes) without metadata, ignoring","module":"server","service":"verbyflow","timestamp":"2025-07-05 23:59:23"}
{"level":"info","message":"[TRACE] Received binary WebSocket message: 91 bytes from user 7f003d4d-ebf9-451d-be08-5e81295f82de in call 66d8f631-6158-44e4-8bda-2fbc3d1359db","module":"server","service":"verbyflow","timestamp":"2025-07-05 23:59:24"}
{"level":"info","message":"[TRACE] Current pending metadata count: 0","module":"server","service":"verbyflow","timestamp":"2025-07-05 23:59:24"}
{"level":"warn","message":"[TRACE] Received binary data (91 bytes) without metadata, ignoring","module":"server","service":"verbyflow","timestamp":"2025-07-05 23:59:24"}
{"level":"info","message":"[TRACE] Received binary WebSocket message: 5666 bytes from user 7f003d4d-ebf9-451d-be08-5e81295f82de in call 66d8f631-6158-44e4-8bda-2fbc3d1359db","module":"server","service":"verbyflow","timestamp":"2025-07-05 23:59:24"}
{"level":"info","message":"[TRACE] Current pending metadata count: 0","module":"server","service":"verbyflow","timestamp":"2025-07-05 23:59:24"}
{"level":"warn","message":"[TRACE] Received binary data (5666 bytes) without metadata, ignoring","module":"server","service":"verbyflow","timestamp":"2025-07-05 23:59:24"}
{"level":"info","message":"[TRACE] Received binary WebSocket message: 92 bytes from user 7f003d4d-ebf9-451d-be08-5e81295f82de in call 66d8f631-6158-44e4-8bda-2fbc3d1359db","module":"server","service":"verbyflow","timestamp":"2025-07-05 23:59:24"}
{"level":"info","message":"[TRACE] Current pending metadata count: 0","module":"server","service":"verbyflow","timestamp":"2025-07-05 23:59:24"}
{"level":"warn","message":"[TRACE] Received binary data (92 bytes) without metadata, ignoring","module":"server","service":"verbyflow","timestamp":"2025-07-05 23:59:24"}
{"level":"info","message":"[TRACE] Received binary WebSocket message: 2869 bytes from user 7f003d4d-ebf9-451d-be08-5e81295f82de in call 66d8f631-6158-44e4-8bda-2fbc3d1359db","module":"server","service":"verbyflow","timestamp":"2025-07-05 23:59:24"}
{"level":"info","message":"[TRACE] Current pending metadata count: 0","module":"server","service":"verbyflow","timestamp":"2025-07-05 23:59:24"}
{"level":"warn","message":"[TRACE] Received binary data (2869 bytes) without metadata, ignoring","module":"server","service":"verbyflow","timestamp":"2025-07-05 23:59:24"}
{"level":"info","message":"[TRACE] Received binary WebSocket message: 92 bytes from user 7f003d4d-ebf9-451d-be08-5e81295f82de in call 66d8f631-6158-44e4-8bda-2fbc3d1359db","module":"server","service":"verbyflow","timestamp":"2025-07-05 23:59:25"}
{"level":"info","message":"[TRACE] Current pending metadata count: 0","module":"server","service":"verbyflow","timestamp":"2025-07-05 23:59:25"}
{"level":"warn","message":"[TRACE] Received binary data (92 bytes) without metadata, ignoring","module":"server","service":"verbyflow","timestamp":"2025-07-05 23:59:25"}
{"level":"info","message":"[TRACE] Received binary WebSocket message: 2781 bytes from user 7f003d4d-ebf9-451d-be08-5e81295f82de in call 66d8f631-6158-44e4-8bda-2fbc3d1359db","module":"server","service":"verbyflow","timestamp":"2025-07-05 23:59:25"}
{"level":"info","message":"[TRACE] Current pending metadata count: 0","module":"server","service":"verbyflow","timestamp":"2025-07-05 23:59:25"}
{"level":"warn","message":"[TRACE] Received binary data (2781 bytes) without metadata, ignoring","module":"server","service":"verbyflow","timestamp":"2025-07-05 23:59:25"}
{"level":"info","message":"[TRACE] Received binary WebSocket message: 91 bytes from user 7f003d4d-ebf9-451d-be08-5e81295f82de in call 66d8f631-6158-44e4-8bda-2fbc3d1359db","module":"server","service":"verbyflow","timestamp":"2025-07-05 23:59:26"}
{"level":"info","message":"[TRACE] Current pending metadata count: 0","module":"server","service":"verbyflow","timestamp":"2025-07-05 23:59:26"}
{"level":"warn","message":"[TRACE] Received binary data (91 bytes) without metadata, ignoring","module":"server","service":"verbyflow","timestamp":"2025-07-05 23:59:26"}
{"level":"info","message":"[TRACE] Received binary WebSocket message: 5650 bytes from user 7f003d4d-ebf9-451d-be08-5e81295f82de in call 66d8f631-6158-44e4-8bda-2fbc3d1359db","module":"server","service":"verbyflow","timestamp":"2025-07-05 23:59:26"}
{"level":"info","message":"[TRACE] Current pending metadata count: 0","module":"server","service":"verbyflow","timestamp":"2025-07-05 23:59:26"}
{"level":"warn","message":"[TRACE] Received binary data (5650 bytes) without metadata, ignoring","module":"server","service":"verbyflow","timestamp":"2025-07-05 23:59:26"}
{"level":"info","message":"[TRACE] Received binary WebSocket message: 92 bytes from user 7f003d4d-ebf9-451d-be08-5e81295f82de in call 66d8f631-6158-44e4-8bda-2fbc3d1359db","module":"server","service":"verbyflow","timestamp":"2025-07-05 23:59:26"}
{"level":"info","message":"[TRACE] Current pending metadata count: 0","module":"server","service":"verbyflow","timestamp":"2025-07-05 23:59:26"}
{"level":"warn","message":"[TRACE] Received binary data (92 bytes) without metadata, ignoring","module":"server","service":"verbyflow","timestamp":"2025-07-05 23:59:26"}
{"level":"info","message":"[TRACE] Received binary WebSocket message: 3078 bytes from user 7f003d4d-ebf9-451d-be08-5e81295f82de in call 66d8f631-6158-44e4-8bda-2fbc3d1359db","module":"server","service":"verbyflow","timestamp":"2025-07-05 23:59:26"}
{"level":"info","message":"[TRACE] Current pending metadata count: 0","module":"server","service":"verbyflow","timestamp":"2025-07-05 23:59:26"}
{"level":"warn","message":"[TRACE] Received binary data (3078 bytes) without metadata, ignoring","module":"server","service":"verbyflow","timestamp":"2025-07-05 23:59:26"}
{"level":"info","message":"[TRACE] Received binary WebSocket message: 92 bytes from user 7f003d4d-ebf9-451d-be08-5e81295f82de in call 66d8f631-6158-44e4-8bda-2fbc3d1359db","module":"server","service":"verbyflow","timestamp":"2025-07-05 23:59:27"}
{"level":"info","message":"[TRACE] Current pending metadata count: 0","module":"server","service":"verbyflow","timestamp":"2025-07-05 23:59:27"}
{"level":"warn","message":"[TRACE] Received binary data (92 bytes) without metadata, ignoring","module":"server","service":"verbyflow","timestamp":"2025-07-05 23:59:27"}
{"level":"info","message":"[TRACE] Received binary WebSocket message: 2750 bytes from user 7f003d4d-ebf9-451d-be08-5e81295f82de in call 66d8f631-6158-44e4-8bda-2fbc3d1359db","module":"server","service":"verbyflow","timestamp":"2025-07-05 23:59:27"}
{"level":"info","message":"[TRACE] Current pending metadata count: 0","module":"server","service":"verbyflow","timestamp":"2025-07-05 23:59:27"}
{"level":"warn","message":"[TRACE] Received binary data (2750 bytes) without metadata, ignoring","module":"server","service":"verbyflow","timestamp":"2025-07-05 23:59:27"}
{"level":"info","message":"[TRACE] Received binary WebSocket message: 92 bytes from user 7f003d4d-ebf9-451d-be08-5e81295f82de in call 66d8f631-6158-44e4-8bda-2fbc3d1359db","module":"server","service":"verbyflow","timestamp":"2025-07-05 23:59:28"}
{"level":"info","message":"[TRACE] Current pending metadata count: 0","module":"server","service":"verbyflow","timestamp":"2025-07-05 23:59:28"}
{"level":"warn","message":"[TRACE] Received binary data (92 bytes) without metadata, ignoring","module":"server","service":"verbyflow","timestamp":"2025-07-05 23:59:28"}
{"level":"info","message":"[TRACE] Received binary WebSocket message: 2961 bytes from user 7f003d4d-ebf9-451d-be08-5e81295f82de in call 66d8f631-6158-44e4-8bda-2fbc3d1359db","module":"server","service":"verbyflow","timestamp":"2025-07-05 23:59:28"}
{"level":"info","message":"[TRACE] Current pending metadata count: 0","module":"server","service":"verbyflow","timestamp":"2025-07-05 23:59:28"}
{"level":"warn","message":"[TRACE] Received binary data (2961 bytes) without metadata, ignoring","module":"server","service":"verbyflow","timestamp":"2025-07-05 23:59:28"}
{"level":"info","message":"[TRACE] Received binary WebSocket message: 92 bytes from user 7f003d4d-ebf9-451d-be08-5e81295f82de in call 66d8f631-6158-44e4-8bda-2fbc3d1359db","module":"server","service":"verbyflow","timestamp":"2025-07-05 23:59:29"}
{"level":"info","message":"[TRACE] Current pending metadata count: 0","module":"server","service":"verbyflow","timestamp":"2025-07-05 23:59:29"}
{"level":"warn","message":"[TRACE] Received binary data (92 bytes) without metadata, ignoring","module":"server","service":"verbyflow","timestamp":"2025-07-05 23:59:29"}
{"level":"info","message":"[TRACE] Received binary WebSocket message: 91 bytes from user 7f003d4d-ebf9-451d-be08-5e81295f82de in call 66d8f631-6158-44e4-8bda-2fbc3d1359db","module":"server","service":"verbyflow","timestamp":"2025-07-05 23:59:29"}
{"level":"info","message":"[TRACE] Current pending metadata count: 0","module":"server","service":"verbyflow","timestamp":"2025-07-05 23:59:29"}
{"level":"warn","message":"[TRACE] Received binary data (91 bytes) without metadata, ignoring","module":"server","service":"verbyflow","timestamp":"2025-07-05 23:59:29"}
{"level":"info","message":"[TRACE] Received binary WebSocket message: 3063 bytes from user 7f003d4d-ebf9-451d-be08-5e81295f82de in call 66d8f631-6158-44e4-8bda-2fbc3d1359db","module":"server","service":"verbyflow","timestamp":"2025-07-05 23:59:29"}
{"level":"info","message":"[TRACE] Current pending metadata count: 0","module":"server","service":"verbyflow","timestamp":"2025-07-05 23:59:29"}
{"level":"warn","message":"[TRACE] Received binary data (3063 bytes) without metadata, ignoring","module":"server","service":"verbyflow","timestamp":"2025-07-05 23:59:29"}
{"level":"info","message":"[TRACE] Received binary WebSocket message: 92 bytes from user 7f003d4d-ebf9-451d-be08-5e81295f82de in call 66d8f631-6158-44e4-8bda-2fbc3d1359db","module":"server","service":"verbyflow","timestamp":"2025-07-05 23:59:30"}
{"level":"info","message":"[TRACE] Current pending metadata count: 0","module":"server","service":"verbyflow","timestamp":"2025-07-05 23:59:30"}
{"level":"warn","message":"[TRACE] Received binary data (92 bytes) without metadata, ignoring","module":"server","service":"verbyflow","timestamp":"2025-07-05 23:59:30"}
{"level":"info","message":"[TRACE] Received binary WebSocket message: 11852 bytes from user 7f003d4d-ebf9-451d-be08-5e81295f82de in call 66d8f631-6158-44e4-8bda-2fbc3d1359db","module":"server","service":"verbyflow","timestamp":"2025-07-05 23:59:30"}
{"level":"info","message":"[TRACE] Current pending metadata count: 0","module":"server","service":"verbyflow","timestamp":"2025-07-05 23:59:30"}
{"level":"warn","message":"[TRACE] Received binary data (11852 bytes) without metadata, ignoring","module":"server","service":"verbyflow","timestamp":"2025-07-05 23:59:30"}
{"level":"info","message":"[TRACE] Received binary WebSocket message: 2872 bytes from user 7f003d4d-ebf9-451d-be08-5e81295f82de in call 66d8f631-6158-44e4-8bda-2fbc3d1359db","module":"server","service":"verbyflow","timestamp":"2025-07-05 23:59:30"}
{"level":"info","message":"[TRACE] Current pending metadata count: 0","module":"server","service":"verbyflow","timestamp":"2025-07-05 23:59:30"}
{"level":"warn","message":"[TRACE] Received binary data (2872 bytes) without metadata, ignoring","module":"server","service":"verbyflow","timestamp":"2025-07-05 23:59:30"}
{"level":"info","message":"[TRACE] Received binary WebSocket message: 92 bytes from user 7f003d4d-ebf9-451d-be08-5e81295f82de in call 66d8f631-6158-44e4-8bda-2fbc3d1359db","module":"server","service":"verbyflow","timestamp":"2025-07-05 23:59:31"}
{"level":"info","message":"[TRACE] Current pending metadata count: 0","module":"server","service":"verbyflow","timestamp":"2025-07-05 23:59:31"}
{"level":"warn","message":"[TRACE] Received binary data (92 bytes) without metadata, ignoring","module":"server","service":"verbyflow","timestamp":"2025-07-05 23:59:31"}
{"level":"info","message":"[TRACE] Received binary WebSocket message: 2790 bytes from user 7f003d4d-ebf9-451d-be08-5e81295f82de in call 66d8f631-6158-44e4-8bda-2fbc3d1359db","module":"server","service":"verbyflow","timestamp":"2025-07-05 23:59:31"}
{"level":"info","message":"[TRACE] Current pending metadata count: 0","module":"server","service":"verbyflow","timestamp":"2025-07-05 23:59:31"}
{"level":"warn","message":"[TRACE] Received binary data (2790 bytes) without metadata, ignoring","module":"server","service":"verbyflow","timestamp":"2025-07-05 23:59:31"}
{"level":"info","message":"[TRACE] Received binary WebSocket message: 92 bytes from user 7f003d4d-ebf9-451d-be08-5e81295f82de in call 66d8f631-6158-44e4-8bda-2fbc3d1359db","module":"server","service":"verbyflow","timestamp":"2025-07-05 23:59:32"}
{"level":"info","message":"[TRACE] Current pending metadata count: 0","module":"server","service":"verbyflow","timestamp":"2025-07-05 23:59:32"}
{"level":"warn","message":"[TRACE] Received binary data (92 bytes) without metadata, ignoring","module":"server","service":"verbyflow","timestamp":"2025-07-05 23:59:32"}
{"level":"info","message":"[TRACE] Received binary WebSocket message: 91 bytes from user 7f003d4d-ebf9-451d-be08-5e81295f82de in call 66d8f631-6158-44e4-8bda-2fbc3d1359db","module":"server","service":"verbyflow","timestamp":"2025-07-05 23:59:32"}
{"level":"info","message":"[TRACE] Current pending metadata count: 0","module":"server","service":"verbyflow","timestamp":"2025-07-05 23:59:32"}
{"level":"warn","message":"[TRACE] Received binary data (91 bytes) without metadata, ignoring","module":"server","service":"verbyflow","timestamp":"2025-07-05 23:59:32"}
{"level":"info","message":"[TRACE] Received binary WebSocket message: 3116 bytes from user 7f003d4d-ebf9-451d-be08-5e81295f82de in call 66d8f631-6158-44e4-8bda-2fbc3d1359db","module":"server","service":"verbyflow","timestamp":"2025-07-05 23:59:32"}
{"level":"info","message":"[TRACE] Current pending metadata count: 0","module":"server","service":"verbyflow","timestamp":"2025-07-05 23:59:32"}
{"level":"warn","message":"[TRACE] Received binary data (3116 bytes) without metadata, ignoring","module":"server","service":"verbyflow","timestamp":"2025-07-05 23:59:32"}
{"level":"info","message":"[TRACE] Received binary WebSocket message: 92 bytes from user 7f003d4d-ebf9-451d-be08-5e81295f82de in call 66d8f631-6158-44e4-8bda-2fbc3d1359db","module":"server","service":"verbyflow","timestamp":"2025-07-05 23:59:33"}
{"level":"info","message":"[TRACE] Current pending metadata count: 0","module":"server","service":"verbyflow","timestamp":"2025-07-05 23:59:33"}
{"level":"warn","message":"[TRACE] Received binary data (92 bytes) without metadata, ignoring","module":"server","service":"verbyflow","timestamp":"2025-07-05 23:59:33"}
{"level":"info","message":"[TRACE] Received binary WebSocket message: 8778 bytes from user 7f003d4d-ebf9-451d-be08-5e81295f82de in call 66d8f631-6158-44e4-8bda-2fbc3d1359db","module":"server","service":"verbyflow","timestamp":"2025-07-05 23:59:33"}
{"level":"info","message":"[TRACE] Current pending metadata count: 0","module":"server","service":"verbyflow","timestamp":"2025-07-05 23:59:33"}
{"level":"warn","message":"[TRACE] Received binary data (8778 bytes) without metadata, ignoring","module":"server","service":"verbyflow","timestamp":"2025-07-05 23:59:33"}
{"level":"info","message":"[TRACE] Received binary WebSocket message: 2922 bytes from user 7f003d4d-ebf9-451d-be08-5e81295f82de in call 66d8f631-6158-44e4-8bda-2fbc3d1359db","module":"server","service":"verbyflow","timestamp":"2025-07-05 23:59:33"}
{"level":"info","message":"[TRACE] Current pending metadata count: 0","module":"server","service":"verbyflow","timestamp":"2025-07-05 23:59:33"}
{"level":"warn","message":"[TRACE] Received binary data (2922 bytes) without metadata, ignoring","module":"server","service":"verbyflow","timestamp":"2025-07-05 23:59:33"}
{"level":"info","message":"[TRACE] Received binary WebSocket message: 92 bytes from user 7f003d4d-ebf9-451d-be08-5e81295f82de in call 66d8f631-6158-44e4-8bda-2fbc3d1359db","module":"server","service":"verbyflow","timestamp":"2025-07-05 23:59:34"}
{"level":"info","message":"[TRACE] Current pending metadata count: 0","module":"server","service":"verbyflow","timestamp":"2025-07-05 23:59:34"}
{"level":"warn","message":"[TRACE] Received binary data (92 bytes) without metadata, ignoring","module":"server","service":"verbyflow","timestamp":"2025-07-05 23:59:34"}
{"level":"info","message":"[TRACE] Received binary WebSocket message: 2879 bytes from user 7f003d4d-ebf9-451d-be08-5e81295f82de in call 66d8f631-6158-44e4-8bda-2fbc3d1359db","module":"server","service":"verbyflow","timestamp":"2025-07-05 23:59:34"}
{"level":"info","message":"[TRACE] Current pending metadata count: 0","module":"server","service":"verbyflow","timestamp":"2025-07-05 23:59:34"}
{"level":"warn","message":"[TRACE] Received binary data (2879 bytes) without metadata, ignoring","module":"server","service":"verbyflow","timestamp":"2025-07-05 23:59:34"}
{"level":"info","message":"[TRACE] Received binary WebSocket message: 92 bytes from user 7f003d4d-ebf9-451d-be08-5e81295f82de in call 66d8f631-6158-44e4-8bda-2fbc3d1359db","module":"server","service":"verbyflow","timestamp":"2025-07-05 23:59:35"}
{"level":"info","message":"[TRACE] Current pending metadata count: 0","module":"server","service":"verbyflow","timestamp":"2025-07-05 23:59:35"}
{"level":"warn","message":"[TRACE] Received binary data (92 bytes) without metadata, ignoring","module":"server","service":"verbyflow","timestamp":"2025-07-05 23:59:35"}
{"level":"info","message":"[TRACE] Received binary WebSocket message: 91 bytes from user 7f003d4d-ebf9-451d-be08-5e81295f82de in call 66d8f631-6158-44e4-8bda-2fbc3d1359db","module":"server","service":"verbyflow","timestamp":"2025-07-05 23:59:35"}
{"level":"info","message":"[TRACE] Current pending metadata count: 0","module":"server","service":"verbyflow","timestamp":"2025-07-05 23:59:35"}
{"level":"warn","message":"[TRACE] Received binary data (91 bytes) without metadata, ignoring","module":"server","service":"verbyflow","timestamp":"2025-07-05 23:59:35"}
{"level":"info","message":"[TRACE] Received binary WebSocket message: 3069 bytes from user 7f003d4d-ebf9-451d-be08-5e81295f82de in call 66d8f631-6158-44e4-8bda-2fbc3d1359db","module":"server","service":"verbyflow","timestamp":"2025-07-05 23:59:35"}
{"level":"info","message":"[TRACE] Current pending metadata count: 0","module":"server","service":"verbyflow","timestamp":"2025-07-05 23:59:35"}
{"level":"warn","message":"[TRACE] Received binary data (3069 bytes) without metadata, ignoring","module":"server","service":"verbyflow","timestamp":"2025-07-05 23:59:35"}
{"level":"info","message":"[TRACE] Received binary WebSocket message: 92 bytes from user 7f003d4d-ebf9-451d-be08-5e81295f82de in call 66d8f631-6158-44e4-8bda-2fbc3d1359db","module":"server","service":"verbyflow","timestamp":"2025-07-05 23:59:36"}
{"level":"info","message":"[TRACE] Current pending metadata count: 0","module":"server","service":"verbyflow","timestamp":"2025-07-05 23:59:36"}
{"level":"warn","message":"[TRACE] Received binary data (92 bytes) without metadata, ignoring","module":"server","service":"verbyflow","timestamp":"2025-07-05 23:59:36"}
{"level":"info","message":"[TRACE] Received binary WebSocket message: 8870 bytes from user 7f003d4d-ebf9-451d-be08-5e81295f82de in call 66d8f631-6158-44e4-8bda-2fbc3d1359db","module":"server","service":"verbyflow","timestamp":"2025-07-05 23:59:36"}
{"level":"info","message":"[TRACE] Current pending metadata count: 0","module":"server","service":"verbyflow","timestamp":"2025-07-05 23:59:36"}
{"level":"warn","message":"[TRACE] Received binary data (8870 bytes) without metadata, ignoring","module":"server","service":"verbyflow","timestamp":"2025-07-05 23:59:36"}
{"level":"info","message":"[TRACE] Received binary WebSocket message: 3037 bytes from user 7f003d4d-ebf9-451d-be08-5e81295f82de in call 66d8f631-6158-44e4-8bda-2fbc3d1359db","module":"server","service":"verbyflow","timestamp":"2025-07-05 23:59:36"}
{"level":"info","message":"[TRACE] Current pending metadata count: 0","module":"server","service":"verbyflow","timestamp":"2025-07-05 23:59:36"}
{"level":"warn","message":"[TRACE] Received binary data (3037 bytes) without metadata, ignoring","module":"server","service":"verbyflow","timestamp":"2025-07-05 23:59:36"}
{"level":"info","message":"[TRACE] Received binary WebSocket message: 92 bytes from user 7f003d4d-ebf9-451d-be08-5e81295f82de in call 66d8f631-6158-44e4-8bda-2fbc3d1359db","module":"server","service":"verbyflow","timestamp":"2025-07-05 23:59:37"}
{"level":"info","message":"[TRACE] Current pending metadata count: 0","module":"server","service":"verbyflow","timestamp":"2025-07-05 23:59:37"}
{"level":"warn","message":"[TRACE] Received binary data (92 bytes) without metadata, ignoring","module":"server","service":"verbyflow","timestamp":"2025-07-05 23:59:37"}
{"level":"info","message":"[TRACE] Received binary WebSocket message: 3048 bytes from user 7f003d4d-ebf9-451d-be08-5e81295f82de in call 66d8f631-6158-44e4-8bda-2fbc3d1359db","module":"server","service":"verbyflow","timestamp":"2025-07-05 23:59:37"}
{"level":"info","message":"[TRACE] Current pending metadata count: 0","module":"server","service":"verbyflow","timestamp":"2025-07-05 23:59:37"}
{"level":"warn","message":"[TRACE] Received binary data (3048 bytes) without metadata, ignoring","module":"server","service":"verbyflow","timestamp":"2025-07-05 23:59:37"}
{"level":"info","message":"[TRACE] Received binary WebSocket message: 92 bytes from user 7f003d4d-ebf9-451d-be08-5e81295f82de in call 66d8f631-6158-44e4-8bda-2fbc3d1359db","module":"server","service":"verbyflow","timestamp":"2025-07-05 23:59:38"}
{"level":"info","message":"[TRACE] Current pending metadata count: 0","module":"server","service":"verbyflow","timestamp":"2025-07-05 23:59:38"}
{"level":"warn","message":"[TRACE] Received binary data (92 bytes) without metadata, ignoring","module":"server","service":"verbyflow","timestamp":"2025-07-05 23:59:38"}
{"level":"info","message":"[TRACE] Received binary WebSocket message: 2821 bytes from user 7f003d4d-ebf9-451d-be08-5e81295f82de in call 66d8f631-6158-44e4-8bda-2fbc3d1359db","module":"server","service":"verbyflow","timestamp":"2025-07-05 23:59:38"}
{"level":"info","message":"[TRACE] Current pending metadata count: 0","module":"server","service":"verbyflow","timestamp":"2025-07-05 23:59:38"}
{"level":"warn","message":"[TRACE] Received binary data (2821 bytes) without metadata, ignoring","module":"server","service":"verbyflow","timestamp":"2025-07-05 23:59:38"}
{"level":"info","message":"[TRACE] Received binary WebSocket message: 92 bytes from user 7f003d4d-ebf9-451d-be08-5e81295f82de in call 66d8f631-6158-44e4-8bda-2fbc3d1359db","module":"server","service":"verbyflow","timestamp":"2025-07-05 23:59:39"}
{"level":"info","message":"[TRACE] Current pending metadata count: 0","module":"server","service":"verbyflow","timestamp":"2025-07-05 23:59:39"}
{"level":"warn","message":"[TRACE] Received binary data (92 bytes) without metadata, ignoring","module":"server","service":"verbyflow","timestamp":"2025-07-05 23:59:39"}
{"level":"info","message":"[TRACE] Received binary WebSocket message: 91 bytes from user 7f003d4d-ebf9-451d-be08-5e81295f82de in call 66d8f631-6158-44e4-8bda-2fbc3d1359db","module":"server","service":"verbyflow","timestamp":"2025-07-05 23:59:39"}
{"level":"info","message":"[TRACE] Current pending metadata count: 0","module":"server","service":"verbyflow","timestamp":"2025-07-05 23:59:39"}
{"level":"warn","message":"[TRACE] Received binary data (91 bytes) without metadata, ignoring","module":"server","service":"verbyflow","timestamp":"2025-07-05 23:59:39"}
{"level":"info","message":"[TRACE] Received binary WebSocket message: 3060 bytes from user 7f003d4d-ebf9-451d-be08-5e81295f82de in call 66d8f631-6158-44e4-8bda-2fbc3d1359db","module":"server","service":"verbyflow","timestamp":"2025-07-05 23:59:39"}
{"level":"info","message":"[TRACE] Current pending metadata count: 0","module":"server","service":"verbyflow","timestamp":"2025-07-05 23:59:39"}
{"level":"warn","message":"[TRACE] Received binary data (3060 bytes) without metadata, ignoring","module":"server","service":"verbyflow","timestamp":"2025-07-05 23:59:39"}
{"level":"info","message":"[TRACE] Received binary WebSocket message: 92 bytes from user 7f003d4d-ebf9-451d-be08-5e81295f82de in call 66d8f631-6158-44e4-8bda-2fbc3d1359db","module":"server","service":"verbyflow","timestamp":"2025-07-05 23:59:40"}
{"level":"info","message":"[TRACE] Current pending metadata count: 0","module":"server","service":"verbyflow","timestamp":"2025-07-05 23:59:40"}
{"level":"warn","message":"[TRACE] Received binary data (92 bytes) without metadata, ignoring","module":"server","service":"verbyflow","timestamp":"2025-07-05 23:59:40"}
{"level":"info","message":"[TRACE] Received binary WebSocket message: 11966 bytes from user 7f003d4d-ebf9-451d-be08-5e81295f82de in call 66d8f631-6158-44e4-8bda-2fbc3d1359db","module":"server","service":"verbyflow","timestamp":"2025-07-05 23:59:40"}
{"level":"info","message":"[TRACE] Current pending metadata count: 0","module":"server","service":"verbyflow","timestamp":"2025-07-05 23:59:40"}
{"level":"warn","message":"[TRACE] Received binary data (11966 bytes) without metadata, ignoring","module":"server","service":"verbyflow","timestamp":"2025-07-05 23:59:40"}
{"level":"info","message":"[TRACE] Received binary WebSocket message: 3051 bytes from user 7f003d4d-ebf9-451d-be08-5e81295f82de in call 66d8f631-6158-44e4-8bda-2fbc3d1359db","module":"server","service":"verbyflow","timestamp":"2025-07-05 23:59:40"}
{"level":"info","message":"[TRACE] Current pending metadata count: 0","module":"server","service":"verbyflow","timestamp":"2025-07-05 23:59:40"}
{"level":"warn","message":"[TRACE] Received binary data (3051 bytes) without metadata, ignoring","module":"server","service":"verbyflow","timestamp":"2025-07-05 23:59:40"}
{"level":"info","message":"[TRACE] Received binary WebSocket message: 92 bytes from user 7f003d4d-ebf9-451d-be08-5e81295f82de in call 66d8f631-6158-44e4-8bda-2fbc3d1359db","module":"server","service":"verbyflow","timestamp":"2025-07-05 23:59:41"}
{"level":"info","message":"[TRACE] Current pending metadata count: 0","module":"server","service":"verbyflow","timestamp":"2025-07-05 23:59:41"}
{"level":"warn","message":"[TRACE] Received binary data (92 bytes) without metadata, ignoring","module":"server","service":"verbyflow","timestamp":"2025-07-05 23:59:41"}
{"level":"info","message":"[TRACE] Received binary WebSocket message: 91 bytes from user 7f003d4d-ebf9-451d-be08-5e81295f82de in call 66d8f631-6158-44e4-8bda-2fbc3d1359db","module":"server","service":"verbyflow","timestamp":"2025-07-05 23:59:41"}
{"level":"info","message":"[TRACE] Current pending metadata count: 0","module":"server","service":"verbyflow","timestamp":"2025-07-05 23:59:41"}
{"level":"warn","message":"[TRACE] Received binary data (91 bytes) without metadata, ignoring","module":"server","service":"verbyflow","timestamp":"2025-07-05 23:59:41"}
{"level":"info","message":"[TRACE] Received binary WebSocket message: 3096 bytes from user 7f003d4d-ebf9-451d-be08-5e81295f82de in call 66d8f631-6158-44e4-8bda-2fbc3d1359db","module":"server","service":"verbyflow","timestamp":"2025-07-05 23:59:41"}
{"level":"info","message":"[TRACE] Current pending metadata count: 0","module":"server","service":"verbyflow","timestamp":"2025-07-05 23:59:41"}
{"level":"warn","message":"[TRACE] Received binary data (3096 bytes) without metadata, ignoring","module":"server","service":"verbyflow","timestamp":"2025-07-05 23:59:41"}
{"level":"info","message":"[TRACE] Received binary WebSocket message: 92 bytes from user 7f003d4d-ebf9-451d-be08-5e81295f82de in call 66d8f631-6158-44e4-8bda-2fbc3d1359db","module":"server","service":"verbyflow","timestamp":"2025-07-05 23:59:42"}
{"level":"info","message":"[TRACE] Current pending metadata count: 0","module":"server","service":"verbyflow","timestamp":"2025-07-05 23:59:42"}
{"level":"warn","message":"[TRACE] Received binary data (92 bytes) without metadata, ignoring","module":"server","service":"verbyflow","timestamp":"2025-07-05 23:59:42"}
{"level":"info","message":"[TRACE] Received binary WebSocket message: 6147 bytes from user 7f003d4d-ebf9-451d-be08-5e81295f82de in call 66d8f631-6158-44e4-8bda-2fbc3d1359db","module":"server","service":"verbyflow","timestamp":"2025-07-05 23:59:42"}
{"level":"info","message":"[TRACE] Current pending metadata count: 0","module":"server","service":"verbyflow","timestamp":"2025-07-05 23:59:42"}
{"level":"warn","message":"[TRACE] Received binary data (6147 bytes) without metadata, ignoring","module":"server","service":"verbyflow","timestamp":"2025-07-05 23:59:42"}
{"level":"info","message":"[TRACE] Received binary WebSocket message: 2980 bytes from user 7f003d4d-ebf9-451d-be08-5e81295f82de in call 66d8f631-6158-44e4-8bda-2fbc3d1359db","module":"server","service":"verbyflow","timestamp":"2025-07-05 23:59:42"}
{"level":"info","message":"[TRACE] Current pending metadata count: 0","module":"server","service":"verbyflow","timestamp":"2025-07-05 23:59:42"}
{"level":"warn","message":"[TRACE] Received binary data (2980 bytes) without metadata, ignoring","module":"server","service":"verbyflow","timestamp":"2025-07-05 23:59:42"}
{"level":"info","message":"[TRACE] Received binary WebSocket message: 92 bytes from user 7f003d4d-ebf9-451d-be08-5e81295f82de in call 66d8f631-6158-44e4-8bda-2fbc3d1359db","module":"server","service":"verbyflow","timestamp":"2025-07-05 23:59:43"}
{"level":"info","message":"[TRACE] Current pending metadata count: 0","module":"server","service":"verbyflow","timestamp":"2025-07-05 23:59:43"}
{"level":"warn","message":"[TRACE] Received binary data (92 bytes) without metadata, ignoring","module":"server","service":"verbyflow","timestamp":"2025-07-05 23:59:43"}
{"level":"info","message":"[TRACE] Received binary WebSocket message: 2834 bytes from user 7f003d4d-ebf9-451d-be08-5e81295f82de in call 66d8f631-6158-44e4-8bda-2fbc3d1359db","module":"server","service":"verbyflow","timestamp":"2025-07-05 23:59:43"}
{"level":"info","message":"[TRACE] Current pending metadata count: 0","module":"server","service":"verbyflow","timestamp":"2025-07-05 23:59:43"}
{"level":"warn","message":"[TRACE] Received binary data (2834 bytes) without metadata, ignoring","module":"server","service":"verbyflow","timestamp":"2025-07-05 23:59:43"}
{"level":"info","message":"[TRACE] Received binary WebSocket message: 92 bytes from user 7f003d4d-ebf9-451d-be08-5e81295f82de in call 66d8f631-6158-44e4-8bda-2fbc3d1359db","module":"server","service":"verbyflow","timestamp":"2025-07-05 23:59:44"}
{"level":"info","message":"[TRACE] Current pending metadata count: 0","module":"server","service":"verbyflow","timestamp":"2025-07-05 23:59:44"}
{"level":"warn","message":"[TRACE] Received binary data (92 bytes) without metadata, ignoring","module":"server","service":"verbyflow","timestamp":"2025-07-05 23:59:44"}
{"level":"info","message":"[TRACE] Received binary WebSocket message: 91 bytes from user 7f003d4d-ebf9-451d-be08-5e81295f82de in call 66d8f631-6158-44e4-8bda-2fbc3d1359db","module":"server","service":"verbyflow","timestamp":"2025-07-05 23:59:44"}
{"level":"info","message":"[TRACE] Current pending metadata count: 0","module":"server","service":"verbyflow","timestamp":"2025-07-05 23:59:44"}
{"level":"warn","message":"[TRACE] Received binary data (91 bytes) without metadata, ignoring","module":"server","service":"verbyflow","timestamp":"2025-07-05 23:59:44"}
{"level":"info","message":"[TRACE] Received binary WebSocket message: 3128 bytes from user 7f003d4d-ebf9-451d-be08-5e81295f82de in call 66d8f631-6158-44e4-8bda-2fbc3d1359db","module":"server","service":"verbyflow","timestamp":"2025-07-05 23:59:44"}
{"level":"info","message":"[TRACE] Current pending metadata count: 0","module":"server","service":"verbyflow","timestamp":"2025-07-05 23:59:44"}
{"level":"warn","message":"[TRACE] Received binary data (3128 bytes) without metadata, ignoring","module":"server","service":"verbyflow","timestamp":"2025-07-05 23:59:44"}
{"level":"info","message":"[TRACE] Received binary WebSocket message: 92 bytes from user 7f003d4d-ebf9-451d-be08-5e81295f82de in call 66d8f631-6158-44e4-8bda-2fbc3d1359db","module":"server","service":"verbyflow","timestamp":"2025-07-05 23:59:45"}
{"level":"info","message":"[TRACE] Current pending metadata count: 0","module":"server","service":"verbyflow","timestamp":"2025-07-05 23:59:45"}
{"level":"warn","message":"[TRACE] Received binary data (92 bytes) without metadata, ignoring","module":"server","service":"verbyflow","timestamp":"2025-07-05 23:59:45"}
{"level":"info","message":"[TRACE] Received binary WebSocket message: 8942 bytes from user 7f003d4d-ebf9-451d-be08-5e81295f82de in call 66d8f631-6158-44e4-8bda-2fbc3d1359db","module":"server","service":"verbyflow","timestamp":"2025-07-05 23:59:45"}
{"level":"info","message":"[TRACE] Current pending metadata count: 0","module":"server","service":"verbyflow","timestamp":"2025-07-05 23:59:45"}
{"level":"warn","message":"[TRACE] Received binary data (8942 bytes) without metadata, ignoring","module":"server","service":"verbyflow","timestamp":"2025-07-05 23:59:45"}
{"level":"info","message":"[TRACE] Received binary WebSocket message: 3023 bytes from user 7f003d4d-ebf9-451d-be08-5e81295f82de in call 66d8f631-6158-44e4-8bda-2fbc3d1359db","module":"server","service":"verbyflow","timestamp":"2025-07-05 23:59:45"}
{"level":"info","message":"[TRACE] Current pending metadata count: 0","module":"server","service":"verbyflow","timestamp":"2025-07-05 23:59:45"}
{"level":"warn","message":"[TRACE] Received binary data (3023 bytes) without metadata, ignoring","module":"server","service":"verbyflow","timestamp":"2025-07-05 23:59:45"}
{"level":"info","message":"[TRACE] Received binary WebSocket message: 92 bytes from user 7f003d4d-ebf9-451d-be08-5e81295f82de in call 66d8f631-6158-44e4-8bda-2fbc3d1359db","module":"server","service":"verbyflow","timestamp":"2025-07-05 23:59:46"}
{"level":"info","message":"[TRACE] Current pending metadata count: 0","module":"server","service":"verbyflow","timestamp":"2025-07-05 23:59:46"}
{"level":"warn","message":"[TRACE] Received binary data (92 bytes) without metadata, ignoring","module":"server","service":"verbyflow","timestamp":"2025-07-05 23:59:46"}
{"level":"info","message":"[TRACE] Received binary WebSocket message: 3095 bytes from user 7f003d4d-ebf9-451d-be08-5e81295f82de in call 66d8f631-6158-44e4-8bda-2fbc3d1359db","module":"server","service":"verbyflow","timestamp":"2025-07-05 23:59:46"}
{"level":"info","message":"[TRACE] Current pending metadata count: 0","module":"server","service":"verbyflow","timestamp":"2025-07-05 23:59:46"}
{"level":"warn","message":"[TRACE] Received binary data (3095 bytes) without metadata, ignoring","module":"server","service":"verbyflow","timestamp":"2025-07-05 23:59:46"}
{"level":"info","message":"[TRACE] Received binary WebSocket message: 91 bytes from user 7f003d4d-ebf9-451d-be08-5e81295f82de in call 66d8f631-6158-44e4-8bda-2fbc3d1359db","module":"server","service":"verbyflow","timestamp":"2025-07-05 23:59:47"}
{"level":"info","message":"[TRACE] Current pending metadata count: 0","module":"server","service":"verbyflow","timestamp":"2025-07-05 23:59:47"}
{"level":"warn","message":"[TRACE] Received binary data (91 bytes) without metadata, ignoring","module":"server","service":"verbyflow","timestamp":"2025-07-05 23:59:47"}
{"level":"info","message":"[TRACE] Received binary WebSocket message: 6118 bytes from user 7f003d4d-ebf9-451d-be08-5e81295f82de in call 66d8f631-6158-44e4-8bda-2fbc3d1359db","module":"server","service":"verbyflow","timestamp":"2025-07-05 23:59:47"}
{"level":"info","message":"[TRACE] Current pending metadata count: 0","module":"server","service":"verbyflow","timestamp":"2025-07-05 23:59:47"}
{"level":"warn","message":"[TRACE] Received binary data (6118 bytes) without metadata, ignoring","module":"server","service":"verbyflow","timestamp":"2025-07-05 23:59:47"}
{"level":"info","message":"[TRACE] Received binary WebSocket message: 92 bytes from user 7f003d4d-ebf9-451d-be08-5e81295f82de in call 66d8f631-6158-44e4-8bda-2fbc3d1359db","module":"server","service":"verbyflow","timestamp":"2025-07-05 23:59:47"}
{"level":"info","message":"[TRACE] Current pending metadata count: 0","module":"server","service":"verbyflow","timestamp":"2025-07-05 23:59:47"}
{"level":"warn","message":"[TRACE] Received binary data (92 bytes) without metadata, ignoring","module":"server","service":"verbyflow","timestamp":"2025-07-05 23:59:47"}
{"level":"info","message":"[TRACE] Received binary WebSocket message: 2776 bytes from user 7f003d4d-ebf9-451d-be08-5e81295f82de in call 66d8f631-6158-44e4-8bda-2fbc3d1359db","module":"server","service":"verbyflow","timestamp":"2025-07-05 23:59:47"}
{"level":"info","message":"[TRACE] Current pending metadata count: 0","module":"server","service":"verbyflow","timestamp":"2025-07-05 23:59:47"}
{"level":"warn","message":"[TRACE] Received binary data (2776 bytes) without metadata, ignoring","module":"server","service":"verbyflow","timestamp":"2025-07-05 23:59:47"}
{"level":"info","message":"[TRACE] Received binary WebSocket message: 92 bytes from user 7f003d4d-ebf9-451d-be08-5e81295f82de in call 66d8f631-6158-44e4-8bda-2fbc3d1359db","module":"server","service":"verbyflow","timestamp":"2025-07-05 23:59:48"}
{"level":"info","message":"[TRACE] Current pending metadata count: 0","module":"server","service":"verbyflow","timestamp":"2025-07-05 23:59:48"}
{"level":"warn","message":"[TRACE] Received binary data (92 bytes) without metadata, ignoring","module":"server","service":"verbyflow","timestamp":"2025-07-05 23:59:48"}
{"level":"info","message":"[TRACE] Received binary WebSocket message: 2932 bytes from user 7f003d4d-ebf9-451d-be08-5e81295f82de in call 66d8f631-6158-44e4-8bda-2fbc3d1359db","module":"server","service":"verbyflow","timestamp":"2025-07-05 23:59:48"}
{"level":"info","message":"[TRACE] Current pending metadata count: 0","module":"server","service":"verbyflow","timestamp":"2025-07-05 23:59:48"}
{"level":"warn","message":"[TRACE] Received binary data (2932 bytes) without metadata, ignoring","module":"server","service":"verbyflow","timestamp":"2025-07-05 23:59:48"}
{"level":"info","message":"[TRACE] Received binary WebSocket message: 92 bytes from user 7f003d4d-ebf9-451d-be08-5e81295f82de in call 66d8f631-6158-44e4-8bda-2fbc3d1359db","module":"server","service":"verbyflow","timestamp":"2025-07-05 23:59:49"}
{"level":"info","message":"[TRACE] Current pending metadata count: 0","module":"server","service":"verbyflow","timestamp":"2025-07-05 23:59:49"}
{"level":"warn","message":"[TRACE] Received binary data (92 bytes) without metadata, ignoring","module":"server","service":"verbyflow","timestamp":"2025-07-05 23:59:49"}
{"level":"info","message":"[TRACE] Received binary WebSocket message: 3109 bytes from user 7f003d4d-ebf9-451d-be08-5e81295f82de in call 66d8f631-6158-44e4-8bda-2fbc3d1359db","module":"server","service":"verbyflow","timestamp":"2025-07-05 23:59:49"}
{"level":"info","message":"[TRACE] Current pending metadata count: 0","module":"server","service":"verbyflow","timestamp":"2025-07-05 23:59:49"}
{"level":"warn","message":"[TRACE] Received binary data (3109 bytes) without metadata, ignoring","module":"server","service":"verbyflow","timestamp":"2025-07-05 23:59:49"}
{"level":"info","message":"[TRACE] Received binary WebSocket message: 91 bytes from user 7f003d4d-ebf9-451d-be08-5e81295f82de in call 66d8f631-6158-44e4-8bda-2fbc3d1359db","module":"server","service":"verbyflow","timestamp":"2025-07-05 23:59:50"}
{"level":"info","message":"[TRACE] Current pending metadata count: 0","module":"server","service":"verbyflow","timestamp":"2025-07-05 23:59:50"}
{"level":"warn","message":"[TRACE] Received binary data (91 bytes) without metadata, ignoring","module":"server","service":"verbyflow","timestamp":"2025-07-05 23:59:50"}
{"level":"info","message":"[TRACE] Received binary WebSocket message: 8817 bytes from user 7f003d4d-ebf9-451d-be08-5e81295f82de in call 66d8f631-6158-44e4-8bda-2fbc3d1359db","module":"server","service":"verbyflow","timestamp":"2025-07-05 23:59:50"}
{"level":"info","message":"[TRACE] Current pending metadata count: 0","module":"server","service":"verbyflow","timestamp":"2025-07-05 23:59:50"}
{"level":"warn","message":"[TRACE] Received binary data (8817 bytes) without metadata, ignoring","module":"server","service":"verbyflow","timestamp":"2025-07-05 23:59:50"}
{"level":"info","message":"[TRACE] Received binary WebSocket message: 92 bytes from user 7f003d4d-ebf9-451d-be08-5e81295f82de in call 66d8f631-6158-44e4-8bda-2fbc3d1359db","module":"server","service":"verbyflow","timestamp":"2025-07-05 23:59:50"}
{"level":"info","message":"[TRACE] Current pending metadata count: 0","module":"server","service":"verbyflow","timestamp":"2025-07-05 23:59:50"}
{"level":"warn","message":"[TRACE] Received binary data (92 bytes) without metadata, ignoring","module":"server","service":"verbyflow","timestamp":"2025-07-05 23:59:50"}
{"level":"info","message":"[TRACE] Received binary WebSocket message: 2946 bytes from user 7f003d4d-ebf9-451d-be08-5e81295f82de in call 66d8f631-6158-44e4-8bda-2fbc3d1359db","module":"server","service":"verbyflow","timestamp":"2025-07-05 23:59:50"}
{"level":"info","message":"[TRACE] Current pending metadata count: 0","module":"server","service":"verbyflow","timestamp":"2025-07-05 23:59:50"}
{"level":"warn","message":"[TRACE] Received binary data (2946 bytes) without metadata, ignoring","module":"server","service":"verbyflow","timestamp":"2025-07-05 23:59:50"}
{"level":"info","message":"[TRACE] Received binary WebSocket message: 92 bytes from user 7f003d4d-ebf9-451d-be08-5e81295f82de in call 66d8f631-6158-44e4-8bda-2fbc3d1359db","module":"server","service":"verbyflow","timestamp":"2025-07-05 23:59:51"}
{"level":"info","message":"[TRACE] Current pending metadata count: 0","module":"server","service":"verbyflow","timestamp":"2025-07-05 23:59:51"}
{"level":"warn","message":"[TRACE] Received binary data (92 bytes) without metadata, ignoring","module":"server","service":"verbyflow","timestamp":"2025-07-05 23:59:51"}
{"level":"info","message":"[TRACE] Received binary WebSocket message: 2647 bytes from user 7f003d4d-ebf9-451d-be08-5e81295f82de in call 66d8f631-6158-44e4-8bda-2fbc3d1359db","module":"server","service":"verbyflow","timestamp":"2025-07-05 23:59:51"}
{"level":"info","message":"[TRACE] Current pending metadata count: 0","module":"server","service":"verbyflow","timestamp":"2025-07-05 23:59:51"}
{"level":"warn","message":"[TRACE] Received binary data (2647 bytes) without metadata, ignoring","module":"server","service":"verbyflow","timestamp":"2025-07-05 23:59:51"}
{"level":"info","message":"[TRACE] Received binary WebSocket message: 92 bytes from user 7f003d4d-ebf9-451d-be08-5e81295f82de in call 66d8f631-6158-44e4-8bda-2fbc3d1359db","module":"server","service":"verbyflow","timestamp":"2025-07-05 23:59:52"}
{"level":"info","message":"[TRACE] Current pending metadata count: 0","module":"server","service":"verbyflow","timestamp":"2025-07-05 23:59:52"}
{"level":"warn","message":"[TRACE] Received binary data (92 bytes) without metadata, ignoring","module":"server","service":"verbyflow","timestamp":"2025-07-05 23:59:52"}
{"level":"info","message":"[TRACE] Received binary WebSocket message: 2742 bytes from user 7f003d4d-ebf9-451d-be08-5e81295f82de in call 66d8f631-6158-44e4-8bda-2fbc3d1359db","module":"server","service":"verbyflow","timestamp":"2025-07-05 23:59:52"}
{"level":"info","message":"[TRACE] Current pending metadata count: 0","module":"server","service":"verbyflow","timestamp":"2025-07-05 23:59:52"}
{"level":"warn","message":"[TRACE] Received binary data (2742 bytes) without metadata, ignoring","module":"server","service":"verbyflow","timestamp":"2025-07-05 23:59:52"}
{"level":"info","message":"[TRACE] Received binary WebSocket message: 92 bytes from user 7f003d4d-ebf9-451d-be08-5e81295f82de in call 66d8f631-6158-44e4-8bda-2fbc3d1359db","module":"server","service":"verbyflow","timestamp":"2025-07-05 23:59:53"}
{"level":"info","message":"[TRACE] Current pending metadata count: 0","module":"server","service":"verbyflow","timestamp":"2025-07-05 23:59:53"}
{"level":"warn","message":"[TRACE] Received binary data (92 bytes) without metadata, ignoring","module":"server","service":"verbyflow","timestamp":"2025-07-05 23:59:53"}
{"level":"info","message":"[TRACE] Received binary WebSocket message: 2729 bytes from user 7f003d4d-ebf9-451d-be08-5e81295f82de in call 66d8f631-6158-44e4-8bda-2fbc3d1359db","module":"server","service":"verbyflow","timestamp":"2025-07-05 23:59:53"}
{"level":"info","message":"[TRACE] Current pending metadata count: 0","module":"server","service":"verbyflow","timestamp":"2025-07-05 23:59:53"}
{"level":"warn","message":"[TRACE] Received binary data (2729 bytes) without metadata, ignoring","module":"server","service":"verbyflow","timestamp":"2025-07-05 23:59:53"}
{"level":"info","message":"[TRACE] WebSocket connection closed for user 7f003d4d-ebf9-451d-be08-5e81295f82de with code 1005: ","module":"server","service":"verbyflow","timestamp":"2025-07-05 23:59:54"}
{"level":"info","message":"[TRACE] Active WebSocket connections remaining: 0","module":"server","service":"verbyflow","timestamp":"2025-07-05 23:59:54"}
{"level":"info","message":"[TRACE] Clearing any pending metadata entries for closed connection","module":"server","service":"verbyflow","timestamp":"2025-07-05 23:59:54"}
{"level":"info","message":"[TRACE] WebSocket connection cleanup complete","module":"server","service":"verbyflow","timestamp":"2025-07-05 23:59:54"}
{"level":"debug","message":"Fetching available languages","module":"api-routes","service":"verbyflow","timestamp":"2025-07-05 23:59:54"}
{"level":"info","message":"Raw WebSocket client connected: 7f003d4d-ebf9-451d-be08-5e81295f82de to call 66d8f631-6158-44e4-8bda-2fbc3d1359db","module":"server","service":"verbyflow","timestamp":"2025-07-05 23:59:56"}
{"level":"info","message":"[TRACE] Received binary WebSocket message: 189 bytes from user 7f003d4d-ebf9-451d-be08-5e81295f82de in call 66d8f631-6158-44e4-8bda-2fbc3d1359db","module":"server","service":"verbyflow","timestamp":"2025-07-05 23:59:56"}
{"level":"info","message":"[TRACE] Current pending metadata count: 0","module":"server","service":"verbyflow","timestamp":"2025-07-05 23:59:56"}
{"level":"warn","message":"[TRACE] Received binary data (189 bytes) without metadata, ignoring","module":"server","service":"verbyflow","timestamp":"2025-07-05 23:59:56"}
{"level":"info","message":"[TRACE] WebSocket connection closed for user 40775662-f721-4518-a974-a460337220c2 with code 1001: ","module":"server","service":"verbyflow","timestamp":"2025-07-06 00:04:16"}
{"level":"info","message":"[TRACE] Active WebSocket connections remaining: 0","module":"server","service":"verbyflow","timestamp":"2025-07-06 00:04:16"}
{"level":"info","message":"[TRACE] Clearing any pending metadata entries for closed connection","module":"server","service":"verbyflow","timestamp":"2025-07-06 00:04:16"}
{"level":"info","message":"[TRACE] WebSocket connection cleanup complete","module":"server","service":"verbyflow","timestamp":"2025-07-06 00:04:16"}
{"level":"info","message":"[TRACE] WebSocket connection closed for user 7f003d4d-ebf9-451d-be08-5e81295f82de with code 1001: ","module":"server","service":"verbyflow","timestamp":"2025-07-06 00:04:16"}
{"level":"info","message":"[TRACE] Active WebSocket connections remaining: -1","module":"server","service":"verbyflow","timestamp":"2025-07-06 00:04:16"}
{"level":"info","message":"[TRACE] Clearing any pending metadata entries for closed connection","module":"server","service":"verbyflow","timestamp":"2025-07-06 00:04:16"}
{"level":"info","message":"[TRACE] WebSocket connection cleanup complete","module":"server","service":"verbyflow","timestamp":"2025-07-06 00:04:16"}
{"level":"debug","message":"Fetching available languages","module":"api-routes","service":"verbyflow","timestamp":"2025-07-06 00:04:16"}
{"level":"debug","message":"Fetching available languages","module":"api-routes","service":"verbyflow","timestamp":"2025-07-06 00:04:20"}
{"level":"debug","message":"Fetching call: 66d8f631-6158-44e4-8bda-2fbc3d1359db","module":"calls-api","service":"verbyflow","timestamp":"2025-07-06 00:04:20"}
{"level":"info","message":"Raw WebSocket client connected: 40775662-f721-4518-a974-a460337220c2 to call 66d8f631-6158-44e4-8bda-2fbc3d1359db","module":"server","service":"verbyflow","timestamp":"2025-07-06 00:04:20"}
{"level":"info","message":"[TRACE] Received binary WebSocket message: 189 bytes from user 40775662-f721-4518-a974-a460337220c2 in call 66d8f631-6158-44e4-8bda-2fbc3d1359db","module":"server","service":"verbyflow","timestamp":"2025-07-06 00:04:20"}
{"level":"info","message":"[TRACE] Current pending metadata count: 0","module":"server","service":"verbyflow","timestamp":"2025-07-06 00:04:20"}
{"level":"warn","message":"[TRACE] Received binary data (189 bytes) without metadata, ignoring","module":"server","service":"verbyflow","timestamp":"2025-07-06 00:04:20"}
{"level":"info","message":"[TRACE] WebSocket connection closed for user 40775662-f721-4518-a974-a460337220c2 with code 1001: ","module":"server","service":"verbyflow","timestamp":"2025-07-06 00:06:59"}
{"level":"info","message":"[TRACE] Active WebSocket connections remaining: -1","module":"server","service":"verbyflow","timestamp":"2025-07-06 00:06:59"}
{"level":"info","message":"[TRACE] Clearing any pending metadata entries for closed connection","module":"server","service":"verbyflow","timestamp":"2025-07-06 00:06:59"}
{"level":"info","message":"[TRACE] WebSocket connection cleanup complete","module":"server","service":"verbyflow","timestamp":"2025-07-06 00:06:59"}
{"level":"debug","message":"Fetching available languages","module":"api-routes","service":"verbyflow","timestamp":"2025-07-06 00:06:59"}
{"level":"debug","message":"Fetching available languages","module":"api-routes","service":"verbyflow","timestamp":"2025-07-06 00:07:03"}
{"level":"debug","message":"Fetching call: 66d8f631-6158-44e4-8bda-2fbc3d1359db","module":"calls-api","service":"verbyflow","timestamp":"2025-07-06 00:07:03"}
{"level":"info","message":"Raw WebSocket client connected: 40775662-f721-4518-a974-a460337220c2 to call 66d8f631-6158-44e4-8bda-2fbc3d1359db","module":"server","service":"verbyflow","timestamp":"2025-07-06 00:07:03"}
{"level":"info","message":"[TRACE] Received binary WebSocket message: 189 bytes from user 40775662-f721-4518-a974-a460337220c2 in call 66d8f631-6158-44e4-8bda-2fbc3d1359db","module":"server","service":"verbyflow","timestamp":"2025-07-06 00:07:03"}
{"level":"info","message":"[TRACE] Current pending metadata count: 0","module":"server","service":"verbyflow","timestamp":"2025-07-06 00:07:03"}
{"level":"warn","message":"[TRACE] Received binary data (189 bytes) without metadata, ignoring","module":"server","service":"verbyflow","timestamp":"2025-07-06 00:07:03"}
{"level":"info","message":"[TRACE] WebSocket connection closed for user 40775662-f721-4518-a974-a460337220c2 with code 1005: ","module":"server","service":"verbyflow","timestamp":"2025-07-06 00:08:49"}
{"level":"info","message":"[TRACE] Active WebSocket connections remaining: -1","module":"server","service":"verbyflow","timestamp":"2025-07-06 00:08:49"}
{"level":"info","message":"[TRACE] Clearing any pending metadata entries for closed connection","module":"server","service":"verbyflow","timestamp":"2025-07-06 00:08:49"}
{"level":"info","message":"[TRACE] WebSocket connection cleanup complete","module":"server","service":"verbyflow","timestamp":"2025-07-06 00:08:49"}
{"level":"debug","message":"Fetching available languages","module":"api-routes","service":"verbyflow","timestamp":"2025-07-06 00:08:49"}
{"level":"debug","message":"Fetching available languages","module":"api-routes","service":"verbyflow","timestamp":"2025-07-06 00:08:52"}
{"level":"debug","message":"Fetching available languages","module":"api-routes","service":"verbyflow","timestamp":"2025-07-06 00:08:56"}
{"level":"info","message":"Created new call: ad459091-ca69-44d9-8cb5-b68d580cdc0a by user 40775662-f721-4518-a974-a460337220c2","module":"calls-api","service":"verbyflow","timestamp":"2025-07-06 00:08:59"}
{"level":"info","message":"Raw WebSocket client connected: 40775662-f721-4518-a974-a460337220c2 to call ad459091-ca69-44d9-8cb5-b68d580cdc0a","module":"server","service":"verbyflow","timestamp":"2025-07-06 00:08:59"}
{"level":"info","message":"[TRACE] Received binary WebSocket message: 189 bytes from user 40775662-f721-4518-a974-a460337220c2 in call ad459091-ca69-44d9-8cb5-b68d580cdc0a","module":"server","service":"verbyflow","timestamp":"2025-07-06 00:08:59"}
{"level":"info","message":"[TRACE] Current pending metadata count: 0","module":"server","service":"verbyflow","timestamp":"2025-07-06 00:08:59"}
{"level":"warn","message":"[TRACE] Received binary data (189 bytes) without metadata, ignoring","module":"server","service":"verbyflow","timestamp":"2025-07-06 00:08:59"}
{"level":"debug","message":"Fetching call: ad459091-ca69-44d9-8cb5-b68d580cdc0a","module":"calls-api","service":"verbyflow","timestamp":"2025-07-06 00:09:04"}
{"level":"info","message":"Raw WebSocket client connected: 7f003d4d-ebf9-451d-be08-5e81295f82de to call ad459091-ca69-44d9-8cb5-b68d580cdc0a","module":"server","service":"verbyflow","timestamp":"2025-07-06 00:09:04"}
{"level":"info","message":"[TRACE] Received binary WebSocket message: 189 bytes from user 7f003d4d-ebf9-451d-be08-5e81295f82de in call ad459091-ca69-44d9-8cb5-b68d580cdc0a","module":"server","service":"verbyflow","timestamp":"2025-07-06 00:09:04"}
{"level":"info","message":"[TRACE] Current pending metadata count: 0","module":"server","service":"verbyflow","timestamp":"2025-07-06 00:09:04"}
{"level":"warn","message":"[TRACE] Received binary data (189 bytes) without metadata, ignoring","module":"server","service":"verbyflow","timestamp":"2025-07-06 00:09:04"}
{"level":"info","message":"[TRACE] Received binary WebSocket message: 92 bytes from user 7f003d4d-ebf9-451d-be08-5e81295f82de in call ad459091-ca69-44d9-8cb5-b68d580cdc0a","module":"server","service":"verbyflow","timestamp":"2025-07-06 00:09:08"}
{"level":"info","message":"[TRACE] Current pending metadata count: 0","module":"server","service":"verbyflow","timestamp":"2025-07-06 00:09:08"}
{"level":"warn","message":"[TRACE] Received binary data (92 bytes) without metadata, ignoring","module":"server","service":"verbyflow","timestamp":"2025-07-06 00:09:08"}
{"level":"info","message":"[TRACE] Received binary WebSocket message: 2877 bytes from user 7f003d4d-ebf9-451d-be08-5e81295f82de in call ad459091-ca69-44d9-8cb5-b68d580cdc0a","module":"server","service":"verbyflow","timestamp":"2025-07-06 00:09:08"}
{"level":"info","message":"[TRACE] Current pending metadata count: 0","module":"server","service":"verbyflow","timestamp":"2025-07-06 00:09:08"}
{"level":"warn","message":"[TRACE] Received binary data (2877 bytes) without metadata, ignoring","module":"server","service":"verbyflow","timestamp":"2025-07-06 00:09:08"}
{"level":"info","message":"[TRACE] Received binary WebSocket message: 91 bytes from user 7f003d4d-ebf9-451d-be08-5e81295f82de in call ad459091-ca69-44d9-8cb5-b68d580cdc0a","module":"server","service":"verbyflow","timestamp":"2025-07-06 00:09:09"}
{"level":"info","message":"[TRACE] Current pending metadata count: 0","module":"server","service":"verbyflow","timestamp":"2025-07-06 00:09:09"}
{"level":"warn","message":"[TRACE] Received binary data (91 bytes) without metadata, ignoring","module":"server","service":"verbyflow","timestamp":"2025-07-06 00:09:09"}
{"level":"info","message":"[TRACE] Received binary WebSocket message: 2877 bytes from user 7f003d4d-ebf9-451d-be08-5e81295f82de in call ad459091-ca69-44d9-8cb5-b68d580cdc0a","module":"server","service":"verbyflow","timestamp":"2025-07-06 00:09:09"}
{"level":"info","message":"[TRACE] Current pending metadata count: 0","module":"server","service":"verbyflow","timestamp":"2025-07-06 00:09:09"}
{"level":"warn","message":"[TRACE] Received binary data (2877 bytes) without metadata, ignoring","module":"server","service":"verbyflow","timestamp":"2025-07-06 00:09:09"}
{"level":"info","message":"[TRACE] Received binary WebSocket message: 92 bytes from user 7f003d4d-ebf9-451d-be08-5e81295f82de in call ad459091-ca69-44d9-8cb5-b68d580cdc0a","module":"server","service":"verbyflow","timestamp":"2025-07-06 00:09:09"}
{"level":"info","message":"[TRACE] Current pending metadata count: 0","module":"server","service":"verbyflow","timestamp":"2025-07-06 00:09:09"}
{"level":"warn","message":"[TRACE] Received binary data (92 bytes) without metadata, ignoring","module":"server","service":"verbyflow","timestamp":"2025-07-06 00:09:09"}
{"level":"info","message":"[TRACE] Received binary WebSocket message: 3080 bytes from user 7f003d4d-ebf9-451d-be08-5e81295f82de in call ad459091-ca69-44d9-8cb5-b68d580cdc0a","module":"server","service":"verbyflow","timestamp":"2025-07-06 00:09:09"}
{"level":"info","message":"[TRACE] Current pending metadata count: 0","module":"server","service":"verbyflow","timestamp":"2025-07-06 00:09:09"}
{"level":"warn","message":"[TRACE] Received binary data (3080 bytes) without metadata, ignoring","module":"server","service":"verbyflow","timestamp":"2025-07-06 00:09:09"}
{"level":"info","message":"[TRACE] Received binary WebSocket message: 92 bytes from user 7f003d4d-ebf9-451d-be08-5e81295f82de in call ad459091-ca69-44d9-8cb5-b68d580cdc0a","module":"server","service":"verbyflow","timestamp":"2025-07-06 00:09:10"}
{"level":"info","message":"[TRACE] Current pending metadata count: 0","module":"server","service":"verbyflow","timestamp":"2025-07-06 00:09:10"}
{"level":"warn","message":"[TRACE] Received binary data (92 bytes) without metadata, ignoring","module":"server","service":"verbyflow","timestamp":"2025-07-06 00:09:10"}
{"level":"info","message":"[TRACE] Received binary WebSocket message: 3056 bytes from user 7f003d4d-ebf9-451d-be08-5e81295f82de in call ad459091-ca69-44d9-8cb5-b68d580cdc0a","module":"server","service":"verbyflow","timestamp":"2025-07-06 00:09:10"}
{"level":"info","message":"[TRACE] Current pending metadata count: 0","module":"server","service":"verbyflow","timestamp":"2025-07-06 00:09:10"}
{"level":"warn","message":"[TRACE] Received binary data (3056 bytes) without metadata, ignoring","module":"server","service":"verbyflow","timestamp":"2025-07-06 00:09:10"}
{"level":"info","message":"[TRACE] Received binary WebSocket message: 91 bytes from user 7f003d4d-ebf9-451d-be08-5e81295f82de in call ad459091-ca69-44d9-8cb5-b68d580cdc0a","module":"server","service":"verbyflow","timestamp":"2025-07-06 00:09:11"}
{"level":"info","message":"[TRACE] Current pending metadata count: 0","module":"server","service":"verbyflow","timestamp":"2025-07-06 00:09:11"}
{"level":"warn","message":"[TRACE] Received binary data (91 bytes) without metadata, ignoring","module":"server","service":"verbyflow","timestamp":"2025-07-06 00:09:11"}
{"level":"info","message":"[TRACE] Received binary WebSocket message: 6136 bytes from user 7f003d4d-ebf9-451d-be08-5e81295f82de in call ad459091-ca69-44d9-8cb5-b68d580cdc0a","module":"server","service":"verbyflow","timestamp":"2025-07-06 00:09:11"}
{"level":"info","message":"[TRACE] Current pending metadata count: 0","module":"server","service":"verbyflow","timestamp":"2025-07-06 00:09:11"}
{"level":"warn","message":"[TRACE] Received binary data (6136 bytes) without metadata, ignoring","module":"server","service":"verbyflow","timestamp":"2025-07-06 00:09:11"}
{"level":"info","message":"[TRACE] Received binary WebSocket message: 92 bytes from user 7f003d4d-ebf9-451d-be08-5e81295f82de in call ad459091-ca69-44d9-8cb5-b68d580cdc0a","module":"server","service":"verbyflow","timestamp":"2025-07-06 00:09:11"}
{"level":"info","message":"[TRACE] Current pending metadata count: 0","module":"server","service":"verbyflow","timestamp":"2025-07-06 00:09:11"}
{"level":"warn","message":"[TRACE] Received binary data (92 bytes) without metadata, ignoring","module":"server","service":"verbyflow","timestamp":"2025-07-06 00:09:11"}
{"level":"info","message":"[TRACE] Received binary WebSocket message: 2930 bytes from user 7f003d4d-ebf9-451d-be08-5e81295f82de in call ad459091-ca69-44d9-8cb5-b68d580cdc0a","module":"server","service":"verbyflow","timestamp":"2025-07-06 00:09:11"}
{"level":"info","message":"[TRACE] Current pending metadata count: 0","module":"server","service":"verbyflow","timestamp":"2025-07-06 00:09:11"}
{"level":"warn","message":"[TRACE] Received binary data (2930 bytes) without metadata, ignoring","module":"server","service":"verbyflow","timestamp":"2025-07-06 00:09:11"}
{"level":"info","message":"[TRACE] Received binary WebSocket message: 92 bytes from user 7f003d4d-ebf9-451d-be08-5e81295f82de in call ad459091-ca69-44d9-8cb5-b68d580cdc0a","module":"server","service":"verbyflow","timestamp":"2025-07-06 00:09:12"}
{"level":"info","message":"[TRACE] Current pending metadata count: 0","module":"server","service":"verbyflow","timestamp":"2025-07-06 00:09:12"}
{"level":"warn","message":"[TRACE] Received binary data (92 bytes) without metadata, ignoring","module":"server","service":"verbyflow","timestamp":"2025-07-06 00:09:12"}
{"level":"info","message":"[TRACE] Received binary WebSocket message: 2723 bytes from user 7f003d4d-ebf9-451d-be08-5e81295f82de in call ad459091-ca69-44d9-8cb5-b68d580cdc0a","module":"server","service":"verbyflow","timestamp":"2025-07-06 00:09:12"}
{"level":"info","message":"[TRACE] Current pending metadata count: 0","module":"server","service":"verbyflow","timestamp":"2025-07-06 00:09:12"}
{"level":"warn","message":"[TRACE] Received binary data (2723 bytes) without metadata, ignoring","module":"server","service":"verbyflow","timestamp":"2025-07-06 00:09:12"}
{"level":"info","message":"[TRACE] Received binary WebSocket message: 92 bytes from user 7f003d4d-ebf9-451d-be08-5e81295f82de in call ad459091-ca69-44d9-8cb5-b68d580cdc0a","module":"server","service":"verbyflow","timestamp":"2025-07-06 00:09:13"}
{"level":"info","message":"[TRACE] Current pending metadata count: 0","module":"server","service":"verbyflow","timestamp":"2025-07-06 00:09:13"}
{"level":"warn","message":"[TRACE] Received binary data (92 bytes) without metadata, ignoring","module":"server","service":"verbyflow","timestamp":"2025-07-06 00:09:13"}
{"level":"info","message":"[TRACE] Received binary WebSocket message: 3028 bytes from user 7f003d4d-ebf9-451d-be08-5e81295f82de in call ad459091-ca69-44d9-8cb5-b68d580cdc0a","module":"server","service":"verbyflow","timestamp":"2025-07-06 00:09:13"}
{"level":"info","message":"[TRACE] Current pending metadata count: 0","module":"server","service":"verbyflow","timestamp":"2025-07-06 00:09:13"}
{"level":"warn","message":"[TRACE] Received binary data (3028 bytes) without metadata, ignoring","module":"server","service":"verbyflow","timestamp":"2025-07-06 00:09:13"}
{"level":"info","message":"[TRACE] Received binary WebSocket message: 92 bytes from user 7f003d4d-ebf9-451d-be08-5e81295f82de in call ad459091-ca69-44d9-8cb5-b68d580cdc0a","module":"server","service":"verbyflow","timestamp":"2025-07-06 00:09:14"}
{"level":"info","message":"[TRACE] Current pending metadata count: 0","module":"server","service":"verbyflow","timestamp":"2025-07-06 00:09:14"}
{"level":"warn","message":"[TRACE] Received binary data (92 bytes) without metadata, ignoring","module":"server","service":"verbyflow","timestamp":"2025-07-06 00:09:14"}
{"level":"info","message":"[TRACE] Received binary WebSocket message: 3112 bytes from user 7f003d4d-ebf9-451d-be08-5e81295f82de in call ad459091-ca69-44d9-8cb5-b68d580cdc0a","module":"server","service":"verbyflow","timestamp":"2025-07-06 00:09:14"}
{"level":"info","message":"[TRACE] Current pending metadata count: 0","module":"server","service":"verbyflow","timestamp":"2025-07-06 00:09:14"}
{"level":"warn","message":"[TRACE] Received binary data (3112 bytes) without metadata, ignoring","module":"server","service":"verbyflow","timestamp":"2025-07-06 00:09:14"}
{"level":"info","message":"[TRACE] Received binary WebSocket message: 92 bytes from user 7f003d4d-ebf9-451d-be08-5e81295f82de in call ad459091-ca69-44d9-8cb5-b68d580cdc0a","module":"server","service":"verbyflow","timestamp":"2025-07-06 00:09:15"}
{"level":"info","message":"[TRACE] Current pending metadata count: 0","module":"server","service":"verbyflow","timestamp":"2025-07-06 00:09:15"}
{"level":"warn","message":"[TRACE] Received binary data (92 bytes) without metadata, ignoring","module":"server","service":"verbyflow","timestamp":"2025-07-06 00:09:15"}
{"level":"info","message":"[TRACE] Received binary WebSocket message: 91 bytes from user 7f003d4d-ebf9-451d-be08-5e81295f82de in call ad459091-ca69-44d9-8cb5-b68d580cdc0a","module":"server","service":"verbyflow","timestamp":"2025-07-06 00:09:16"}
{"level":"info","message":"[TRACE] Current pending metadata count: 0","module":"server","service":"verbyflow","timestamp":"2025-07-06 00:09:16"}
{"level":"warn","message":"[TRACE] Received binary data (91 bytes) without metadata, ignoring","module":"server","service":"verbyflow","timestamp":"2025-07-06 00:09:16"}
{"level":"info","message":"[TRACE] Received binary WebSocket message: 3064 bytes from user 7f003d4d-ebf9-451d-be08-5e81295f82de in call ad459091-ca69-44d9-8cb5-b68d580cdc0a","module":"server","service":"verbyflow","timestamp":"2025-07-06 00:09:16"}
{"level":"info","message":"[TRACE] Current pending metadata count: 0","module":"server","service":"verbyflow","timestamp":"2025-07-06 00:09:16"}
{"level":"warn","message":"[TRACE] Received binary data (3064 bytes) without metadata, ignoring","module":"server","service":"verbyflow","timestamp":"2025-07-06 00:09:16"}
{"level":"info","message":"[TRACE] Received binary WebSocket message: 92 bytes from user 7f003d4d-ebf9-451d-be08-5e81295f82de in call ad459091-ca69-44d9-8cb5-b68d580cdc0a","module":"server","service":"verbyflow","timestamp":"2025-07-06 00:09:16"}
{"level":"info","message":"[TRACE] Current pending metadata count: 0","module":"server","service":"verbyflow","timestamp":"2025-07-06 00:09:16"}
{"level":"warn","message":"[TRACE] Received binary data (92 bytes) without metadata, ignoring","module":"server","service":"verbyflow","timestamp":"2025-07-06 00:09:16"}
{"level":"info","message":"[TRACE] Received binary WebSocket message: 14857 bytes from user 7f003d4d-ebf9-451d-be08-5e81295f82de in call ad459091-ca69-44d9-8cb5-b68d580cdc0a","module":"server","service":"verbyflow","timestamp":"2025-07-06 00:09:17"}
{"level":"info","message":"[TRACE] Current pending metadata count: 0","module":"server","service":"verbyflow","timestamp":"2025-07-06 00:09:17"}
{"level":"warn","message":"[TRACE] Received binary data (14857 bytes) without metadata, ignoring","module":"server","service":"verbyflow","timestamp":"2025-07-06 00:09:17"}
{"level":"info","message":"[TRACE] Received binary WebSocket message: 2963 bytes from user 7f003d4d-ebf9-451d-be08-5e81295f82de in call ad459091-ca69-44d9-8cb5-b68d580cdc0a","module":"server","service":"verbyflow","timestamp":"2025-07-06 00:09:17"}
{"level":"info","message":"[TRACE] Current pending metadata count: 0","module":"server","service":"verbyflow","timestamp":"2025-07-06 00:09:17"}
{"level":"warn","message":"[TRACE] Received binary data (2963 bytes) without metadata, ignoring","module":"server","service":"verbyflow","timestamp":"2025-07-06 00:09:17"}
{"level":"info","message":"[TRACE] Received binary WebSocket message: 92 bytes from user 7f003d4d-ebf9-451d-be08-5e81295f82de in call ad459091-ca69-44d9-8cb5-b68d580cdc0a","module":"server","service":"verbyflow","timestamp":"2025-07-06 00:09:17"}
{"level":"info","message":"[TRACE] Current pending metadata count: 0","module":"server","service":"verbyflow","timestamp":"2025-07-06 00:09:17"}
{"level":"warn","message":"[TRACE] Received binary data (92 bytes) without metadata, ignoring","module":"server","service":"verbyflow","timestamp":"2025-07-06 00:09:17"}
{"level":"info","message":"[TRACE] Received binary WebSocket message: 3055 bytes from user 7f003d4d-ebf9-451d-be08-5e81295f82de in call ad459091-ca69-44d9-8cb5-b68d580cdc0a","module":"server","service":"verbyflow","timestamp":"2025-07-06 00:09:18"}
{"level":"info","message":"[TRACE] Current pending metadata count: 0","module":"server","service":"verbyflow","timestamp":"2025-07-06 00:09:18"}
{"level":"warn","message":"[TRACE] Received binary data (3055 bytes) without metadata, ignoring","module":"server","service":"verbyflow","timestamp":"2025-07-06 00:09:18"}
{"level":"info","message":"[TRACE] Received binary WebSocket message: 92 bytes from user 7f003d4d-ebf9-451d-be08-5e81295f82de in call ad459091-ca69-44d9-8cb5-b68d580cdc0a","module":"server","service":"verbyflow","timestamp":"2025-07-06 00:09:18"}
{"level":"info","message":"[TRACE] Current pending metadata count: 0","module":"server","service":"verbyflow","timestamp":"2025-07-06 00:09:18"}
{"level":"warn","message":"[TRACE] Received binary data (92 bytes) without metadata, ignoring","module":"server","service":"verbyflow","timestamp":"2025-07-06 00:09:18"}
{"level":"info","message":"[TRACE] Received binary WebSocket message: 3031 bytes from user 7f003d4d-ebf9-451d-be08-5e81295f82de in call ad459091-ca69-44d9-8cb5-b68d580cdc0a","module":"server","service":"verbyflow","timestamp":"2025-07-06 00:09:19"}
{"level":"info","message":"[TRACE] Current pending metadata count: 0","module":"server","service":"verbyflow","timestamp":"2025-07-06 00:09:19"}
{"level":"warn","message":"[TRACE] Received binary data (3031 bytes) without metadata, ignoring","module":"server","service":"verbyflow","timestamp":"2025-07-06 00:09:19"}
{"level":"info","message":"[TRACE] Received binary WebSocket message: 92 bytes from user 7f003d4d-ebf9-451d-be08-5e81295f82de in call ad459091-ca69-44d9-8cb5-b68d580cdc0a","module":"server","service":"verbyflow","timestamp":"2025-07-06 00:09:19"}
{"level":"info","message":"[TRACE] Current pending metadata count: 0","module":"server","service":"verbyflow","timestamp":"2025-07-06 00:09:19"}
{"level":"warn","message":"[TRACE] Received binary data (92 bytes) without metadata, ignoring","module":"server","service":"verbyflow","timestamp":"2025-07-06 00:09:19"}
{"level":"info","message":"[TRACE] Received binary WebSocket message: 91 bytes from user 7f003d4d-ebf9-451d-be08-5e81295f82de in call ad459091-ca69-44d9-8cb5-b68d580cdc0a","module":"server","service":"verbyflow","timestamp":"2025-07-06 00:09:20"}
{"level":"info","message":"[TRACE] Current pending metadata count: 0","module":"server","service":"verbyflow","timestamp":"2025-07-06 00:09:20"}
{"level":"warn","message":"[TRACE] Received binary data (91 bytes) without metadata, ignoring","module":"server","service":"verbyflow","timestamp":"2025-07-06 00:09:20"}
{"level":"info","message":"[TRACE] Received binary WebSocket message: 3113 bytes from user 7f003d4d-ebf9-451d-be08-5e81295f82de in call ad459091-ca69-44d9-8cb5-b68d580cdc0a","module":"server","service":"verbyflow","timestamp":"2025-07-06 00:09:20"}
{"level":"info","message":"[TRACE] Current pending metadata count: 0","module":"server","service":"verbyflow","timestamp":"2025-07-06 00:09:20"}
{"level":"warn","message":"[TRACE] Received binary data (3113 bytes) without metadata, ignoring","module":"server","service":"verbyflow","timestamp":"2025-07-06 00:09:20"}
{"level":"info","message":"[TRACE] Received binary WebSocket message: 92 bytes from user 7f003d4d-ebf9-451d-be08-5e81295f82de in call ad459091-ca69-44d9-8cb5-b68d580cdc0a","module":"server","service":"verbyflow","timestamp":"2025-07-06 00:09:21"}
{"level":"info","message":"[TRACE] Current pending metadata count: 0","module":"server","service":"verbyflow","timestamp":"2025-07-06 00:09:21"}
{"level":"warn","message":"[TRACE] Received binary data (92 bytes) without metadata, ignoring","module":"server","service":"verbyflow","timestamp":"2025-07-06 00:09:21"}
{"level":"info","message":"[TRACE] Received binary WebSocket message: 12162 bytes from user 7f003d4d-ebf9-451d-be08-5e81295f82de in call ad459091-ca69-44d9-8cb5-b68d580cdc0a","module":"server","service":"verbyflow","timestamp":"2025-07-06 00:09:21"}
{"level":"info","message":"[TRACE] Current pending metadata count: 0","module":"server","service":"verbyflow","timestamp":"2025-07-06 00:09:21"}
{"level":"warn","message":"[TRACE] Received binary data (12162 bytes) without metadata, ignoring","module":"server","service":"verbyflow","timestamp":"2025-07-06 00:09:21"}
{"level":"info","message":"[TRACE] Received binary WebSocket message: 2964 bytes from user 7f003d4d-ebf9-451d-be08-5e81295f82de in call ad459091-ca69-44d9-8cb5-b68d580cdc0a","module":"server","service":"verbyflow","timestamp":"2025-07-06 00:09:21"}
{"level":"info","message":"[TRACE] Current pending metadata count: 0","module":"server","service":"verbyflow","timestamp":"2025-07-06 00:09:21"}
{"level":"warn","message":"[TRACE] Received binary data (2964 bytes) without metadata, ignoring","module":"server","service":"verbyflow","timestamp":"2025-07-06 00:09:21"}
{"level":"info","message":"[TRACE] Received binary WebSocket message: 92 bytes from user 7f003d4d-ebf9-451d-be08-5e81295f82de in call ad459091-ca69-44d9-8cb5-b68d580cdc0a","module":"server","service":"verbyflow","timestamp":"2025-07-06 00:09:22"}
{"level":"info","message":"[TRACE] Current pending metadata count: 0","module":"server","service":"verbyflow","timestamp":"2025-07-06 00:09:22"}
{"level":"warn","message":"[TRACE] Received binary data (92 bytes) without metadata, ignoring","module":"server","service":"verbyflow","timestamp":"2025-07-06 00:09:22"}
{"level":"info","message":"[TRACE] Received binary WebSocket message: 3064 bytes from user 7f003d4d-ebf9-451d-be08-5e81295f82de in call ad459091-ca69-44d9-8cb5-b68d580cdc0a","module":"server","service":"verbyflow","timestamp":"2025-07-06 00:09:22"}
{"level":"info","message":"[TRACE] Current pending metadata count: 0","module":"server","service":"verbyflow","timestamp":"2025-07-06 00:09:22"}
{"level":"warn","message":"[TRACE] Received binary data (3064 bytes) without metadata, ignoring","module":"server","service":"verbyflow","timestamp":"2025-07-06 00:09:22"}
{"level":"info","message":"[TRACE] Received binary WebSocket message: 92 bytes from user 7f003d4d-ebf9-451d-be08-5e81295f82de in call ad459091-ca69-44d9-8cb5-b68d580cdc0a","module":"server","service":"verbyflow","timestamp":"2025-07-06 00:09:23"}
{"level":"info","message":"[TRACE] Current pending metadata count: 0","module":"server","service":"verbyflow","timestamp":"2025-07-06 00:09:23"}
{"level":"warn","message":"[TRACE] Received binary data (92 bytes) without metadata, ignoring","module":"server","service":"verbyflow","timestamp":"2025-07-06 00:09:23"}
{"level":"info","message":"[TRACE] Received binary WebSocket message: 2948 bytes from user 7f003d4d-ebf9-451d-be08-5e81295f82de in call ad459091-ca69-44d9-8cb5-b68d580cdc0a","module":"server","service":"verbyflow","timestamp":"2025-07-06 00:09:23"}
{"level":"info","message":"[TRACE] Current pending metadata count: 0","module":"server","service":"verbyflow","timestamp":"2025-07-06 00:09:23"}
{"level":"warn","message":"[TRACE] Received binary data (2948 bytes) without metadata, ignoring","module":"server","service":"verbyflow","timestamp":"2025-07-06 00:09:23"}
{"level":"info","message":"[TRACE] Received binary WebSocket message: 92 bytes from user 7f003d4d-ebf9-451d-be08-5e81295f82de in call ad459091-ca69-44d9-8cb5-b68d580cdc0a","module":"server","service":"verbyflow","timestamp":"2025-07-06 00:09:24"}
{"level":"info","message":"[TRACE] Current pending metadata count: 0","module":"server","service":"verbyflow","timestamp":"2025-07-06 00:09:24"}
{"level":"warn","message":"[TRACE] Received binary data (92 bytes) without metadata, ignoring","module":"server","service":"verbyflow","timestamp":"2025-07-06 00:09:24"}
{"level":"info","message":"[TRACE] Received binary WebSocket message: 3030 bytes from user 7f003d4d-ebf9-451d-be08-5e81295f82de in call ad459091-ca69-44d9-8cb5-b68d580cdc0a","module":"server","service":"verbyflow","timestamp":"2025-07-06 00:09:24"}
{"level":"info","message":"[TRACE] Current pending metadata count: 0","module":"server","service":"verbyflow","timestamp":"2025-07-06 00:09:24"}
{"level":"warn","message":"[TRACE] Received binary data (3030 bytes) without metadata, ignoring","module":"server","service":"verbyflow","timestamp":"2025-07-06 00:09:24"}
{"level":"info","message":"[TRACE] Received binary WebSocket message: 92 bytes from user 7f003d4d-ebf9-451d-be08-5e81295f82de in call ad459091-ca69-44d9-8cb5-b68d580cdc0a","module":"server","service":"verbyflow","timestamp":"2025-07-06 00:09:25"}
{"level":"info","message":"[TRACE] Current pending metadata count: 0","module":"server","service":"verbyflow","timestamp":"2025-07-06 00:09:25"}
{"level":"warn","message":"[TRACE] Received binary data (92 bytes) without metadata, ignoring","module":"server","service":"verbyflow","timestamp":"2025-07-06 00:09:25"}
{"level":"info","message":"[TRACE] Received binary WebSocket message: 2866 bytes from user 7f003d4d-ebf9-451d-be08-5e81295f82de in call ad459091-ca69-44d9-8cb5-b68d580cdc0a","module":"server","service":"verbyflow","timestamp":"2025-07-06 00:09:25"}
{"level":"info","message":"[TRACE] Current pending metadata count: 0","module":"server","service":"verbyflow","timestamp":"2025-07-06 00:09:25"}
{"level":"warn","message":"[TRACE] Received binary data (2866 bytes) without metadata, ignoring","module":"server","service":"verbyflow","timestamp":"2025-07-06 00:09:25"}
{"level":"info","message":"[TRACE] Received binary WebSocket message: 92 bytes from user 7f003d4d-ebf9-451d-be08-5e81295f82de in call ad459091-ca69-44d9-8cb5-b68d580cdc0a","module":"server","service":"verbyflow","timestamp":"2025-07-06 00:09:26"}
{"level":"info","message":"[TRACE] Current pending metadata count: 0","module":"server","service":"verbyflow","timestamp":"2025-07-06 00:09:26"}
{"level":"warn","message":"[TRACE] Received binary data (92 bytes) without metadata, ignoring","module":"server","service":"verbyflow","timestamp":"2025-07-06 00:09:26"}
{"level":"info","message":"[TRACE] Received binary WebSocket message: 2814 bytes from user 7f003d4d-ebf9-451d-be08-5e81295f82de in call ad459091-ca69-44d9-8cb5-b68d580cdc0a","module":"server","service":"verbyflow","timestamp":"2025-07-06 00:09:26"}
{"level":"info","message":"[TRACE] Current pending metadata count: 0","module":"server","service":"verbyflow","timestamp":"2025-07-06 00:09:26"}
{"level":"warn","message":"[TRACE] Received binary data (2814 bytes) without metadata, ignoring","module":"server","service":"verbyflow","timestamp":"2025-07-06 00:09:26"}
{"level":"info","message":"[TRACE] Received binary WebSocket message: 92 bytes from user 7f003d4d-ebf9-451d-be08-5e81295f82de in call ad459091-ca69-44d9-8cb5-b68d580cdc0a","module":"server","service":"verbyflow","timestamp":"2025-07-06 00:09:27"}
{"level":"info","message":"[TRACE] Current pending metadata count: 0","module":"server","service":"verbyflow","timestamp":"2025-07-06 00:09:27"}
{"level":"warn","message":"[TRACE] Received binary data (92 bytes) without metadata, ignoring","module":"server","service":"verbyflow","timestamp":"2025-07-06 00:09:27"}
{"level":"info","message":"[TRACE] Received binary WebSocket message: 3148 bytes from user 7f003d4d-ebf9-451d-be08-5e81295f82de in call ad459091-ca69-44d9-8cb5-b68d580cdc0a","module":"server","service":"verbyflow","timestamp":"2025-07-06 00:09:27"}
{"level":"info","message":"[TRACE] Current pending metadata count: 0","module":"server","service":"verbyflow","timestamp":"2025-07-06 00:09:27"}
{"level":"warn","message":"[TRACE] Received binary data (3148 bytes) without metadata, ignoring","module":"server","service":"verbyflow","timestamp":"2025-07-06 00:09:27"}
{"level":"info","message":"[TRACE] Received binary WebSocket message: 91 bytes from user 7f003d4d-ebf9-451d-be08-5e81295f82de in call ad459091-ca69-44d9-8cb5-b68d580cdc0a","module":"server","service":"verbyflow","timestamp":"2025-07-06 00:09:27"}
{"level":"info","message":"[TRACE] Current pending metadata count: 0","module":"server","service":"verbyflow","timestamp":"2025-07-06 00:09:27"}
{"level":"warn","message":"[TRACE] Received binary data (91 bytes) without metadata, ignoring","module":"server","service":"verbyflow","timestamp":"2025-07-06 00:09:27"}
{"level":"info","message":"[TRACE] Received binary WebSocket message: 20834 bytes from user 7f003d4d-ebf9-451d-be08-5e81295f82de in call ad459091-ca69-44d9-8cb5-b68d580cdc0a","module":"server","service":"verbyflow","timestamp":"2025-07-06 00:09:27"}
{"level":"info","message":"[TRACE] Current pending metadata count: 0","module":"server","service":"verbyflow","timestamp":"2025-07-06 00:09:27"}
{"level":"warn","message":"[TRACE] Received binary data (20834 bytes) without metadata, ignoring","module":"server","service":"verbyflow","timestamp":"2025-07-06 00:09:27"}
{"level":"info","message":"[TRACE] Received binary WebSocket message: 92 bytes from user 7f003d4d-ebf9-451d-be08-5e81295f82de in call ad459091-ca69-44d9-8cb5-b68d580cdc0a","module":"server","service":"verbyflow","timestamp":"2025-07-06 00:09:28"}
{"level":"info","message":"[TRACE] Current pending metadata count: 0","module":"server","service":"verbyflow","timestamp":"2025-07-06 00:09:28"}
{"level":"warn","message":"[TRACE] Received binary data (92 bytes) without metadata, ignoring","module":"server","service":"verbyflow","timestamp":"2025-07-06 00:09:28"}
{"level":"info","message":"[TRACE] Received binary WebSocket message: 2803 bytes from user 7f003d4d-ebf9-451d-be08-5e81295f82de in call ad459091-ca69-44d9-8cb5-b68d580cdc0a","module":"server","service":"verbyflow","timestamp":"2025-07-06 00:09:28"}
{"level":"info","message":"[TRACE] Current pending metadata count: 0","module":"server","service":"verbyflow","timestamp":"2025-07-06 00:09:28"}
{"level":"warn","message":"[TRACE] Received binary data (2803 bytes) without metadata, ignoring","module":"server","service":"verbyflow","timestamp":"2025-07-06 00:09:28"}
{"level":"info","message":"[TRACE] Received binary WebSocket message: 92 bytes from user 7f003d4d-ebf9-451d-be08-5e81295f82de in call ad459091-ca69-44d9-8cb5-b68d580cdc0a","module":"server","service":"verbyflow","timestamp":"2025-07-06 00:09:29"}
{"level":"info","message":"[TRACE] Current pending metadata count: 0","module":"server","service":"verbyflow","timestamp":"2025-07-06 00:09:29"}
{"level":"warn","message":"[TRACE] Received binary data (92 bytes) without metadata, ignoring","module":"server","service":"verbyflow","timestamp":"2025-07-06 00:09:29"}
{"level":"info","message":"[TRACE] Received binary WebSocket message: 3100 bytes from user 7f003d4d-ebf9-451d-be08-5e81295f82de in call ad459091-ca69-44d9-8cb5-b68d580cdc0a","module":"server","service":"verbyflow","timestamp":"2025-07-06 00:09:29"}
{"level":"info","message":"[TRACE] Current pending metadata count: 0","module":"server","service":"verbyflow","timestamp":"2025-07-06 00:09:29"}
{"level":"warn","message":"[TRACE] Received binary data (3100 bytes) without metadata, ignoring","module":"server","service":"verbyflow","timestamp":"2025-07-06 00:09:29"}
{"level":"info","message":"[TRACE] Received binary WebSocket message: 92 bytes from user 7f003d4d-ebf9-451d-be08-5e81295f82de in call ad459091-ca69-44d9-8cb5-b68d580cdc0a","module":"server","service":"verbyflow","timestamp":"2025-07-06 00:09:30"}
{"level":"info","message":"[TRACE] Current pending metadata count: 0","module":"server","service":"verbyflow","timestamp":"2025-07-06 00:09:30"}
{"level":"warn","message":"[TRACE] Received binary data (92 bytes) without metadata, ignoring","module":"server","service":"verbyflow","timestamp":"2025-07-06 00:09:30"}
{"level":"info","message":"[TRACE] Received binary WebSocket message: 3113 bytes from user 7f003d4d-ebf9-451d-be08-5e81295f82de in call ad459091-ca69-44d9-8cb5-b68d580cdc0a","module":"server","service":"verbyflow","timestamp":"2025-07-06 00:09:30"}
{"level":"info","message":"[TRACE] Current pending metadata count: 0","module":"server","service":"verbyflow","timestamp":"2025-07-06 00:09:30"}
{"level":"warn","message":"[TRACE] Received binary data (3113 bytes) without metadata, ignoring","module":"server","service":"verbyflow","timestamp":"2025-07-06 00:09:30"}
{"level":"info","message":"[TRACE] Received binary WebSocket message: 91 bytes from user 7f003d4d-ebf9-451d-be08-5e81295f82de in call ad459091-ca69-44d9-8cb5-b68d580cdc0a","module":"server","service":"verbyflow","timestamp":"2025-07-06 00:09:30"}
{"level":"info","message":"[TRACE] Current pending metadata count: 0","module":"server","service":"verbyflow","timestamp":"2025-07-06 00:09:30"}
{"level":"warn","message":"[TRACE] Received binary data (91 bytes) without metadata, ignoring","module":"server","service":"verbyflow","timestamp":"2025-07-06 00:09:30"}
{"level":"info","message":"[TRACE] Received binary WebSocket message: 9016 bytes from user 7f003d4d-ebf9-451d-be08-5e81295f82de in call ad459091-ca69-44d9-8cb5-b68d580cdc0a","module":"server","service":"verbyflow","timestamp":"2025-07-06 00:09:30"}
{"level":"info","message":"[TRACE] Current pending metadata count: 0","module":"server","service":"verbyflow","timestamp":"2025-07-06 00:09:30"}
{"level":"warn","message":"[TRACE] Received binary data (9016 bytes) without metadata, ignoring","module":"server","service":"verbyflow","timestamp":"2025-07-06 00:09:30"}
{"level":"info","message":"[TRACE] Received binary WebSocket message: 92 bytes from user 7f003d4d-ebf9-451d-be08-5e81295f82de in call ad459091-ca69-44d9-8cb5-b68d580cdc0a","module":"server","service":"verbyflow","timestamp":"2025-07-06 00:09:31"}
{"level":"info","message":"[TRACE] Current pending metadata count: 0","module":"server","service":"verbyflow","timestamp":"2025-07-06 00:09:31"}
{"level":"warn","message":"[TRACE] Received binary data (92 bytes) without metadata, ignoring","module":"server","service":"verbyflow","timestamp":"2025-07-06 00:09:31"}
{"level":"info","message":"[TRACE] Received binary WebSocket message: 2894 bytes from user 7f003d4d-ebf9-451d-be08-5e81295f82de in call ad459091-ca69-44d9-8cb5-b68d580cdc0a","module":"server","service":"verbyflow","timestamp":"2025-07-06 00:09:31"}
{"level":"info","message":"[TRACE] Current pending metadata count: 0","module":"server","service":"verbyflow","timestamp":"2025-07-06 00:09:31"}
{"level":"warn","message":"[TRACE] Received binary data (2894 bytes) without metadata, ignoring","module":"server","service":"verbyflow","timestamp":"2025-07-06 00:09:31"}
{"level":"info","message":"[TRACE] Received binary WebSocket message: 91 bytes from user 7f003d4d-ebf9-451d-be08-5e81295f82de in call ad459091-ca69-44d9-8cb5-b68d580cdc0a","module":"server","service":"verbyflow","timestamp":"2025-07-06 00:09:31"}
{"level":"info","message":"[TRACE] Current pending metadata count: 0","module":"server","service":"verbyflow","timestamp":"2025-07-06 00:09:31"}
{"level":"warn","message":"[TRACE] Received binary data (91 bytes) without metadata, ignoring","module":"server","service":"verbyflow","timestamp":"2025-07-06 00:09:31"}
{"level":"info","message":"[TRACE] Received binary WebSocket message: 2894 bytes from user 7f003d4d-ebf9-451d-be08-5e81295f82de in call ad459091-ca69-44d9-8cb5-b68d580cdc0a","module":"server","service":"verbyflow","timestamp":"2025-07-06 00:09:31"}
{"level":"info","message":"[TRACE] Current pending metadata count: 0","module":"server","service":"verbyflow","timestamp":"2025-07-06 00:09:31"}
{"level":"warn","message":"[TRACE] Received binary data (2894 bytes) without metadata, ignoring","module":"server","service":"verbyflow","timestamp":"2025-07-06 00:09:31"}
{"level":"info","message":"[TRACE] Received binary WebSocket message: 92 bytes from user 7f003d4d-ebf9-451d-be08-5e81295f82de in call ad459091-ca69-44d9-8cb5-b68d580cdc0a","module":"server","service":"verbyflow","timestamp":"2025-07-06 00:09:32"}
{"level":"info","message":"[TRACE] Current pending metadata count: 0","module":"server","service":"verbyflow","timestamp":"2025-07-06 00:09:32"}
{"level":"warn","message":"[TRACE] Received binary data (92 bytes) without metadata, ignoring","module":"server","service":"verbyflow","timestamp":"2025-07-06 00:09:32"}
{"level":"info","message":"[TRACE] Received binary WebSocket message: 2641 bytes from user 7f003d4d-ebf9-451d-be08-5e81295f82de in call ad459091-ca69-44d9-8cb5-b68d580cdc0a","module":"server","service":"verbyflow","timestamp":"2025-07-06 00:09:32"}
{"level":"info","message":"[TRACE] Current pending metadata count: 0","module":"server","service":"verbyflow","timestamp":"2025-07-06 00:09:32"}
{"level":"warn","message":"[TRACE] Received binary data (2641 bytes) without metadata, ignoring","module":"server","service":"verbyflow","timestamp":"2025-07-06 00:09:32"}
{"level":"info","message":"[TRACE] Received binary WebSocket message: 92 bytes from user 7f003d4d-ebf9-451d-be08-5e81295f82de in call ad459091-ca69-44d9-8cb5-b68d580cdc0a","module":"server","service":"verbyflow","timestamp":"2025-07-06 00:09:33"}
{"level":"info","message":"[TRACE] Current pending metadata count: 0","module":"server","service":"verbyflow","timestamp":"2025-07-06 00:09:33"}
{"level":"warn","message":"[TRACE] Received binary data (92 bytes) without metadata, ignoring","module":"server","service":"verbyflow","timestamp":"2025-07-06 00:09:33"}
{"level":"info","message":"[TRACE] Received binary WebSocket message: 3119 bytes from user 7f003d4d-ebf9-451d-be08-5e81295f82de in call ad459091-ca69-44d9-8cb5-b68d580cdc0a","module":"server","service":"verbyflow","timestamp":"2025-07-06 00:09:33"}
{"level":"info","message":"[TRACE] Current pending metadata count: 0","module":"server","service":"verbyflow","timestamp":"2025-07-06 00:09:33"}
{"level":"warn","message":"[TRACE] Received binary data (3119 bytes) without metadata, ignoring","module":"server","service":"verbyflow","timestamp":"2025-07-06 00:09:33"}
{"level":"info","message":"[TRACE] Received binary WebSocket message: 91 bytes from user 7f003d4d-ebf9-451d-be08-5e81295f82de in call ad459091-ca69-44d9-8cb5-b68d580cdc0a","module":"server","service":"verbyflow","timestamp":"2025-07-06 00:09:33"}
{"level":"info","message":"[TRACE] Current pending metadata count: 0","module":"server","service":"verbyflow","timestamp":"2025-07-06 00:09:33"}
{"level":"warn","message":"[TRACE] Received binary data (91 bytes) without metadata, ignoring","module":"server","service":"verbyflow","timestamp":"2025-07-06 00:09:33"}
{"level":"info","message":"[TRACE] Received binary WebSocket message: 5760 bytes from user 7f003d4d-ebf9-451d-be08-5e81295f82de in call ad459091-ca69-44d9-8cb5-b68d580cdc0a","module":"server","service":"verbyflow","timestamp":"2025-07-06 00:09:33"}
{"level":"info","message":"[TRACE] Current pending metadata count: 0","module":"server","service":"verbyflow","timestamp":"2025-07-06 00:09:33"}
{"level":"warn","message":"[TRACE] Received binary data (5760 bytes) without metadata, ignoring","module":"server","service":"verbyflow","timestamp":"2025-07-06 00:09:33"}
{"level":"info","message":"[TRACE] Received binary WebSocket message: 92 bytes from user 7f003d4d-ebf9-451d-be08-5e81295f82de in call ad459091-ca69-44d9-8cb5-b68d580cdc0a","module":"server","service":"verbyflow","timestamp":"2025-07-06 00:09:34"}
{"level":"info","message":"[TRACE] Current pending metadata count: 0","module":"server","service":"verbyflow","timestamp":"2025-07-06 00:09:34"}
{"level":"warn","message":"[TRACE] Received binary data (92 bytes) without metadata, ignoring","module":"server","service":"verbyflow","timestamp":"2025-07-06 00:09:34"}
{"level":"info","message":"[TRACE] Received binary WebSocket message: 3098 bytes from user 7f003d4d-ebf9-451d-be08-5e81295f82de in call ad459091-ca69-44d9-8cb5-b68d580cdc0a","module":"server","service":"verbyflow","timestamp":"2025-07-06 00:09:34"}
{"level":"info","message":"[TRACE] Current pending metadata count: 0","module":"server","service":"verbyflow","timestamp":"2025-07-06 00:09:34"}
{"level":"warn","message":"[TRACE] Received binary data (3098 bytes) without metadata, ignoring","module":"server","service":"verbyflow","timestamp":"2025-07-06 00:09:34"}
{"level":"info","message":"[TRACE] Received binary WebSocket message: 92 bytes from user 7f003d4d-ebf9-451d-be08-5e81295f82de in call ad459091-ca69-44d9-8cb5-b68d580cdc0a","module":"server","service":"verbyflow","timestamp":"2025-07-06 00:09:35"}
{"level":"info","message":"[TRACE] Current pending metadata count: 0","module":"server","service":"verbyflow","timestamp":"2025-07-06 00:09:35"}
{"level":"warn","message":"[TRACE] Received binary data (92 bytes) without metadata, ignoring","module":"server","service":"verbyflow","timestamp":"2025-07-06 00:09:35"}
{"level":"info","message":"[TRACE] Received binary WebSocket message: 3096 bytes from user 7f003d4d-ebf9-451d-be08-5e81295f82de in call ad459091-ca69-44d9-8cb5-b68d580cdc0a","module":"server","service":"verbyflow","timestamp":"2025-07-06 00:09:35"}
{"level":"info","message":"[TRACE] Current pending metadata count: 0","module":"server","service":"verbyflow","timestamp":"2025-07-06 00:09:35"}
{"level":"warn","message":"[TRACE] Received binary data (3096 bytes) without metadata, ignoring","module":"server","service":"verbyflow","timestamp":"2025-07-06 00:09:35"}
{"level":"info","message":"[TRACE] Received binary WebSocket message: 92 bytes from user 7f003d4d-ebf9-451d-be08-5e81295f82de in call ad459091-ca69-44d9-8cb5-b68d580cdc0a","module":"server","service":"verbyflow","timestamp":"2025-07-06 00:09:36"}
{"level":"info","message":"[TRACE] Current pending metadata count: 0","module":"server","service":"verbyflow","timestamp":"2025-07-06 00:09:36"}
{"level":"warn","message":"[TRACE] Received binary data (92 bytes) without metadata, ignoring","module":"server","service":"verbyflow","timestamp":"2025-07-06 00:09:36"}
{"level":"info","message":"[TRACE] Received binary WebSocket message: 91 bytes from user 7f003d4d-ebf9-451d-be08-5e81295f82de in call ad459091-ca69-44d9-8cb5-b68d580cdc0a","module":"server","service":"verbyflow","timestamp":"2025-07-06 00:09:36"}
{"level":"info","message":"[TRACE] Current pending metadata count: 0","module":"server","service":"verbyflow","timestamp":"2025-07-06 00:09:36"}
{"level":"warn","message":"[TRACE] Received binary data (91 bytes) without metadata, ignoring","module":"server","service":"verbyflow","timestamp":"2025-07-06 00:09:36"}
{"level":"info","message":"[TRACE] Received binary WebSocket message: 2822 bytes from user 7f003d4d-ebf9-451d-be08-5e81295f82de in call ad459091-ca69-44d9-8cb5-b68d580cdc0a","module":"server","service":"verbyflow","timestamp":"2025-07-06 00:09:36"}
{"level":"info","message":"[TRACE] Current pending metadata count: 0","module":"server","service":"verbyflow","timestamp":"2025-07-06 00:09:36"}
{"level":"warn","message":"[TRACE] Received binary data (2822 bytes) without metadata, ignoring","module":"server","service":"verbyflow","timestamp":"2025-07-06 00:09:36"}
{"level":"info","message":"[TRACE] Received binary WebSocket message: 9016 bytes from user 7f003d4d-ebf9-451d-be08-5e81295f82de in call ad459091-ca69-44d9-8cb5-b68d580cdc0a","module":"server","service":"verbyflow","timestamp":"2025-07-06 00:09:36"}
{"level":"info","message":"[TRACE] Current pending metadata count: 0","module":"server","service":"verbyflow","timestamp":"2025-07-06 00:09:36"}
{"level":"warn","message":"[TRACE] Received binary data (9016 bytes) without metadata, ignoring","module":"server","service":"verbyflow","timestamp":"2025-07-06 00:09:36"}
{"level":"info","message":"[TRACE] WebSocket connection closed for user 40775662-f721-4518-a974-a460337220c2 with code 1006: ","module":"server","service":"verbyflow","timestamp":"2025-07-06 00:16:31"}
{"level":"info","message":"[TRACE] Active WebSocket connections remaining: 0","module":"server","service":"verbyflow","timestamp":"2025-07-06 00:16:31"}
{"level":"info","message":"[TRACE] Clearing any pending metadata entries for closed connection","module":"server","service":"verbyflow","timestamp":"2025-07-06 00:16:31"}
{"level":"info","message":"[TRACE] WebSocket connection cleanup complete","module":"server","service":"verbyflow","timestamp":"2025-07-06 00:16:31"}
{"level":"info","message":"[TRACE] WebSocket connection closed for user 7f003d4d-ebf9-451d-be08-5e81295f82de with code 1006: ","module":"server","service":"verbyflow","timestamp":"2025-07-06 00:22:33"}
{"level":"info","message":"[TRACE] Active WebSocket connections remaining: -1","module":"server","service":"verbyflow","timestamp":"2025-07-06 00:22:33"}
{"level":"info","message":"[TRACE] Clearing any pending metadata entries for closed connection","module":"server","service":"verbyflow","timestamp":"2025-07-06 00:22:33"}
{"level":"info","message":"[TRACE] WebSocket connection cleanup complete","module":"server","service":"verbyflow","timestamp":"2025-07-06 00:22:33"}
{"level":"info","message":"Raw WebSocket client connected: 7f003d4d-ebf9-451d-be08-5e81295f82de to call ad459091-ca69-44d9-8cb5-b68d580cdc0a","module":"server","service":"verbyflow","timestamp":"2025-07-06 00:22:33"}
{"level":"info","message":"[TRACE] Received binary WebSocket message: 189 bytes from user 7f003d4d-ebf9-451d-be08-5e81295f82de in call ad459091-ca69-44d9-8cb5-b68d580cdc0a","module":"server","service":"verbyflow","timestamp":"2025-07-06 00:22:33"}
{"level":"info","message":"[TRACE] Current pending metadata count: 0","module":"server","service":"verbyflow","timestamp":"2025-07-06 00:22:33"}
{"level":"warn","message":"[TRACE] Received binary data (189 bytes) without metadata, ignoring","module":"server","service":"verbyflow","timestamp":"2025-07-06 00:22:33"}
{"level":"info","message":"Raw WebSocket client connected: 40775662-f721-4518-a974-a460337220c2 to call ad459091-ca69-44d9-8cb5-b68d580cdc0a","module":"server","service":"verbyflow","timestamp":"2025-07-06 00:22:39"}
{"level":"info","message":"[TRACE] Received binary WebSocket message: 189 bytes from user 40775662-f721-4518-a974-a460337220c2 in call ad459091-ca69-44d9-8cb5-b68d580cdc0a","module":"server","service":"verbyflow","timestamp":"2025-07-06 00:22:39"}
{"level":"info","message":"[TRACE] Current pending metadata count: 0","module":"server","service":"verbyflow","timestamp":"2025-07-06 00:22:39"}
{"level":"warn","message":"[TRACE] Received binary data (189 bytes) without metadata, ignoring","module":"server","service":"verbyflow","timestamp":"2025-07-06 00:22:39"}
{"level":"info","message":"[TRACE] WebSocket connection closed for user 7f003d4d-ebf9-451d-be08-5e81295f82de with code 1005: ","module":"server","service":"verbyflow","timestamp":"2025-07-06 00:22:55"}
{"level":"info","message":"[TRACE] Active WebSocket connections remaining: 0","module":"server","service":"verbyflow","timestamp":"2025-07-06 00:22:55"}
{"level":"info","message":"[TRACE] Clearing any pending metadata entries for closed connection","module":"server","service":"verbyflow","timestamp":"2025-07-06 00:22:55"}
{"level":"info","message":"[TRACE] WebSocket connection cleanup complete","module":"server","service":"verbyflow","timestamp":"2025-07-06 00:22:55"}
{"level":"debug","message":"Fetching available languages","module":"api-routes","service":"verbyflow","timestamp":"2025-07-06 00:22:55"}
{"level":"info","message":"[TRACE] WebSocket connection closed for user 40775662-f721-4518-a974-a460337220c2 with code 1005: ","module":"server","service":"verbyflow","timestamp":"2025-07-06 00:22:56"}
{"level":"info","message":"[TRACE] Active WebSocket connections remaining: -1","module":"server","service":"verbyflow","timestamp":"2025-07-06 00:22:56"}
{"level":"info","message":"[TRACE] Clearing any pending metadata entries for closed connection","module":"server","service":"verbyflow","timestamp":"2025-07-06 00:22:56"}
{"level":"info","message":"[TRACE] WebSocket connection cleanup complete","module":"server","service":"verbyflow","timestamp":"2025-07-06 00:22:56"}
{"level":"debug","message":"Fetching available languages","module":"api-routes","service":"verbyflow","timestamp":"2025-07-06 00:22:56"}
{"level":"info","message":"Raw WebSocket client connected: 7f003d4d-ebf9-451d-be08-5e81295f82de to call ad459091-ca69-44d9-8cb5-b68d580cdc0a","module":"server","service":"verbyflow","timestamp":"2025-07-06 00:22:57"}
{"level":"info","message":"[TRACE] Received binary WebSocket message: 189 bytes from user 7f003d4d-ebf9-451d-be08-5e81295f82de in call ad459091-ca69-44d9-8cb5-b68d580cdc0a","module":"server","service":"verbyflow","timestamp":"2025-07-06 00:22:57"}
{"level":"info","message":"[TRACE] Current pending metadata count: 0","module":"server","service":"verbyflow","timestamp":"2025-07-06 00:22:57"}
{"level":"warn","message":"[TRACE] Received binary data (189 bytes) without metadata, ignoring","module":"server","service":"verbyflow","timestamp":"2025-07-06 00:22:57"}
{"level":"info","message":"[TRACE] WebSocket connection closed for user 7f003d4d-ebf9-451d-be08-5e81295f82de with code 1001: ","module":"server","service":"verbyflow","timestamp":"2025-07-06 00:23:00"}
{"level":"info","message":"[TRACE] Active WebSocket connections remaining: -1","module":"server","service":"verbyflow","timestamp":"2025-07-06 00:23:00"}
{"level":"info","message":"[TRACE] Clearing any pending metadata entries for closed connection","module":"server","service":"verbyflow","timestamp":"2025-07-06 00:23:00"}
{"level":"info","message":"[TRACE] WebSocket connection cleanup complete","module":"server","service":"verbyflow","timestamp":"2025-07-06 00:23:00"}
{"level":"debug","message":"Fetching available languages","module":"api-routes","service":"verbyflow","timestamp":"2025-07-06 00:23:00"}
{"level":"debug","message":"Fetching available languages","module":"api-routes","service":"verbyflow","timestamp":"2025-07-06 00:23:00"}
{"level":"info","message":"Created new call: 8c1733b4-8666-46b5-9d83-7e96a1107c54 by user 40775662-f721-4518-a974-a460337220c2","module":"calls-api","service":"verbyflow","timestamp":"2025-07-06 00:23:07"}
{"level":"info","message":"Raw WebSocket client connected: 40775662-f721-4518-a974-a460337220c2 to call 8c1733b4-8666-46b5-9d83-7e96a1107c54","module":"server","service":"verbyflow","timestamp":"2025-07-06 00:23:07"}
{"level":"info","message":"[TRACE] Received binary WebSocket message: 189 bytes from user 40775662-f721-4518-a974-a460337220c2 in call 8c1733b4-8666-46b5-9d83-7e96a1107c54","module":"server","service":"verbyflow","timestamp":"2025-07-06 00:23:07"}
{"level":"info","message":"[TRACE] Current pending metadata count: 0","module":"server","service":"verbyflow","timestamp":"2025-07-06 00:23:07"}
{"level":"warn","message":"[TRACE] Received binary data (189 bytes) without metadata, ignoring","module":"server","service":"verbyflow","timestamp":"2025-07-06 00:23:07"}
{"level":"debug","message":"Fetching call: 8c1733b4-8666-46b5-9d83-7e96a1107c54","module":"calls-api","service":"verbyflow","timestamp":"2025-07-06 00:23:13"}
{"level":"info","message":"Raw WebSocket client connected: 7f003d4d-ebf9-451d-be08-5e81295f82de to call 8c1733b4-8666-46b5-9d83-7e96a1107c54","module":"server","service":"verbyflow","timestamp":"2025-07-06 00:23:13"}
{"level":"info","message":"[TRACE] Received binary WebSocket message: 189 bytes from user 7f003d4d-ebf9-451d-be08-5e81295f82de in call 8c1733b4-8666-46b5-9d83-7e96a1107c54","module":"server","service":"verbyflow","timestamp":"2025-07-06 00:23:13"}
{"level":"info","message":"[TRACE] Current pending metadata count: 0","module":"server","service":"verbyflow","timestamp":"2025-07-06 00:23:13"}
{"level":"warn","message":"[TRACE] Received binary data (189 bytes) without metadata, ignoring","module":"server","service":"verbyflow","timestamp":"2025-07-06 00:23:13"}
{"level":"info","message":"[TRACE] Received binary WebSocket message: 92 bytes from user 7f003d4d-ebf9-451d-be08-5e81295f82de in call 8c1733b4-8666-46b5-9d83-7e96a1107c54","module":"server","service":"verbyflow","timestamp":"2025-07-06 00:23:17"}
{"level":"info","message":"[TRACE] Current pending metadata count: 0","module":"server","service":"verbyflow","timestamp":"2025-07-06 00:23:17"}
{"level":"warn","message":"[TRACE] Received binary data (92 bytes) without metadata, ignoring","module":"server","service":"verbyflow","timestamp":"2025-07-06 00:23:17"}
{"level":"info","message":"[TRACE] Received binary WebSocket message: 2977 bytes from user 7f003d4d-ebf9-451d-be08-5e81295f82de in call 8c1733b4-8666-46b5-9d83-7e96a1107c54","module":"server","service":"verbyflow","timestamp":"2025-07-06 00:23:17"}
{"level":"info","message":"[TRACE] Current pending metadata count: 0","module":"server","service":"verbyflow","timestamp":"2025-07-06 00:23:17"}
{"level":"warn","message":"[TRACE] Received binary data (2977 bytes) without metadata, ignoring","module":"server","service":"verbyflow","timestamp":"2025-07-06 00:23:17"}
{"level":"info","message":"[TRACE] Received binary WebSocket message: 92 bytes from user 7f003d4d-ebf9-451d-be08-5e81295f82de in call 8c1733b4-8666-46b5-9d83-7e96a1107c54","module":"server","service":"verbyflow","timestamp":"2025-07-06 00:23:18"}
{"level":"info","message":"[TRACE] Current pending metadata count: 0","module":"server","service":"verbyflow","timestamp":"2025-07-06 00:23:18"}
{"level":"warn","message":"[TRACE] Received binary data (92 bytes) without metadata, ignoring","module":"server","service":"verbyflow","timestamp":"2025-07-06 00:23:18"}
{"level":"info","message":"[TRACE] Received binary WebSocket message: 3085 bytes from user 7f003d4d-ebf9-451d-be08-5e81295f82de in call 8c1733b4-8666-46b5-9d83-7e96a1107c54","module":"server","service":"verbyflow","timestamp":"2025-07-06 00:23:18"}
{"level":"info","message":"[TRACE] Current pending metadata count: 0","module":"server","service":"verbyflow","timestamp":"2025-07-06 00:23:18"}
{"level":"warn","message":"[TRACE] Received binary data (3085 bytes) without metadata, ignoring","module":"server","service":"verbyflow","timestamp":"2025-07-06 00:23:18"}
{"level":"info","message":"[TRACE] Received binary WebSocket message: 92 bytes from user 7f003d4d-ebf9-451d-be08-5e81295f82de in call 8c1733b4-8666-46b5-9d83-7e96a1107c54","module":"server","service":"verbyflow","timestamp":"2025-07-06 00:23:19"}
{"level":"info","message":"[TRACE] Current pending metadata count: 0","module":"server","service":"verbyflow","timestamp":"2025-07-06 00:23:19"}
{"level":"warn","message":"[TRACE] Received binary data (92 bytes) without metadata, ignoring","module":"server","service":"verbyflow","timestamp":"2025-07-06 00:23:19"}
{"level":"info","message":"[TRACE] Received binary WebSocket message: 2970 bytes from user 7f003d4d-ebf9-451d-be08-5e81295f82de in call 8c1733b4-8666-46b5-9d83-7e96a1107c54","module":"server","service":"verbyflow","timestamp":"2025-07-06 00:23:19"}
{"level":"info","message":"[TRACE] Current pending metadata count: 0","module":"server","service":"verbyflow","timestamp":"2025-07-06 00:23:19"}
{"level":"warn","message":"[TRACE] Received binary data (2970 bytes) without metadata, ignoring","module":"server","service":"verbyflow","timestamp":"2025-07-06 00:23:19"}
{"level":"info","message":"[TRACE] Received binary WebSocket message: 91 bytes from user 7f003d4d-ebf9-451d-be08-5e81295f82de in call 8c1733b4-8666-46b5-9d83-7e96a1107c54","module":"server","service":"verbyflow","timestamp":"2025-07-06 00:23:19"}
{"level":"info","message":"[TRACE] Current pending metadata count: 0","module":"server","service":"verbyflow","timestamp":"2025-07-06 00:23:19"}
{"level":"warn","message":"[TRACE] Received binary data (91 bytes) without metadata, ignoring","module":"server","service":"verbyflow","timestamp":"2025-07-06 00:23:19"}
{"level":"info","message":"[TRACE] Received binary WebSocket message: 9032 bytes from user 7f003d4d-ebf9-451d-be08-5e81295f82de in call 8c1733b4-8666-46b5-9d83-7e96a1107c54","module":"server","service":"verbyflow","timestamp":"2025-07-06 00:23:19"}
{"level":"info","message":"[TRACE] Current pending metadata count: 0","module":"server","service":"verbyflow","timestamp":"2025-07-06 00:23:19"}
{"level":"warn","message":"[TRACE] Received binary data (9032 bytes) without metadata, ignoring","module":"server","service":"verbyflow","timestamp":"2025-07-06 00:23:19"}
{"level":"info","message":"[TRACE] Received binary WebSocket message: 92 bytes from user 7f003d4d-ebf9-451d-be08-5e81295f82de in call 8c1733b4-8666-46b5-9d83-7e96a1107c54","module":"server","service":"verbyflow","timestamp":"2025-07-06 00:23:20"}
{"level":"info","message":"[TRACE] Current pending metadata count: 0","module":"server","service":"verbyflow","timestamp":"2025-07-06 00:23:20"}
{"level":"warn","message":"[TRACE] Received binary data (92 bytes) without metadata, ignoring","module":"server","service":"verbyflow","timestamp":"2025-07-06 00:23:20"}
{"level":"info","message":"[TRACE] Received binary WebSocket message: 3072 bytes from user 7f003d4d-ebf9-451d-be08-5e81295f82de in call 8c1733b4-8666-46b5-9d83-7e96a1107c54","module":"server","service":"verbyflow","timestamp":"2025-07-06 00:23:20"}
{"level":"info","message":"[TRACE] Current pending metadata count: 0","module":"server","service":"verbyflow","timestamp":"2025-07-06 00:23:20"}
{"level":"warn","message":"[TRACE] Received binary data (3072 bytes) without metadata, ignoring","module":"server","service":"verbyflow","timestamp":"2025-07-06 00:23:20"}
{"level":"info","message":"[TRACE] Received binary WebSocket message: 92 bytes from user 7f003d4d-ebf9-451d-be08-5e81295f82de in call 8c1733b4-8666-46b5-9d83-7e96a1107c54","module":"server","service":"verbyflow","timestamp":"2025-07-06 00:23:21"}
{"level":"info","message":"[TRACE] Current pending metadata count: 0","module":"server","service":"verbyflow","timestamp":"2025-07-06 00:23:21"}
{"level":"warn","message":"[TRACE] Received binary data (92 bytes) without metadata, ignoring","module":"server","service":"verbyflow","timestamp":"2025-07-06 00:23:21"}
{"level":"info","message":"[TRACE] Received binary WebSocket message: 3109 bytes from user 7f003d4d-ebf9-451d-be08-5e81295f82de in call 8c1733b4-8666-46b5-9d83-7e96a1107c54","module":"server","service":"verbyflow","timestamp":"2025-07-06 00:23:21"}
{"level":"info","message":"[TRACE] Current pending metadata count: 0","module":"server","service":"verbyflow","timestamp":"2025-07-06 00:23:21"}
{"level":"warn","message":"[TRACE] Received binary data (3109 bytes) without metadata, ignoring","module":"server","service":"verbyflow","timestamp":"2025-07-06 00:23:21"}
{"level":"info","message":"[TRACE] Received binary WebSocket message: 91 bytes from user 7f003d4d-ebf9-451d-be08-5e81295f82de in call 8c1733b4-8666-46b5-9d83-7e96a1107c54","module":"server","service":"verbyflow","timestamp":"2025-07-06 00:23:21"}
{"level":"info","message":"[TRACE] Current pending metadata count: 0","module":"server","service":"verbyflow","timestamp":"2025-07-06 00:23:21"}
{"level":"warn","message":"[TRACE] Received binary data (91 bytes) without metadata, ignoring","module":"server","service":"verbyflow","timestamp":"2025-07-06 00:23:21"}
{"level":"info","message":"[TRACE] Received binary WebSocket message: 6181 bytes from user 7f003d4d-ebf9-451d-be08-5e81295f82de in call 8c1733b4-8666-46b5-9d83-7e96a1107c54","module":"server","service":"verbyflow","timestamp":"2025-07-06 00:23:21"}
{"level":"info","message":"[TRACE] Current pending metadata count: 0","module":"server","service":"verbyflow","timestamp":"2025-07-06 00:23:21"}
{"level":"warn","message":"[TRACE] Received binary data (6181 bytes) without metadata, ignoring","module":"server","service":"verbyflow","timestamp":"2025-07-06 00:23:21"}
{"level":"info","message":"[TRACE] Received binary WebSocket message: 92 bytes from user 7f003d4d-ebf9-451d-be08-5e81295f82de in call 8c1733b4-8666-46b5-9d83-7e96a1107c54","module":"server","service":"verbyflow","timestamp":"2025-07-06 00:23:22"}
{"level":"info","message":"[TRACE] Current pending metadata count: 0","module":"server","service":"verbyflow","timestamp":"2025-07-06 00:23:22"}
{"level":"warn","message":"[TRACE] Received binary data (92 bytes) without metadata, ignoring","module":"server","service":"verbyflow","timestamp":"2025-07-06 00:23:22"}
{"level":"info","message":"[TRACE] Received binary WebSocket message: 2956 bytes from user 7f003d4d-ebf9-451d-be08-5e81295f82de in call 8c1733b4-8666-46b5-9d83-7e96a1107c54","module":"server","service":"verbyflow","timestamp":"2025-07-06 00:23:22"}
{"level":"info","message":"[TRACE] Current pending metadata count: 0","module":"server","service":"verbyflow","timestamp":"2025-07-06 00:23:22"}
{"level":"warn","message":"[TRACE] Received binary data (2956 bytes) without metadata, ignoring","module":"server","service":"verbyflow","timestamp":"2025-07-06 00:23:22"}
{"level":"info","message":"[TRACE] Received binary WebSocket message: 92 bytes from user 7f003d4d-ebf9-451d-be08-5e81295f82de in call 8c1733b4-8666-46b5-9d83-7e96a1107c54","module":"server","service":"verbyflow","timestamp":"2025-07-06 00:23:23"}
{"level":"info","message":"[TRACE] Current pending metadata count: 0","module":"server","service":"verbyflow","timestamp":"2025-07-06 00:23:23"}
{"level":"warn","message":"[TRACE] Received binary data (92 bytes) without metadata, ignoring","module":"server","service":"verbyflow","timestamp":"2025-07-06 00:23:23"}
{"level":"info","message":"[TRACE] Received binary WebSocket message: 2970 bytes from user 7f003d4d-ebf9-451d-be08-5e81295f82de in call 8c1733b4-8666-46b5-9d83-7e96a1107c54","module":"server","service":"verbyflow","timestamp":"2025-07-06 00:23:23"}
{"level":"info","message":"[TRACE] Current pending metadata count: 0","module":"server","service":"verbyflow","timestamp":"2025-07-06 00:23:23"}
{"level":"warn","message":"[TRACE] Received binary data (2970 bytes) without metadata, ignoring","module":"server","service":"verbyflow","timestamp":"2025-07-06 00:23:23"}
{"level":"info","message":"[TRACE] Received binary WebSocket message: 92 bytes from user 7f003d4d-ebf9-451d-be08-5e81295f82de in call 8c1733b4-8666-46b5-9d83-7e96a1107c54","module":"server","service":"verbyflow","timestamp":"2025-07-06 00:23:24"}
{"level":"info","message":"[TRACE] Current pending metadata count: 0","module":"server","service":"verbyflow","timestamp":"2025-07-06 00:23:24"}
{"level":"warn","message":"[TRACE] Received binary data (92 bytes) without metadata, ignoring","module":"server","service":"verbyflow","timestamp":"2025-07-06 00:23:24"}
{"level":"info","message":"[TRACE] Received binary WebSocket message: 2910 bytes from user 7f003d4d-ebf9-451d-be08-5e81295f82de in call 8c1733b4-8666-46b5-9d83-7e96a1107c54","module":"server","service":"verbyflow","timestamp":"2025-07-06 00:23:24"}
{"level":"info","message":"[TRACE] Current pending metadata count: 0","module":"server","service":"verbyflow","timestamp":"2025-07-06 00:23:24"}
{"level":"warn","message":"[TRACE] Received binary data (2910 bytes) without metadata, ignoring","module":"server","service":"verbyflow","timestamp":"2025-07-06 00:23:24"}
{"level":"info","message":"[TRACE] Received binary WebSocket message: 91 bytes from user 7f003d4d-ebf9-451d-be08-5e81295f82de in call 8c1733b4-8666-46b5-9d83-7e96a1107c54","module":"server","service":"verbyflow","timestamp":"2025-07-06 00:23:24"}
{"level":"info","message":"[TRACE] Current pending metadata count: 0","module":"server","service":"verbyflow","timestamp":"2025-07-06 00:23:24"}
{"level":"warn","message":"[TRACE] Received binary data (91 bytes) without metadata, ignoring","module":"server","service":"verbyflow","timestamp":"2025-07-06 00:23:24"}
{"level":"info","message":"[TRACE] Received binary WebSocket message: 8836 bytes from user 7f003d4d-ebf9-451d-be08-5e81295f82de in call 8c1733b4-8666-46b5-9d83-7e96a1107c54","module":"server","service":"verbyflow","timestamp":"2025-07-06 00:23:24"}
{"level":"info","message":"[TRACE] Current pending metadata count: 0","module":"server","service":"verbyflow","timestamp":"2025-07-06 00:23:24"}
{"level":"warn","message":"[TRACE] Received binary data (8836 bytes) without metadata, ignoring","module":"server","service":"verbyflow","timestamp":"2025-07-06 00:23:24"}
{"level":"info","message":"[TRACE] Received binary WebSocket message: 92 bytes from user 7f003d4d-ebf9-451d-be08-5e81295f82de in call 8c1733b4-8666-46b5-9d83-7e96a1107c54","module":"server","service":"verbyflow","timestamp":"2025-07-06 00:23:24"}
{"level":"info","message":"[TRACE] Current pending metadata count: 0","module":"server","service":"verbyflow","timestamp":"2025-07-06 00:23:25"}
{"level":"warn","message":"[TRACE] Received binary data (92 bytes) without metadata, ignoring","module":"server","service":"verbyflow","timestamp":"2025-07-06 00:23:25"}
{"level":"info","message":"[TRACE] Received binary WebSocket message: 91 bytes from user 7f003d4d-ebf9-451d-be08-5e81295f82de in call 8c1733b4-8666-46b5-9d83-7e96a1107c54","module":"server","service":"verbyflow","timestamp":"2025-07-06 00:23:25"}
{"level":"info","message":"[TRACE] Current pending metadata count: 0","module":"server","service":"verbyflow","timestamp":"2025-07-06 00:23:25"}
{"level":"warn","message":"[TRACE] Received binary data (91 bytes) without metadata, ignoring","module":"server","service":"verbyflow","timestamp":"2025-07-06 00:23:25"}
{"level":"info","message":"[TRACE] Received binary WebSocket message: 1445 bytes from user 7f003d4d-ebf9-451d-be08-5e81295f82de in call 8c1733b4-8666-46b5-9d83-7e96a1107c54","module":"server","service":"verbyflow","timestamp":"2025-07-06 00:23:25"}
{"level":"info","message":"[TRACE] Current pending metadata count: 0","module":"server","service":"verbyflow","timestamp":"2025-07-06 00:23:25"}
{"level":"warn","message":"[TRACE] Received binary data (1445 bytes) without metadata, ignoring","module":"server","service":"verbyflow","timestamp":"2025-07-06 00:23:25"}
{"level":"info","message":"[TRACE] Received binary WebSocket message: 1445 bytes from user 7f003d4d-ebf9-451d-be08-5e81295f82de in call 8c1733b4-8666-46b5-9d83-7e96a1107c54","module":"server","service":"verbyflow","timestamp":"2025-07-06 00:23:25"}
{"level":"info","message":"[TRACE] Current pending metadata count: 0","module":"server","service":"verbyflow","timestamp":"2025-07-06 00:23:25"}
{"level":"warn","message":"[TRACE] Received binary data (1445 bytes) without metadata, ignoring","module":"server","service":"verbyflow","timestamp":"2025-07-06 00:23:25"}
{"level":"info","message":"[TRACE] WebSocket connection closed for user 7f003d4d-ebf9-451d-be08-5e81295f82de with code 1005: ","module":"server","service":"verbyflow","timestamp":"2025-07-06 00:23:26"}
{"level":"info","message":"[TRACE] Active WebSocket connections remaining: 0","module":"server","service":"verbyflow","timestamp":"2025-07-06 00:23:26"}
{"level":"info","message":"[TRACE] Clearing any pending metadata entries for closed connection","module":"server","service":"verbyflow","timestamp":"2025-07-06 00:23:26"}
{"level":"info","message":"[TRACE] WebSocket connection cleanup complete","module":"server","service":"verbyflow","timestamp":"2025-07-06 00:23:26"}
{"level":"debug","message":"Fetching available languages","module":"api-routes","service":"verbyflow","timestamp":"2025-07-06 00:23:26"}
{"level":"info","message":"Raw WebSocket client connected: 7f003d4d-ebf9-451d-be08-5e81295f82de to call 8c1733b4-8666-46b5-9d83-7e96a1107c54","module":"server","service":"verbyflow","timestamp":"2025-07-06 00:23:28"}
{"level":"info","message":"[TRACE] Received binary WebSocket message: 189 bytes from user 7f003d4d-ebf9-451d-be08-5e81295f82de in call 8c1733b4-8666-46b5-9d83-7e96a1107c54","module":"server","service":"verbyflow","timestamp":"2025-07-06 00:23:28"}
{"level":"info","message":"[TRACE] Current pending metadata count: 0","module":"server","service":"verbyflow","timestamp":"2025-07-06 00:23:28"}
{"level":"warn","message":"[TRACE] Received binary data (189 bytes) without metadata, ignoring","module":"server","service":"verbyflow","timestamp":"2025-07-06 00:23:28"}
{"level":"info","message":"[TRACE] WebSocket connection closed for user 7f003d4d-ebf9-451d-be08-5e81295f82de with code 1001: ","module":"server","service":"verbyflow","timestamp":"2025-07-06 00:23:28"}
{"level":"info","message":"[TRACE] Active WebSocket connections remaining: 0","module":"server","service":"verbyflow","timestamp":"2025-07-06 00:23:28"}
{"level":"info","message":"[TRACE] Clearing any pending metadata entries for closed connection","module":"server","service":"verbyflow","timestamp":"2025-07-06 00:23:28"}
{"level":"info","message":"[TRACE] WebSocket connection cleanup complete","module":"server","service":"verbyflow","timestamp":"2025-07-06 00:23:28"}
{"level":"info","message":"[TRACE] WebSocket connection closed for user 40775662-f721-4518-a974-a460337220c2 with code 1001: ","module":"server","service":"verbyflow","timestamp":"2025-07-06 00:23:33"}
{"level":"info","message":"[TRACE] Active WebSocket connections remaining: -1","module":"server","service":"verbyflow","timestamp":"2025-07-06 00:23:33"}
{"level":"info","message":"[TRACE] Clearing any pending metadata entries for closed connection","module":"server","service":"verbyflow","timestamp":"2025-07-06 00:23:33"}
{"level":"info","message":"[TRACE] WebSocket connection cleanup complete","module":"server","service":"verbyflow","timestamp":"2025-07-06 00:23:33"}
{"level":"info","message":"Shutting down server...","module":"server","service":"verbyflow","timestamp":"2025-07-06 00:26:36"}
{"level":"info","message":"VerbyFlow backend server running on port 3000","module":"server","service":"verbyflow","timestamp":"2025-07-06 00:57:18"}
{"level":"info","message":"Raw WebSocket client connected: null to call null","module":"server","service":"verbyflow","timestamp":"2025-07-06 00:57:27"}
{"level":"info","message":"VerbyFlow backend server running on port 3000","module":"server","service":"verbyflow","timestamp":"2025-07-06 00:59:28"}
{"level":"info","message":"Raw WebSocket client connected: null to call null","module":"server","service":"verbyflow","timestamp":"2025-07-06 00:59:28"}
{"level":"warn","message":"Missing callId or userId, closing raw WebSocket connection","module":"server","service":"verbyflow","timestamp":"2025-07-06 00:59:28"}
{"level":"info","message":"Raw WebSocket client connected: null to call null","module":"server","service":"verbyflow","timestamp":"2025-07-06 00:59:30"}
{"level":"info","message":"VerbyFlow backend server running on port 3000","module":"server","service":"verbyflow","timestamp":"2025-07-06 00:59:45"}
{"level":"info","message":"Raw WebSocket client connected: null to call null","module":"server","service":"verbyflow","timestamp":"2025-07-06 01:00:00"}
{"level":"info","message":"VerbyFlow backend server running on port 3000","module":"server","service":"verbyflow","timestamp":"2025-07-06 01:02:40"}
{"level":"info","message":"Raw WebSocket client connected: null to call null","module":"server","service":"verbyflow","timestamp":"2025-07-06 01:02:49"}
{"level":"warn","message":"Missing callId or userId, closing raw WebSocket connection","module":"server","service":"verbyflow","timestamp":"2025-07-06 01:02:49"}
{"level":"info","message":"VerbyFlow backend server running on port 3000","module":"server","service":"verbyflow","timestamp":"2025-07-06 01:05:31"}
{"level":"info","message":"Raw WebSocket client connected: null to call null","module":"server","service":"verbyflow","timestamp":"2025-07-06 01:05:33"}
{"level":"info","message":"VerbyFlow backend server running on port 3000","module":"server","service":"verbyflow","timestamp":"2025-07-06 01:06:09"}
{"level":"info","message":"Raw WebSocket client connected: null to call null","module":"server","service":"verbyflow","timestamp":"2025-07-06 01:06:10"}
{"level":"info","message":"VerbyFlow backend server running on port 3000","module":"server","service":"verbyflow","timestamp":"2025-07-06 12:42:56"}
{"level":"info","message":"Raw WebSocket client connected: null to call null","module":"server","service":"verbyflow","timestamp":"2025-07-06 12:43:07"}
{"level":"warn","message":"Missing callId or userId, closing raw WebSocket connection","module":"server","service":"verbyflow","timestamp":"2025-07-06 12:43:07"}
{"level":"info","message":"VerbyFlow backend server running on port 3000","module":"server","service":"verbyflow","timestamp":"2025-07-06 12:47:54"}
{"level":"info","message":"Raw WebSocket client connected: null to call null","module":"server","service":"verbyflow","timestamp":"2025-07-06 12:48:18"}
{"level":"warn","message":"Missing callId or userId, closing raw WebSocket connection","module":"server","service":"verbyflow","timestamp":"2025-07-06 12:48:18"}
{"level":"info","message":"VerbyFlow backend server running on port 3000","module":"server","service":"verbyflow","timestamp":"2025-07-06 12:55:37"}
{"level":"info","message":"Raw WebSocket client connected: null to call null","module":"server","service":"verbyflow","timestamp":"2025-07-06 12:55:44"}
{"level":"info","message":"VerbyFlow backend server running on port 3000","module":"server","service":"verbyflow","timestamp":"2025-07-06 13:01:30"}
{"level":"info","message":"Raw WebSocket client connected: null to call null","module":"server","service":"verbyflow","timestamp":"2025-07-06 13:02:11"}
{"level":"info","message":"VerbyFlow backend server running on port 3000","module":"server","service":"verbyflow","timestamp":"2025-07-06 13:02:55"}
{"level":"info","message":"Raw WebSocket client connected: null to call null","module":"server","service":"verbyflow","timestamp":"2025-07-06 13:04:17"}
{"level":"warn","message":"Missing callId or userId, closing raw WebSocket connection","module":"server","service":"verbyflow","timestamp":"2025-07-06 13:04:17"}
{"level":"info","message":"VerbyFlow backend server running on port 3000","module":"server","service":"verbyflow","timestamp":"2025-07-06 13:11:22"}
{"level":"info","message":"Raw WebSocket client connected: null to call null","module":"server","service":"verbyflow","timestamp":"2025-07-06 13:11:39"}
{"level":"info","message":"VerbyFlow backend server running on port 3000","module":"server","service":"verbyflow","timestamp":"2025-07-06 13:16:03"}
{"level":"info","message":"Raw WebSocket client connected: null to call null","module":"server","service":"verbyflow","timestamp":"2025-07-06 13:16:17"}
{"level":"info","message":"VerbyFlow backend server running on port 3000","module":"server","service":"verbyflow","timestamp":"2025-07-06 13:16:54"}
{"level":"info","message":"VerbyFlow backend server running on port 3000","module":"server","service":"verbyflow","timestamp":"2025-07-06 13:21:28"}
{"level":"warn","message":"Attempted to create call without creator_id","module":"calls-api","service":"verbyflow","timestamp":"2025-07-06 13:22:00"}
{"level":"info","message":"Created new call: d2f97262-d833-4b35-8a3b-0be6f3a262b8 by user user_1751804842408","module":"calls-api","service":"verbyflow","timestamp":"2025-07-06 13:27:22"}
{"level":"info","message":"Raw WebSocket client connected: anonymous-user to call default-call","module":"server","service":"verbyflow","timestamp":"2025-07-06 13:27:22"}
{"level":"debug","message":"Fetching call: d2f97262-d833-4b35-8a3b-0be6f3a262b8","module":"calls-api","service":"verbyflow","timestamp":"2025-07-06 13:27:22"}
{"level":"info","message":"Raw WebSocket client connected: anonymous-user to call default-call","module":"server","service":"verbyflow","timestamp":"2025-07-06 13:27:22"}
{"level":"info","message":"VerbyFlow backend server running on port 3000","module":"server","service":"verbyflow","timestamp":"2025-07-06 13:30:45"}
{"level":"info","message":"Created new call: 81792da5-ea00-4a7e-b725-4b50c574ceec by user user_1751805060060","module":"calls-api","service":"verbyflow","timestamp":"2025-07-06 13:31:00"}
{"level":"info","message":"Raw WebSocket client connected: anonymous-user to call default-call","module":"server","service":"verbyflow","timestamp":"2025-07-06 13:31:00"}
{"level":"debug","message":"Fetching call: 81792da5-ea00-4a7e-b725-4b50c574ceec","module":"calls-api","service":"verbyflow","timestamp":"2025-07-06 13:31:00"}
{"level":"info","message":"Raw WebSocket client connected: anonymous-user to call default-call","module":"server","service":"verbyflow","timestamp":"2025-07-06 13:31:00"}
{"level":"info","message":"VerbyFlow backend server running on port 3000","module":"server","service":"verbyflow","timestamp":"2025-07-06 13:32:21"}
{"level":"info","message":"Raw WebSocket client connected: anonymous-user to call default-call","module":"server","service":"verbyflow","timestamp":"2025-07-06 13:32:21"}
{"level":"info","message":"Shutting down server...","module":"server","service":"verbyflow","timestamp":"2025-07-06 13:32:54"}
{"level":"info","message":"VerbyFlow backend server running on port 3000","module":"server","service":"verbyflow","timestamp":"2025-07-06 13:33:02"}
{"level":"info","message":"Raw WebSocket client connected: anonymous-user to call default-call","module":"server","service":"verbyflow","timestamp":"2025-07-06 13:33:02"}
{"level":"info","message":"VerbyFlow backend server running on port 3000","module":"server","service":"verbyflow","timestamp":"2025-07-06 13:34:28"}
{"level":"info","message":"VerbyFlow backend server running on port 3000","module":"server","service":"verbyflow","timestamp":"2025-07-06 13:36:54"}
{"level":"info","message":"Created new call: 701fd840-eed5-4f61-a9d4-7637d90df7ad by user user_1751805447044","module":"calls-api","service":"verbyflow","timestamp":"2025-07-06 13:37:27"}
{"level":"info","message":"Raw WebSocket client connected: anonymous-user to call default-call","module":"server","service":"verbyflow","timestamp":"2025-07-06 13:37:27"}
{"level":"debug","message":"Fetching call: 701fd840-eed5-4f61-a9d4-7637d90df7ad","module":"calls-api","service":"verbyflow","timestamp":"2025-07-06 13:37:27"}
{"level":"info","message":"Raw WebSocket client connected: anonymous-user to call default-call","module":"server","service":"verbyflow","timestamp":"2025-07-06 13:37:27"}
{"level":"info","message":"VerbyFlow backend server running on port 3000","module":"server","service":"verbyflow","timestamp":"2025-07-06 13:39:25"}
{"level":"info","message":"Raw WebSocket client connected: anonymous-user to call default-call","module":"server","service":"verbyflow","timestamp":"2025-07-06 13:39:27"}
{"level":"info","message":"VerbyFlow backend server running on port 3000","module":"server","service":"verbyflow","timestamp":"2025-07-06 13:41:59"}
{"level":"info","message":"Raw WebSocket client connected: anonymous-user to call default-call","module":"server","service":"verbyflow","timestamp":"2025-07-06 13:41:59"}
{"level":"info","message":"[TRACE] WebSocket connection closed for user anonymous-user in call default-call with code 1001: ","module":"server","service":"verbyflow","timestamp":"2025-07-06 13:42:11"}
{"level":"info","message":"VerbyFlow backend server running on port 3000","module":"server","service":"verbyflow","timestamp":"2025-07-06 13:46:23"}
{"level":"info","message":"Created new call: 5ec066c8-bee1-44d6-968f-6be45fa1fc18 by user user_1751806042939","module":"calls-api","service":"verbyflow","timestamp":"2025-07-06 13:47:23"}
{"level":"info","message":"Raw WebSocket client connected: anonymous-user to call default-call","module":"server","service":"verbyflow","timestamp":"2025-07-06 13:47:23"}
{"level":"debug","message":"Fetching call: 5ec066c8-bee1-44d6-968f-6be45fa1fc18","module":"calls-api","service":"verbyflow","timestamp":"2025-07-06 13:47:23"}
{"level":"info","message":"Raw WebSocket client connected: anonymous-user to call default-call","module":"server","service":"verbyflow","timestamp":"2025-07-06 13:47:23"}
{"level":"info","message":"[TRACE] WebSocket connection closed for user anonymous-user in call default-call with code 1000: ","module":"server","service":"verbyflow","timestamp":"2025-07-06 13:47:23"}
{"level":"info","message":"[TRACE] Active WebSocket connections remaining: 1","module":"server","service":"verbyflow","timestamp":"2025-07-06 13:47:23"}
{"level":"info","message":"[TRACE] Closing duplicate connection for user anonymous-user in call default-call","module":"server","service":"verbyflow","timestamp":"2025-07-06 13:47:23"}
{"level":"info","message":"[TRACE] WebSocket connection cleanup complete","module":"server","service":"verbyflow","timestamp":"2025-07-06 13:47:23"}
{"level":"info","message":"[TRACE] WebSocket connection closed for user anonymous-user in call default-call with code 1006: ","module":"server","service":"verbyflow","timestamp":"2025-07-06 13:47:23"}
{"level":"info","message":"[TRACE] Active WebSocket connections remaining: 0","module":"server","service":"verbyflow","timestamp":"2025-07-06 13:47:23"}
{"level":"info","message":"[TRACE] WebSocket connection cleanup complete","module":"server","service":"verbyflow","timestamp":"2025-07-06 13:47:23"}
{"level":"info","message":"Raw WebSocket client connected: anonymous-user to call default-call","module":"server","service":"verbyflow","timestamp":"2025-07-06 13:47:25"}
{"level":"info","message":"[TRACE] WebSocket connection closed for user anonymous-user in call default-call with code 1001: ","module":"server","service":"verbyflow","timestamp":"2025-07-06 13:49:35"}
{"level":"info","message":"[TRACE] Active WebSocket connections remaining: 0","module":"server","service":"verbyflow","timestamp":"2025-07-06 13:49:35"}
{"level":"info","message":"[TRACE] WebSocket connection cleanup complete","module":"server","service":"verbyflow","timestamp":"2025-07-06 13:49:35"}
{"level":"debug","message":"Fetching call: 5ec066c8-bee1-44d6-968f-6be45fa1fc18","module":"calls-api","service":"verbyflow","timestamp":"2025-07-06 13:49:37"}
{"level":"info","message":"Raw WebSocket client connected: anonymous-user to call default-call","module":"server","service":"verbyflow","timestamp":"2025-07-06 13:49:37"}
{"level":"info","message":"[TRACE] WebSocket connection closed for user anonymous-user in call default-call with code 1000: ","module":"server","service":"verbyflow","timestamp":"2025-07-06 13:49:38"}
{"level":"info","message":"[TRACE] Active WebSocket connections remaining: 0","module":"server","service":"verbyflow","timestamp":"2025-07-06 13:49:38"}
{"level":"info","message":"[TRACE] WebSocket connection cleanup complete","module":"server","service":"verbyflow","timestamp":"2025-07-06 13:49:38"}
{"level":"info","message":"Created new call: ef04869a-0949-434d-9184-8dc0044bb16a by user user_1751806193745","module":"calls-api","service":"verbyflow","timestamp":"2025-07-06 13:49:53"}
{"level":"info","message":"Raw WebSocket client connected: anonymous-user to call default-call","module":"server","service":"verbyflow","timestamp":"2025-07-06 13:49:53"}
{"level":"debug","message":"Fetching call: ef04869a-0949-434d-9184-8dc0044bb16a","module":"calls-api","service":"verbyflow","timestamp":"2025-07-06 13:49:54"}
{"level":"info","message":"[TRACE] WebSocket connection closed for user anonymous-user in call default-call with code 1000: ","module":"server","service":"verbyflow","timestamp":"2025-07-06 13:49:54"}
{"level":"info","message":"[TRACE] Active WebSocket connections remaining: 0","module":"server","service":"verbyflow","timestamp":"2025-07-06 13:49:54"}
{"level":"info","message":"[TRACE] WebSocket connection cleanup complete","module":"server","service":"verbyflow","timestamp":"2025-07-06 13:49:54"}
{"level":"info","message":"Raw WebSocket client connected: anonymous-user to call default-call","module":"server","service":"verbyflow","timestamp":"2025-07-06 13:49:54"}
{"level":"debug","message":"Fetching call: ef04869a-0949-434d-9184-8dc0044bb16a","module":"calls-api","service":"verbyflow","timestamp":"2025-07-06 13:49:59"}
{"level":"info","message":"Raw WebSocket client connected: anonymous-user to call default-call","module":"server","service":"verbyflow","timestamp":"2025-07-06 13:49:59"}
{"level":"info","message":"[TRACE] WebSocket connection closed for user anonymous-user in call default-call with code 1000: ","module":"server","service":"verbyflow","timestamp":"2025-07-06 13:54:40"}
{"level":"info","message":"[TRACE] Active WebSocket connections remaining: 1","module":"server","service":"verbyflow","timestamp":"2025-07-06 13:54:40"}
{"level":"info","message":"[TRACE] Closing duplicate connection for user anonymous-user in call default-call","module":"server","service":"verbyflow","timestamp":"2025-07-06 13:54:40"}
{"level":"info","message":"[TRACE] WebSocket connection cleanup complete","module":"server","service":"verbyflow","timestamp":"2025-07-06 13:54:40"}
{"level":"info","message":"[TRACE] WebSocket connection closed for user anonymous-user in call default-call with code 1006: ","module":"server","service":"verbyflow","timestamp":"2025-07-06 13:54:40"}
{"level":"info","message":"[TRACE] Active WebSocket connections remaining: 0","module":"server","service":"verbyflow","timestamp":"2025-07-06 13:54:40"}
{"level":"info","message":"[TRACE] WebSocket connection cleanup complete","module":"server","service":"verbyflow","timestamp":"2025-07-06 13:54:40"}
{"level":"debug","message":"Fetching call: ef04869a-0949-434d-9184-8dc0044bb16a","module":"calls-api","service":"verbyflow","timestamp":"2025-07-06 13:54:40"}
{"level":"info","message":"Raw WebSocket client connected: anonymous-user to call default-call","module":"server","service":"verbyflow","timestamp":"2025-07-06 13:54:40"}
{"level":"info","message":"Raw WebSocket client connected: anonymous-user to call default-call","module":"server","service":"verbyflow","timestamp":"2025-07-06 13:54:43"}
{"level":"info","message":"[TRACE] WebSocket connection closed for user anonymous-user in call default-call with code 1001: ","module":"server","service":"verbyflow","timestamp":"2025-07-06 13:56:27"}
{"level":"info","message":"[TRACE] Active WebSocket connections remaining: 1","module":"server","service":"verbyflow","timestamp":"2025-07-06 13:56:27"}
{"level":"info","message":"[TRACE] Closing duplicate connection for user anonymous-user in call default-call","module":"server","service":"verbyflow","timestamp":"2025-07-06 13:56:27"}
{"level":"info","message":"[TRACE] WebSocket connection cleanup complete","module":"server","service":"verbyflow","timestamp":"2025-07-06 13:56:27"}
{"level":"info","message":"[TRACE] WebSocket connection closed for user anonymous-user in call default-call with code 1006: ","module":"server","service":"verbyflow","timestamp":"2025-07-06 13:56:27"}
{"level":"info","message":"[TRACE] Active WebSocket connections remaining: 0","module":"server","service":"verbyflow","timestamp":"2025-07-06 13:56:27"}
{"level":"info","message":"[TRACE] WebSocket connection cleanup complete","module":"server","service":"verbyflow","timestamp":"2025-07-06 13:56:27"}
{"level":"info","message":"Raw WebSocket client connected: anonymous-user to call default-call","module":"server","service":"verbyflow","timestamp":"2025-07-06 13:56:29"}
{"level":"info","message":"[TRACE] WebSocket connection closed for user anonymous-user in call default-call with code 1001: ","module":"server","service":"verbyflow","timestamp":"2025-07-06 13:56:29"}
{"level":"info","message":"[TRACE] Active WebSocket connections remaining: 0","module":"server","service":"verbyflow","timestamp":"2025-07-06 13:56:29"}
{"level":"info","message":"[TRACE] WebSocket connection cleanup complete","module":"server","service":"verbyflow","timestamp":"2025-07-06 13:56:29"}
{"level":"info","message":"Created new call: 362d976d-cb07-48bc-a743-aaee5be26609 by user user_1751806678967","module":"calls-api","service":"verbyflow","timestamp":"2025-07-06 13:57:59"}
{"level":"info","message":"Raw WebSocket client connected: anonymous-user to call default-call","module":"server","service":"verbyflow","timestamp":"2025-07-06 13:57:59"}
{"level":"debug","message":"Fetching call: 362d976d-cb07-48bc-a743-aaee5be26609","module":"calls-api","service":"verbyflow","timestamp":"2025-07-06 13:57:59"}
{"level":"info","message":"[TRACE] WebSocket connection closed for user anonymous-user in call default-call with code 1000: ","module":"server","service":"verbyflow","timestamp":"2025-07-06 13:57:59"}
{"level":"info","message":"[TRACE] Active WebSocket connections remaining: 0","module":"server","service":"verbyflow","timestamp":"2025-07-06 13:57:59"}
{"level":"info","message":"[TRACE] WebSocket connection cleanup complete","module":"server","service":"verbyflow","timestamp":"2025-07-06 13:57:59"}
{"level":"info","message":"Raw WebSocket client connected: anonymous-user to call default-call","module":"server","service":"verbyflow","timestamp":"2025-07-06 13:57:59"}
{"level":"debug","message":"Fetching call: 362d976d-cb07-48bc-a743-aaee5be26609","module":"calls-api","service":"verbyflow","timestamp":"2025-07-06 13:58:05"}
{"level":"info","message":"Raw WebSocket client connected: anonymous-user to call default-call","module":"server","service":"verbyflow","timestamp":"2025-07-06 13:58:05"}
{"level":"info","message":"[TRACE] WebSocket connection closed for user anonymous-user in call default-call with code 1001: ","module":"server","service":"verbyflow","timestamp":"2025-07-06 13:58:10"}
{"level":"info","message":"[TRACE] Active WebSocket connections remaining: 1","module":"server","service":"verbyflow","timestamp":"2025-07-06 13:58:10"}
{"level":"info","message":"[TRACE] Closing duplicate connection for user anonymous-user in call default-call","module":"server","service":"verbyflow","timestamp":"2025-07-06 13:58:10"}
{"level":"info","message":"[TRACE] WebSocket connection cleanup complete","module":"server","service":"verbyflow","timestamp":"2025-07-06 13:58:10"}
{"level":"info","message":"[TRACE] WebSocket connection closed for user anonymous-user in call default-call with code 1006: ","module":"server","service":"verbyflow","timestamp":"2025-07-06 13:58:10"}
{"level":"info","message":"[TRACE] Active WebSocket connections remaining: 0","module":"server","service":"verbyflow","timestamp":"2025-07-06 13:58:10"}
{"level":"info","message":"[TRACE] WebSocket connection cleanup complete","module":"server","service":"verbyflow","timestamp":"2025-07-06 13:58:10"}
{"level":"info","message":"Raw WebSocket client connected: anonymous-user to call default-call","module":"server","service":"verbyflow","timestamp":"2025-07-06 13:58:12"}
{"level":"debug","message":"Fetching call: 362d976d-cb07-48bc-a743-aaee5be26609","module":"calls-api","service":"verbyflow","timestamp":"2025-07-06 13:58:33"}
{"level":"info","message":"Raw WebSocket client connected: anonymous-user to call default-call","module":"server","service":"verbyflow","timestamp":"2025-07-06 13:58:33"}
{"level":"debug","message":"Fetching call: 362d976d-cb07-48bc-a743-aaee5be26609","module":"calls-api","service":"verbyflow","timestamp":"2025-07-06 13:58:33"}
{"level":"info","message":"[TRACE] WebSocket connection closed for user anonymous-user in call default-call with code 1000: ","module":"server","service":"verbyflow","timestamp":"2025-07-06 13:58:33"}
{"level":"info","message":"[TRACE] Active WebSocket connections remaining: 1","module":"server","service":"verbyflow","timestamp":"2025-07-06 13:58:33"}
{"level":"info","message":"[TRACE] Closing duplicate connection for user anonymous-user in call default-call","module":"server","service":"verbyflow","timestamp":"2025-07-06 13:58:33"}
{"level":"info","message":"[TRACE] WebSocket connection cleanup complete","module":"server","service":"verbyflow","timestamp":"2025-07-06 13:58:33"}
{"level":"info","message":"Raw WebSocket client connected: anonymous-user to call default-call","module":"server","service":"verbyflow","timestamp":"2025-07-06 13:58:33"}
{"level":"info","message":"[TRACE] WebSocket connection closed for user anonymous-user in call default-call with code 1006: ","module":"server","service":"verbyflow","timestamp":"2025-07-06 13:58:33"}
{"level":"info","message":"[TRACE] Active WebSocket connections remaining: 1","module":"server","service":"verbyflow","timestamp":"2025-07-06 13:58:33"}
{"level":"info","message":"[TRACE] Closing duplicate connection for user anonymous-user in call default-call","module":"server","service":"verbyflow","timestamp":"2025-07-06 13:58:33"}
{"level":"info","message":"[TRACE] WebSocket connection cleanup complete","module":"server","service":"verbyflow","timestamp":"2025-07-06 13:58:33"}
{"level":"info","message":"[TRACE] WebSocket connection closed for user anonymous-user in call default-call with code 1006: ","module":"server","service":"verbyflow","timestamp":"2025-07-06 13:58:33"}
{"level":"info","message":"[TRACE] Active WebSocket connections remaining: 0","module":"server","service":"verbyflow","timestamp":"2025-07-06 13:58:33"}
{"level":"info","message":"[TRACE] WebSocket connection cleanup complete","module":"server","service":"verbyflow","timestamp":"2025-07-06 13:58:33"}
{"level":"info","message":"Raw WebSocket client connected: anonymous-user to call default-call","module":"server","service":"verbyflow","timestamp":"2025-07-06 13:58:35"}
{"level":"info","message":"Raw WebSocket client connected: anonymous-user to call default-call","module":"server","service":"verbyflow","timestamp":"2025-07-06 13:58:35"}
{"level":"info","message":"VerbyFlow backend server running on port 3000","module":"server","service":"verbyflow","timestamp":"2025-07-06 14:08:01"}
{"level":"info","message":"Raw WebSocket client connected: anonymous-user to call default-call","module":"server","service":"verbyflow","timestamp":"2025-07-06 14:08:04"}
{"level":"info","message":"Raw WebSocket client connected: anonymous-user to call default-call","module":"server","service":"verbyflow","timestamp":"2025-07-06 14:08:04"}
{"level":"info","message":"VerbyFlow backend server running on port 3000","module":"server","service":"verbyflow","timestamp":"2025-07-06 14:11:04"}
{"level":"info","message":"Raw WebSocket client connected: anonymous-user to call default-call","module":"server","service":"verbyflow","timestamp":"2025-07-06 14:11:06"}
{"level":"info","message":"Raw WebSocket client connected: anonymous-user to call default-call","module":"server","service":"verbyflow","timestamp":"2025-07-06 14:11:06"}
{"level":"info","message":"Using ffmpeg from path: C:\\Users\\Jarvis\\Documents\\verby\\verbyflow\\backend\\node_modules\\ffmpeg-static\\ffmpeg.exe","module":"audio-utils","service":"verbyflow","timestamp":"2025-07-06 14:11:32"}
{"level":"info","message":"VerbyFlow backend server running on port 3000","module":"server","service":"verbyflow","timestamp":"2025-07-06 14:11:32"}
{"level":"info","message":"Raw WebSocket client connected: anonymous-user to call default-call","module":"server","service":"verbyflow","timestamp":"2025-07-06 14:11:35"}
{"level":"info","message":"Raw WebSocket client connected: anonymous-user to call default-call","module":"server","service":"verbyflow","timestamp":"2025-07-06 14:11:35"}
{"level":"info","message":"[TRACE] WebSocket connection closed for user anonymous-user in call default-call with code 1001: ","module":"server","service":"verbyflow","timestamp":"2025-07-06 14:12:45"}
{"level":"info","message":"Using ffmpeg from path: C:\\Users\\Jarvis\\Documents\\verby\\verbyflow\\backend\\node_modules\\ffmpeg-static\\ffmpeg.exe","module":"audio-utils","service":"verbyflow","timestamp":"2025-07-06 14:58:52"}
{"level":"info","message":"VerbyFlow backend server running on port 3000","module":"server","service":"verbyflow","timestamp":"2025-07-06 14:58:52"}
{"level":"info","message":"Created new call: 9d78bf0b-d800-4be5-8871-b417eab60b4f by user user_1751810370408","module":"calls-api","service":"verbyflow","timestamp":"2025-07-06 14:59:30"}
{"level":"info","message":"Raw WebSocket client connected: anonymous-user to call default-call","module":"server","service":"verbyflow","timestamp":"2025-07-06 14:59:30"}
{"level":"debug","message":"Fetching call: 9d78bf0b-d800-4be5-8871-b417eab60b4f","module":"calls-api","service":"verbyflow","timestamp":"2025-07-06 14:59:30"}
{"level":"info","message":"Raw WebSocket client connected: anonymous-user to call default-call","module":"server","service":"verbyflow","timestamp":"2025-07-06 14:59:30"}
{"level":"info","message":"[TRACE] WebSocket connection closed for user anonymous-user in call default-call with code 1000: ","module":"server","service":"verbyflow","timestamp":"2025-07-06 14:59:30"}
{"level":"info","message":"[TRACE] Active WebSocket connections remaining: 1","module":"server","service":"verbyflow","timestamp":"2025-07-06 14:59:30"}
{"level":"info","message":"[TRACE] Closing duplicate connection for user anonymous-user in call default-call","module":"server","service":"verbyflow","timestamp":"2025-07-06 14:59:30"}
{"level":"info","message":"[TRACE] WebSocket connection cleanup complete","module":"server","service":"verbyflow","timestamp":"2025-07-06 14:59:30"}
{"level":"info","message":"[TRACE] WebSocket connection closed for user anonymous-user in call default-call with code 1006: ","module":"server","service":"verbyflow","timestamp":"2025-07-06 14:59:30"}
{"level":"info","message":"[TRACE] Active WebSocket connections remaining: 0","module":"server","service":"verbyflow","timestamp":"2025-07-06 14:59:30"}
{"level":"info","message":"[TRACE] WebSocket connection cleanup complete","module":"server","service":"verbyflow","timestamp":"2025-07-06 14:59:30"}
{"level":"info","message":"Raw WebSocket client connected: anonymous-user to call default-call","module":"server","service":"verbyflow","timestamp":"2025-07-06 14:59:33"}
{"level":"debug","message":"Fetching call: 9d78bf0b-d800-4be5-8871-b417eab60b4f","module":"calls-api","service":"verbyflow","timestamp":"2025-07-06 14:59:37"}
{"level":"info","message":"Raw WebSocket client connected: anonymous-user to call default-call","module":"server","service":"verbyflow","timestamp":"2025-07-06 14:59:37"}
{"level":"debug","message":"Fetching call: 9d78bf0b-d800-4be5-8871-b417eab60b4f","module":"calls-api","service":"verbyflow","timestamp":"2025-07-06 14:59:37"}
{"level":"info","message":"Raw WebSocket client connected: anonymous-user to call default-call","module":"server","service":"verbyflow","timestamp":"2025-07-06 14:59:37"}
{"level":"info","message":"[TRACE] WebSocket connection closed for user anonymous-user in call default-call with code 1000: ","module":"server","service":"verbyflow","timestamp":"2025-07-06 14:59:37"}
{"level":"info","message":"[TRACE] Active WebSocket connections remaining: 2","module":"server","service":"verbyflow","timestamp":"2025-07-06 14:59:37"}
{"level":"info","message":"[TRACE] Closing duplicate connection for user anonymous-user in call default-call","module":"server","service":"verbyflow","timestamp":"2025-07-06 14:59:37"}
{"level":"info","message":"[TRACE] Closing duplicate connection for user anonymous-user in call default-call","module":"server","service":"verbyflow","timestamp":"2025-07-06 14:59:37"}
{"level":"info","message":"[TRACE] WebSocket connection cleanup complete","module":"server","service":"verbyflow","timestamp":"2025-07-06 14:59:37"}
{"level":"info","message":"[TRACE] WebSocket connection closed for user anonymous-user in call default-call with code 1006: ","module":"server","service":"verbyflow","timestamp":"2025-07-06 14:59:37"}
{"level":"info","message":"[TRACE] Active WebSocket connections remaining: 1","module":"server","service":"verbyflow","timestamp":"2025-07-06 14:59:37"}
{"level":"info","message":"[TRACE] Closing duplicate connection for user anonymous-user in call default-call","module":"server","service":"verbyflow","timestamp":"2025-07-06 14:59:37"}
{"level":"info","message":"[TRACE] WebSocket connection cleanup complete","module":"server","service":"verbyflow","timestamp":"2025-07-06 14:59:37"}
{"level":"info","message":"[TRACE] WebSocket connection closed for user anonymous-user in call default-call with code 1006: ","module":"server","service":"verbyflow","timestamp":"2025-07-06 14:59:37"}
{"level":"info","message":"[TRACE] Active WebSocket connections remaining: 0","module":"server","service":"verbyflow","timestamp":"2025-07-06 14:59:37"}
{"level":"info","message":"[TRACE] WebSocket connection cleanup complete","module":"server","service":"verbyflow","timestamp":"2025-07-06 14:59:37"}
{"level":"info","message":"Raw WebSocket client connected: anonymous-user to call default-call","module":"server","service":"verbyflow","timestamp":"2025-07-06 14:59:39"}
{"level":"info","message":"Raw WebSocket client connected: anonymous-user to call default-call","module":"server","service":"verbyflow","timestamp":"2025-07-06 14:59:39"}
{"level":"info","message":"Using ffmpeg from path: C:\\Users\\Jarvis\\Documents\\verby\\verbyflow\\backend\\node_modules\\ffmpeg-static\\ffmpeg.exe","module":"audio-utils","service":"verbyflow","timestamp":"2025-07-06 15:10:22"}
{"level":"info","message":"VerbyFlow backend server running on port 3000","module":"server","service":"verbyflow","timestamp":"2025-07-06 15:10:22"}
{"level":"info","message":"Raw WebSocket client connected: anonymous-user to call default-call","module":"server","service":"verbyflow","timestamp":"2025-07-06 15:10:25"}
{"level":"info","message":"Raw WebSocket client connected: anonymous-user to call default-call","module":"server","service":"verbyflow","timestamp":"2025-07-06 15:10:25"}
{"level":"info","message":"OPENAI_API_KEY is properly set, length: 164","module":"whisper-service","service":"verbyflow","timestamp":"2025-07-06 15:11:53"}
{"level":"info","message":"Using ffmpeg from path: C:\\Users\\Jarvis\\Documents\\verby\\verbyflow\\backend\\node_modules\\ffmpeg-static\\ffmpeg.exe","module":"audio-utils","service":"verbyflow","timestamp":"2025-07-06 15:11:53"}
{"level":"info","message":"VerbyFlow backend server running on port 3000","module":"server","service":"verbyflow","timestamp":"2025-07-06 15:11:53"}
{"level":"info","message":"Raw WebSocket client connected: anonymous-user to call default-call","module":"server","service":"verbyflow","timestamp":"2025-07-06 15:11:56"}
{"level":"info","message":"Raw WebSocket client connected: anonymous-user to call default-call","module":"server","service":"verbyflow","timestamp":"2025-07-06 15:11:56"}
{"level":"info","message":"[TRACE] WebSocket connection closed for user anonymous-user in call default-call with code 1001: ","module":"server","service":"verbyflow","timestamp":"2025-07-06 15:12:21"}
{"level":"info","message":"[TRACE] Active WebSocket connections remaining: 1","module":"server","service":"verbyflow","timestamp":"2025-07-06 15:12:21"}
{"level":"info","message":"[TRACE] Closing duplicate connection for user anonymous-user in call default-call","module":"server","service":"verbyflow","timestamp":"2025-07-06 15:12:21"}
{"level":"info","message":"[TRACE] WebSocket connection cleanup complete","module":"server","service":"verbyflow","timestamp":"2025-07-06 15:12:21"}
{"level":"info","message":"[TRACE] WebSocket connection closed for user anonymous-user in call default-call with code 1006: ","module":"server","service":"verbyflow","timestamp":"2025-07-06 15:12:21"}
{"level":"info","message":"[TRACE] Active WebSocket connections remaining: 0","module":"server","service":"verbyflow","timestamp":"2025-07-06 15:12:21"}
{"level":"info","message":"[TRACE] WebSocket connection cleanup complete","module":"server","service":"verbyflow","timestamp":"2025-07-06 15:12:21"}
{"level":"info","message":"Raw WebSocket client connected: anonymous-user to call default-call","module":"server","service":"verbyflow","timestamp":"2025-07-06 15:12:23"}
{"level":"info","message":"[TRACE] WebSocket connection closed for user anonymous-user in call default-call with code 1001: ","module":"server","service":"verbyflow","timestamp":"2025-07-06 15:12:24"}
{"level":"info","message":"[TRACE] Active WebSocket connections remaining: 0","module":"server","service":"verbyflow","timestamp":"2025-07-06 15:12:24"}
{"level":"info","message":"[TRACE] WebSocket connection cleanup complete","module":"server","service":"verbyflow","timestamp":"2025-07-06 15:12:24"}
{"level":"info","message":"Shutting down server...","module":"server","service":"verbyflow","timestamp":"2025-07-06 15:12:27"}
{"level":"info","message":"OPENAI_API_KEY is properly set, length: 164","module":"whisper-service","service":"verbyflow","timestamp":"2025-07-06 15:12:32"}
{"level":"info","message":"Using ffmpeg from path: C:\\Users\\Jarvis\\Documents\\verby\\verbyflow\\backend\\node_modules\\ffmpeg-static\\ffmpeg.exe","module":"audio-utils","service":"verbyflow","timestamp":"2025-07-06 15:12:32"}
{"level":"info","message":"VerbyFlow backend server running on port 3000","module":"server","service":"verbyflow","timestamp":"2025-07-06 15:12:32"}
{"level":"info","message":"Created new call: 8b290e42-5025-453b-bad5-ae522d557e5d by user user_1751811166659","module":"calls-api","service":"verbyflow","timestamp":"2025-07-06 15:12:46"}
{"level":"info","message":"Raw WebSocket client connected: anonymous-user to call default-call","module":"server","service":"verbyflow","timestamp":"2025-07-06 15:12:46"}
{"level":"debug","message":"Fetching call: 8b290e42-5025-453b-bad5-ae522d557e5d","module":"calls-api","service":"verbyflow","timestamp":"2025-07-06 15:12:46"}
{"level":"info","message":"Raw WebSocket client connected: anonymous-user to call default-call","module":"server","service":"verbyflow","timestamp":"2025-07-06 15:12:46"}
{"level":"info","message":"[TRACE] WebSocket connection closed for user anonymous-user in call default-call with code 1000: ","module":"server","service":"verbyflow","timestamp":"2025-07-06 15:12:46"}
{"level":"info","message":"[TRACE] Active WebSocket connections remaining: 1","module":"server","service":"verbyflow","timestamp":"2025-07-06 15:12:46"}
{"level":"info","message":"[TRACE] Closing duplicate connection for user anonymous-user in call default-call","module":"server","service":"verbyflow","timestamp":"2025-07-06 15:12:46"}
{"level":"info","message":"[TRACE] WebSocket connection cleanup complete","module":"server","service":"verbyflow","timestamp":"2025-07-06 15:12:46"}
{"level":"info","message":"[TRACE] WebSocket connection closed for user anonymous-user in call default-call with code 1006: ","module":"server","service":"verbyflow","timestamp":"2025-07-06 15:12:46"}
{"level":"info","message":"[TRACE] Active WebSocket connections remaining: 0","module":"server","service":"verbyflow","timestamp":"2025-07-06 15:12:46"}
{"level":"info","message":"[TRACE] WebSocket connection cleanup complete","module":"server","service":"verbyflow","timestamp":"2025-07-06 15:12:46"}
{"level":"info","message":"Raw WebSocket client connected: anonymous-user to call default-call","module":"server","service":"verbyflow","timestamp":"2025-07-06 15:12:49"}
{"level":"debug","message":"Fetching call: 8b290e42-5025-453b-bad5-ae522d557e5d","module":"calls-api","service":"verbyflow","timestamp":"2025-07-06 15:12:58"}
{"level":"info","message":"Raw WebSocket client connected: anonymous-user to call default-call","module":"server","service":"verbyflow","timestamp":"2025-07-06 15:12:58"}
{"level":"debug","message":"Fetching call: 8b290e42-5025-453b-bad5-ae522d557e5d","module":"calls-api","service":"verbyflow","timestamp":"2025-07-06 15:12:58"}
{"level":"info","message":"Raw WebSocket client connected: anonymous-user to call default-call","module":"server","service":"verbyflow","timestamp":"2025-07-06 15:12:58"}
{"level":"info","message":"[TRACE] WebSocket connection closed for user anonymous-user in call default-call with code 1000: ","module":"server","service":"verbyflow","timestamp":"2025-07-06 15:12:58"}
{"level":"info","message":"[TRACE] Active WebSocket connections remaining: 2","module":"server","service":"verbyflow","timestamp":"2025-07-06 15:12:58"}
{"level":"info","message":"[TRACE] Closing duplicate connection for user anonymous-user in call default-call","module":"server","service":"verbyflow","timestamp":"2025-07-06 15:12:58"}
{"level":"info","message":"[TRACE] Closing duplicate connection for user anonymous-user in call default-call","module":"server","service":"verbyflow","timestamp":"2025-07-06 15:12:58"}
{"level":"info","message":"[TRACE] WebSocket connection cleanup complete","module":"server","service":"verbyflow","timestamp":"2025-07-06 15:12:58"}
{"level":"info","message":"[TRACE] WebSocket connection closed for user anonymous-user in call default-call with code 1006: ","module":"server","service":"verbyflow","timestamp":"2025-07-06 15:12:58"}
{"level":"info","message":"[TRACE] Active WebSocket connections remaining: 1","module":"server","service":"verbyflow","timestamp":"2025-07-06 15:12:58"}
{"level":"info","message":"[TRACE] Closing duplicate connection for user anonymous-user in call default-call","module":"server","service":"verbyflow","timestamp":"2025-07-06 15:12:58"}
{"level":"info","message":"[TRACE] WebSocket connection cleanup complete","module":"server","service":"verbyflow","timestamp":"2025-07-06 15:12:58"}
{"level":"info","message":"[TRACE] WebSocket connection closed for user anonymous-user in call default-call with code 1006: ","module":"server","service":"verbyflow","timestamp":"2025-07-06 15:12:58"}
{"level":"info","message":"[TRACE] Active WebSocket connections remaining: 0","module":"server","service":"verbyflow","timestamp":"2025-07-06 15:12:58"}
{"level":"info","message":"[TRACE] WebSocket connection cleanup complete","module":"server","service":"verbyflow","timestamp":"2025-07-06 15:12:58"}
{"level":"info","message":"Raw WebSocket client connected: anonymous-user to call default-call","module":"server","service":"verbyflow","timestamp":"2025-07-06 15:13:00"}
{"level":"info","message":"Raw WebSocket client connected: anonymous-user to call default-call","module":"server","service":"verbyflow","timestamp":"2025-07-06 15:13:01"}
{"level":"info","message":"[TRACE] WebSocket connection closed for user anonymous-user in call default-call with code 1001: ","module":"server","service":"verbyflow","timestamp":"2025-07-06 15:14:59"}
{"level":"info","message":"[TRACE] Active WebSocket connections remaining: 1","module":"server","service":"verbyflow","timestamp":"2025-07-06 15:14:59"}
{"level":"info","message":"[TRACE] Closing duplicate connection for user anonymous-user in call default-call","module":"server","service":"verbyflow","timestamp":"2025-07-06 15:14:59"}
{"level":"info","message":"[TRACE] WebSocket connection cleanup complete","module":"server","service":"verbyflow","timestamp":"2025-07-06 15:14:59"}
{"level":"info","message":"[TRACE] WebSocket connection closed for user anonymous-user in call default-call with code 1006: ","module":"server","service":"verbyflow","timestamp":"2025-07-06 15:14:59"}
{"level":"info","message":"[TRACE] Active WebSocket connections remaining: 0","module":"server","service":"verbyflow","timestamp":"2025-07-06 15:14:59"}
{"level":"info","message":"[TRACE] WebSocket connection cleanup complete","module":"server","service":"verbyflow","timestamp":"2025-07-06 15:14:59"}
{"level":"debug","message":"Fetching call: 8b290e42-5025-453b-bad5-ae522d557e5d","module":"calls-api","service":"verbyflow","timestamp":"2025-07-06 15:14:59"}
{"level":"info","message":"Raw WebSocket client connected: anonymous-user to call default-call","module":"server","service":"verbyflow","timestamp":"2025-07-06 15:14:59"}
{"level":"info","message":"[TRACE] WebSocket connection closed for user anonymous-user in call default-call with code 1000: ","module":"server","service":"verbyflow","timestamp":"2025-07-06 15:15:01"}
{"level":"info","message":"[TRACE] Active WebSocket connections remaining: 0","module":"server","service":"verbyflow","timestamp":"2025-07-06 15:15:01"}
{"level":"info","message":"[TRACE] WebSocket connection cleanup complete","module":"server","service":"verbyflow","timestamp":"2025-07-06 15:15:01"}
{"level":"debug","message":"Fetching call: 8b290e42-5025-453b-bad5-ae522d557e5d","module":"calls-api","service":"verbyflow","timestamp":"2025-07-06 15:15:04"}
{"level":"info","message":"Raw WebSocket client connected: anonymous-user to call default-call","module":"server","service":"verbyflow","timestamp":"2025-07-06 15:15:04"}
{"level":"info","message":"[TRACE] WebSocket connection closed for user anonymous-user in call default-call with code 1000: ","module":"server","service":"verbyflow","timestamp":"2025-07-06 15:15:05"}
{"level":"info","message":"[TRACE] Active WebSocket connections remaining: 0","module":"server","service":"verbyflow","timestamp":"2025-07-06 15:15:05"}
{"level":"info","message":"[TRACE] WebSocket connection cleanup complete","module":"server","service":"verbyflow","timestamp":"2025-07-06 15:15:05"}
{"level":"info","message":"OPENAI_API_KEY is properly set, length: 164","module":"whisper-service","service":"verbyflow","timestamp":"2025-07-06 15:15:17"}
{"level":"info","message":"Using ffmpeg from path: C:\\Users\\Jarvis\\Documents\\verby\\verbyflow\\backend\\node_modules\\ffmpeg-static\\ffmpeg.exe","module":"audio-utils","service":"verbyflow","timestamp":"2025-07-06 15:15:17"}
{"level":"info","message":"VerbyFlow backend server running on port 3000","module":"server","service":"verbyflow","timestamp":"2025-07-06 15:15:17"}
{"level":"info","message":"OPENAI_API_KEY is properly set, length: 164","module":"whisper-service","service":"verbyflow","timestamp":"2025-07-06 15:15:55"}
{"level":"info","message":"Using ffmpeg from path: C:\\Users\\Jarvis\\Documents\\verby\\verbyflow\\backend\\node_modules\\ffmpeg-static\\ffmpeg.exe","module":"audio-utils","service":"verbyflow","timestamp":"2025-07-06 15:15:55"}
{"level":"info","message":"VerbyFlow backend server running on port 3000","module":"server","service":"verbyflow","timestamp":"2025-07-06 15:15:55"}
{"level":"info","message":"Shutting down server...","module":"server","service":"verbyflow","timestamp":"2025-07-06 15:16:36"}
{"level":"info","message":"OPENAI_API_KEY is properly set, length: 164","module":"whisper-service","service":"verbyflow","timestamp":"2025-07-06 15:16:47"}
{"level":"info","message":"Using ffmpeg from path: C:\\Users\\Jarvis\\Documents\\verby\\verbyflow\\backend\\node_modules\\ffmpeg-static\\ffmpeg.exe","module":"audio-utils","service":"verbyflow","timestamp":"2025-07-06 15:16:47"}
{"level":"info","message":"VerbyFlow backend server running on port 3000","module":"server","service":"verbyflow","timestamp":"2025-07-06 15:16:47"}
{"level":"info","message":"Created new call: 7e49ee38-795f-4b60-b6ce-d73ef543006b by user user_1751811420553","module":"calls-api","service":"verbyflow","timestamp":"2025-07-06 15:17:00"}
{"level":"info","message":"Raw WebSocket client connected: anonymous-user to call default-call","module":"server","service":"verbyflow","timestamp":"2025-07-06 15:17:00"}
{"level":"debug","message":"Fetching call: 7e49ee38-795f-4b60-b6ce-d73ef543006b","module":"calls-api","service":"verbyflow","timestamp":"2025-07-06 15:17:00"}
{"level":"info","message":"Raw WebSocket client connected: anonymous-user to call default-call","module":"server","service":"verbyflow","timestamp":"2025-07-06 15:17:00"}
{"level":"info","message":"[TRACE] WebSocket connection closed for user anonymous-user in call default-call with code 1000: ","module":"server","service":"verbyflow","timestamp":"2025-07-06 15:17:00"}
{"level":"info","message":"[TRACE] Active WebSocket connections remaining: 1","module":"server","service":"verbyflow","timestamp":"2025-07-06 15:17:00"}
{"level":"info","message":"[TRACE] Closing duplicate connection for user anonymous-user in call default-call","module":"server","service":"verbyflow","timestamp":"2025-07-06 15:17:00"}
{"level":"info","message":"[TRACE] WebSocket connection cleanup complete","module":"server","service":"verbyflow","timestamp":"2025-07-06 15:17:00"}
{"level":"info","message":"[TRACE] WebSocket connection closed for user anonymous-user in call default-call with code 1006: ","module":"server","service":"verbyflow","timestamp":"2025-07-06 15:17:00"}
{"level":"info","message":"[TRACE] Active WebSocket connections remaining: 0","module":"server","service":"verbyflow","timestamp":"2025-07-06 15:17:00"}
{"level":"info","message":"[TRACE] WebSocket connection cleanup complete","module":"server","service":"verbyflow","timestamp":"2025-07-06 15:17:00"}
{"level":"info","message":"Raw WebSocket client connected: anonymous-user to call default-call","module":"server","service":"verbyflow","timestamp":"2025-07-06 15:17:02"}
{"level":"debug","message":"Fetching call: 7e49ee38-795f-4b60-b6ce-d73ef543006b","module":"calls-api","service":"verbyflow","timestamp":"2025-07-06 15:17:08"}
{"level":"info","message":"Raw WebSocket client connected: anonymous-user to call default-call","module":"server","service":"verbyflow","timestamp":"2025-07-06 15:17:08"}
{"level":"debug","message":"Fetching call: 7e49ee38-795f-4b60-b6ce-d73ef543006b","module":"calls-api","service":"verbyflow","timestamp":"2025-07-06 15:17:08"}
{"level":"info","message":"Raw WebSocket client connected: anonymous-user to call default-call","module":"server","service":"verbyflow","timestamp":"2025-07-06 15:17:08"}
{"level":"info","message":"[TRACE] WebSocket connection closed for user anonymous-user in call default-call with code 1000: ","module":"server","service":"verbyflow","timestamp":"2025-07-06 15:17:08"}
{"level":"info","message":"[TRACE] Active WebSocket connections remaining: 2","module":"server","service":"verbyflow","timestamp":"2025-07-06 15:17:08"}
{"level":"info","message":"[TRACE] Closing duplicate connection for user anonymous-user in call default-call","module":"server","service":"verbyflow","timestamp":"2025-07-06 15:17:08"}
{"level":"info","message":"[TRACE] Closing duplicate connection for user anonymous-user in call default-call","module":"server","service":"verbyflow","timestamp":"2025-07-06 15:17:08"}
{"level":"info","message":"[TRACE] WebSocket connection cleanup complete","module":"server","service":"verbyflow","timestamp":"2025-07-06 15:17:08"}
{"level":"info","message":"[TRACE] WebSocket connection closed for user anonymous-user in call default-call with code 1006: ","module":"server","service":"verbyflow","timestamp":"2025-07-06 15:17:08"}
{"level":"info","message":"[TRACE] Active WebSocket connections remaining: 1","module":"server","service":"verbyflow","timestamp":"2025-07-06 15:17:08"}
{"level":"info","message":"[TRACE] Closing duplicate connection for user anonymous-user in call default-call","module":"server","service":"verbyflow","timestamp":"2025-07-06 15:17:08"}
{"level":"info","message":"[TRACE] WebSocket connection cleanup complete","module":"server","service":"verbyflow","timestamp":"2025-07-06 15:17:08"}
{"level":"info","message":"[TRACE] WebSocket connection closed for user anonymous-user in call default-call with code 1006: ","module":"server","service":"verbyflow","timestamp":"2025-07-06 15:17:08"}
{"level":"info","message":"[TRACE] Active WebSocket connections remaining: 0","module":"server","service":"verbyflow","timestamp":"2025-07-06 15:17:08"}
{"level":"info","message":"[TRACE] WebSocket connection cleanup complete","module":"server","service":"verbyflow","timestamp":"2025-07-06 15:17:08"}
{"level":"info","message":"Raw WebSocket client connected: anonymous-user to call default-call","module":"server","service":"verbyflow","timestamp":"2025-07-06 15:17:10"}
{"level":"info","message":"Raw WebSocket client connected: anonymous-user to call default-call","module":"server","service":"verbyflow","timestamp":"2025-07-06 15:17:10"}
{"level":"info","message":"Shutting down server...","module":"server","service":"verbyflow","timestamp":"2025-07-06 15:25:00"}
{"level":"info","message":"Shutting down server...","module":"server","service":"verbyflow","timestamp":"2025-07-06 15:25:02"}
{"level":"info","message":"Shutting down server...","module":"server","service":"verbyflow","timestamp":"2025-07-06 15:25:03"}
{"level":"info","message":"Shutting down server...","module":"server","service":"verbyflow","timestamp":"2025-07-06 15:25:03"}
{"level":"info","message":"Shutting down server...","module":"server","service":"verbyflow","timestamp":"2025-07-06 15:25:03"}
{"level":"info","message":"Shutting down server...","module":"server","service":"verbyflow","timestamp":"2025-07-06 15:25:05"}
{"level":"info","message":"Shutting down server...","module":"server","service":"verbyflow","timestamp":"2025-07-06 15:25:05"}
{"level":"info","message":"Shutting down server...","module":"server","service":"verbyflow","timestamp":"2025-07-06 15:25:05"}
{"level":"info","message":"Shutting down server...","module":"server","service":"verbyflow","timestamp":"2025-07-06 15:25:06"}
{"level":"info","message":"Shutting down server...","module":"server","service":"verbyflow","timestamp":"2025-07-06 15:25:06"}
{"level":"info","message":"Shutting down server...","module":"server","service":"verbyflow","timestamp":"2025-07-06 15:25:06"}
{"level":"info","message":"Shutting down server...","module":"server","service":"verbyflow","timestamp":"2025-07-06 15:25:07"}
{"level":"info","message":"Shutting down server...","module":"server","service":"verbyflow","timestamp":"2025-07-06 15:25:07"}
{"level":"info","message":"Shutting down server...","module":"server","service":"verbyflow","timestamp":"2025-07-06 15:25:07"}
{"level":"info","message":"Shutting down server...","module":"server","service":"verbyflow","timestamp":"2025-07-06 15:25:08"}
{"level":"info","message":"Shutting down server...","module":"server","service":"verbyflow","timestamp":"2025-07-06 15:25:08"}
{"level":"info","message":"Shutting down server...","module":"server","service":"verbyflow","timestamp":"2025-07-06 15:25:08"}
{"level":"info","message":"Shutting down server...","module":"server","service":"verbyflow","timestamp":"2025-07-06 15:25:08"}
{"level":"info","message":"Shutting down server...","module":"server","service":"verbyflow","timestamp":"2025-07-06 15:25:08"}
{"level":"info","message":"Shutting down server...","module":"server","service":"verbyflow","timestamp":"2025-07-06 15:25:08"}
{"level":"info","message":"Shutting down server...","module":"server","service":"verbyflow","timestamp":"2025-07-06 15:25:08"}
{"level":"info","message":"Shutting down server...","module":"server","service":"verbyflow","timestamp":"2025-07-06 15:25:08"}
{"level":"info","message":"Shutting down server...","module":"server","service":"verbyflow","timestamp":"2025-07-06 15:25:08"}
{"level":"info","message":"Shutting down server...","module":"server","service":"verbyflow","timestamp":"2025-07-06 15:25:08"}
{"level":"info","message":"Shutting down server...","module":"server","service":"verbyflow","timestamp":"2025-07-06 15:25:08"}
{"level":"info","message":"Shutting down server...","module":"server","service":"verbyflow","timestamp":"2025-07-06 15:25:08"}
{"level":"info","message":"Shutting down server...","module":"server","service":"verbyflow","timestamp":"2025-07-06 15:25:08"}
{"level":"info","message":"Shutting down server...","module":"server","service":"verbyflow","timestamp":"2025-07-06 15:25:08"}
{"level":"info","message":"Shutting down server...","module":"server","service":"verbyflow","timestamp":"2025-07-06 15:25:08"}
{"level":"info","message":"Shutting down server...","module":"server","service":"verbyflow","timestamp":"2025-07-06 15:25:08"}
{"level":"info","message":"Shutting down server...","module":"server","service":"verbyflow","timestamp":"2025-07-06 15:25:08"}
{"level":"info","message":"Shutting down server...","module":"server","service":"verbyflow","timestamp":"2025-07-06 15:25:08"}
{"level":"info","message":"Shutting down server...","module":"server","service":"verbyflow","timestamp":"2025-07-06 15:25:08"}
{"level":"info","message":"Shutting down server...","module":"server","service":"verbyflow","timestamp":"2025-07-06 15:25:09"}
{"level":"info","message":"Shutting down server...","module":"server","service":"verbyflow","timestamp":"2025-07-06 15:25:09"}
{"level":"info","message":"Shutting down server...","module":"server","service":"verbyflow","timestamp":"2025-07-06 15:25:09"}
{"level":"info","message":"Shutting down server...","module":"server","service":"verbyflow","timestamp":"2025-07-06 15:25:09"}
{"level":"info","message":"Shutting down server...","module":"server","service":"verbyflow","timestamp":"2025-07-06 15:25:09"}
{"level":"info","message":"Shutting down server...","module":"server","service":"verbyflow","timestamp":"2025-07-06 15:25:09"}
{"level":"info","message":"Shutting down server...","module":"server","service":"verbyflow","timestamp":"2025-07-06 15:25:09"}
{"level":"info","message":"Shutting down server...","module":"server","service":"verbyflow","timestamp":"2025-07-06 15:25:10"}
{"level":"info","message":"Shutting down server...","module":"server","service":"verbyflow","timestamp":"2025-07-06 15:25:10"}
{"level":"info","message":"Shutting down server...","module":"server","service":"verbyflow","timestamp":"2025-07-06 15:25:10"}
{"level":"info","message":"Shutting down server...","module":"server","service":"verbyflow","timestamp":"2025-07-06 15:25:10"}
{"level":"info","message":"Shutting down server...","module":"server","service":"verbyflow","timestamp":"2025-07-06 15:25:10"}
{"level":"info","message":"Shutting down server...","module":"server","service":"verbyflow","timestamp":"2025-07-06 15:25:10"}
{"level":"info","message":"Shutting down server...","module":"server","service":"verbyflow","timestamp":"2025-07-06 15:25:12"}
{"level":"info","message":"Shutting down server...","module":"server","service":"verbyflow","timestamp":"2025-07-06 15:25:13"}
{"level":"info","message":"Shutting down server...","module":"server","service":"verbyflow","timestamp":"2025-07-06 15:25:13"}
{"level":"info","message":"Shutting down server...","module":"server","service":"verbyflow","timestamp":"2025-07-06 15:25:13"}
{"level":"info","message":"[TRACE] WebSocket connection closed for user anonymous-user in call default-call with code 1001: ","module":"server","service":"verbyflow","timestamp":"2025-07-06 15:25:17"}
{"level":"info","message":"OPENAI_API_KEY is properly set, length: 164","module":"whisper-service","service":"verbyflow","timestamp":"2025-07-06 15:25:45"}
{"level":"info","message":"Using ffmpeg from path: C:\\Users\\Jarvis\\Documents\\verby\\verbyflow\\backend\\node_modules\\ffmpeg-static\\ffmpeg.exe","module":"audio-utils","service":"verbyflow","timestamp":"2025-07-06 15:25:45"}
{"level":"info","message":"VerbyFlow backend server running on port 3000","module":"server","service":"verbyflow","timestamp":"2025-07-06 15:25:45"}
{"level":"info","message":"Created new call: 9f33c07c-87e3-4de6-b91b-da1ad604426f by user user_1751811954543","module":"calls-api","service":"verbyflow","timestamp":"2025-07-06 15:25:54"}
{"level":"info","message":"Raw WebSocket client connected: anonymous-user to call default-call","module":"server","service":"verbyflow","timestamp":"2025-07-06 15:25:54"}
{"level":"debug","message":"Fetching call: 9f33c07c-87e3-4de6-b91b-da1ad604426f","module":"calls-api","service":"verbyflow","timestamp":"2025-07-06 15:25:54"}
{"level":"info","message":"Raw WebSocket client connected: anonymous-user to call default-call","module":"server","service":"verbyflow","timestamp":"2025-07-06 15:25:54"}
{"level":"info","message":"[TRACE] WebSocket connection closed for user anonymous-user in call default-call with code 1000: ","module":"server","service":"verbyflow","timestamp":"2025-07-06 15:25:54"}
{"level":"info","message":"[TRACE] Active WebSocket connections remaining: 1","module":"server","service":"verbyflow","timestamp":"2025-07-06 15:25:54"}
{"level":"info","message":"[TRACE] Closing duplicate connection for user anonymous-user in call default-call","module":"server","service":"verbyflow","timestamp":"2025-07-06 15:25:54"}
{"level":"info","message":"[TRACE] WebSocket connection cleanup complete","module":"server","service":"verbyflow","timestamp":"2025-07-06 15:25:54"}
{"level":"info","message":"[TRACE] WebSocket connection closed for user anonymous-user in call default-call with code 1006: ","module":"server","service":"verbyflow","timestamp":"2025-07-06 15:25:54"}
{"level":"info","message":"[TRACE] Active WebSocket connections remaining: 0","module":"server","service":"verbyflow","timestamp":"2025-07-06 15:25:54"}
{"level":"info","message":"[TRACE] WebSocket connection cleanup complete","module":"server","service":"verbyflow","timestamp":"2025-07-06 15:25:54"}
{"level":"info","message":"Raw WebSocket client connected: anonymous-user to call default-call","module":"server","service":"verbyflow","timestamp":"2025-07-06 15:25:56"}
{"level":"debug","message":"Fetching call: 9f33c07c-87e3-4de6-b91b-da1ad604426f","module":"calls-api","service":"verbyflow","timestamp":"2025-07-06 15:26:02"}
{"level":"info","message":"Raw WebSocket client connected: anonymous-user to call default-call","module":"server","service":"verbyflow","timestamp":"2025-07-06 15:26:02"}
{"level":"debug","message":"Fetching call: 9f33c07c-87e3-4de6-b91b-da1ad604426f","module":"calls-api","service":"verbyflow","timestamp":"2025-07-06 15:26:02"}
{"level":"info","message":"Raw WebSocket client connected: anonymous-user to call default-call","module":"server","service":"verbyflow","timestamp":"2025-07-06 15:26:03"}
{"level":"info","message":"[TRACE] WebSocket connection closed for user anonymous-user in call default-call with code 1000: ","module":"server","service":"verbyflow","timestamp":"2025-07-06 15:26:03"}
{"level":"info","message":"[TRACE] Active WebSocket connections remaining: 2","module":"server","service":"verbyflow","timestamp":"2025-07-06 15:26:03"}
{"level":"info","message":"[TRACE] Closing duplicate connection for user anonymous-user in call default-call","module":"server","service":"verbyflow","timestamp":"2025-07-06 15:26:03"}
{"level":"info","message":"[TRACE] Closing duplicate connection for user anonymous-user in call default-call","module":"server","service":"verbyflow","timestamp":"2025-07-06 15:26:03"}
{"level":"info","message":"[TRACE] WebSocket connection cleanup complete","module":"server","service":"verbyflow","timestamp":"2025-07-06 15:26:03"}
{"level":"info","message":"[TRACE] WebSocket connection closed for user anonymous-user in call default-call with code 1006: ","module":"server","service":"verbyflow","timestamp":"2025-07-06 15:26:03"}
{"level":"info","message":"[TRACE] Active WebSocket connections remaining: 1","module":"server","service":"verbyflow","timestamp":"2025-07-06 15:26:03"}
{"level":"info","message":"[TRACE] Closing duplicate connection for user anonymous-user in call default-call","module":"server","service":"verbyflow","timestamp":"2025-07-06 15:26:03"}
{"level":"info","message":"[TRACE] WebSocket connection cleanup complete","module":"server","service":"verbyflow","timestamp":"2025-07-06 15:26:03"}
{"level":"info","message":"[TRACE] WebSocket connection closed for user anonymous-user in call default-call with code 1006: ","module":"server","service":"verbyflow","timestamp":"2025-07-06 15:26:03"}
{"level":"info","message":"[TRACE] Active WebSocket connections remaining: 0","module":"server","service":"verbyflow","timestamp":"2025-07-06 15:26:03"}
{"level":"info","message":"[TRACE] WebSocket connection cleanup complete","module":"server","service":"verbyflow","timestamp":"2025-07-06 15:26:03"}
{"level":"info","message":"Raw WebSocket client connected: anonymous-user to call default-call","module":"server","service":"verbyflow","timestamp":"2025-07-06 15:26:05"}
{"level":"info","message":"Raw WebSocket client connected: anonymous-user to call default-call","module":"server","service":"verbyflow","timestamp":"2025-07-06 15:26:05"}
{"level":"info","message":"[TRACE] WebSocket connection closed for user anonymous-user in call default-call with code 1001: ","module":"server","service":"verbyflow","timestamp":"2025-07-06 15:28:36"}
{"level":"info","message":"[TRACE] Active WebSocket connections remaining: 1","module":"server","service":"verbyflow","timestamp":"2025-07-06 15:28:36"}
{"level":"info","message":"[TRACE] Closing duplicate connection for user anonymous-user in call default-call","module":"server","service":"verbyflow","timestamp":"2025-07-06 15:28:36"}
{"level":"info","message":"[TRACE] WebSocket connection cleanup complete","module":"server","service":"verbyflow","timestamp":"2025-07-06 15:28:36"}
{"level":"info","message":"[TRACE] WebSocket connection closed for user anonymous-user in call default-call with code 1006: ","module":"server","service":"verbyflow","timestamp":"2025-07-06 15:28:36"}
{"level":"info","message":"[TRACE] Active WebSocket connections remaining: 0","module":"server","service":"verbyflow","timestamp":"2025-07-06 15:28:36"}
{"level":"info","message":"[TRACE] WebSocket connection cleanup complete","module":"server","service":"verbyflow","timestamp":"2025-07-06 15:28:36"}
{"level":"debug","message":"Fetching call: 9f33c07c-87e3-4de6-b91b-da1ad604426f","module":"calls-api","service":"verbyflow","timestamp":"2025-07-06 15:28:39"}
{"level":"info","message":"Raw WebSocket client connected: anonymous-user to call default-call","module":"server","service":"verbyflow","timestamp":"2025-07-06 15:28:39"}
{"level":"debug","message":"Fetching call: 9f33c07c-87e3-4de6-b91b-da1ad604426f","module":"calls-api","service":"verbyflow","timestamp":"2025-07-06 15:28:40"}
{"level":"info","message":"Raw WebSocket client connected: anonymous-user to call default-call","module":"server","service":"verbyflow","timestamp":"2025-07-06 15:28:40"}
{"level":"info","message":"[TRACE] WebSocket connection closed for user anonymous-user in call default-call with code 1000: ","module":"server","service":"verbyflow","timestamp":"2025-07-06 15:28:41"}
{"level":"info","message":"[TRACE] Active WebSocket connections remaining: 1","module":"server","service":"verbyflow","timestamp":"2025-07-06 15:28:41"}
{"level":"info","message":"[TRACE] Closing duplicate connection for user anonymous-user in call default-call","module":"server","service":"verbyflow","timestamp":"2025-07-06 15:28:41"}
{"level":"info","message":"[TRACE] WebSocket connection cleanup complete","module":"server","service":"verbyflow","timestamp":"2025-07-06 15:28:41"}
{"level":"info","message":"[TRACE] WebSocket connection closed for user anonymous-user in call default-call with code 1006: ","module":"server","service":"verbyflow","timestamp":"2025-07-06 15:28:41"}
{"level":"info","message":"[TRACE] Active WebSocket connections remaining: 0","module":"server","service":"verbyflow","timestamp":"2025-07-06 15:28:41"}
{"level":"info","message":"[TRACE] WebSocket connection cleanup complete","module":"server","service":"verbyflow","timestamp":"2025-07-06 15:28:41"}
{"level":"info","message":"Raw WebSocket client connected: anonymous-user to call default-call","module":"server","service":"verbyflow","timestamp":"2025-07-06 15:28:43"}
{"level":"info","message":"[TRACE] WebSocket connection closed for user anonymous-user in call default-call with code 1001: ","module":"server","service":"verbyflow","timestamp":"2025-07-06 15:30:44"}
{"level":"info","message":"[TRACE] Active WebSocket connections remaining: 0","module":"server","service":"verbyflow","timestamp":"2025-07-06 15:30:44"}
{"level":"info","message":"[TRACE] WebSocket connection cleanup complete","module":"server","service":"verbyflow","timestamp":"2025-07-06 15:30:44"}
{"level":"info","message":"OPENAI_API_KEY is properly set, length: 164","module":"whisper-service","service":"verbyflow","timestamp":"2025-07-06 15:55:09"}
{"level":"info","message":"Using ffmpeg from path: C:\\Users\\Jarvis\\Documents\\verby\\verbyflow\\backend\\node_modules\\ffmpeg-static\\ffmpeg.exe","module":"audio-utils","service":"verbyflow","timestamp":"2025-07-06 15:55:09"}
{"level":"info","message":"VerbyFlow backend server running on port 3000","module":"server","service":"verbyflow","timestamp":"2025-07-06 15:55:09"}
{"level":"info","message":"Created new call: c18ae557-f8ea-4978-8c50-e0d74bc8917a by user user_1751813728494","module":"calls-api","service":"verbyflow","timestamp":"2025-07-06 15:55:28"}
{"level":"info","message":"Created new call: 1d1af1ad-8a10-49e8-b016-aa8589248986 by user user_1751813742113","module":"calls-api","service":"verbyflow","timestamp":"2025-07-06 15:55:42"}
{"level":"info","message":"OPENAI_API_KEY is properly set, length: 164","module":"whisper-service","service":"verbyflow","timestamp":"2025-07-06 16:02:42"}
{"level":"info","message":"Using ffmpeg from path: C:\\Users\\Jarvis\\Documents\\verby\\verbyflow\\backend\\node_modules\\ffmpeg-static\\ffmpeg.exe","module":"audio-utils","service":"verbyflow","timestamp":"2025-07-06 16:02:42"}
{"level":"info","message":"VerbyFlow backend server running on port 3000","module":"server","service":"verbyflow","timestamp":"2025-07-06 16:02:42"}
{"level":"info","message":"OPENAI_API_KEY is properly set, length: 164","module":"whisper-service","service":"verbyflow","timestamp":"2025-07-06 16:37:45"}
{"level":"info","message":"Using ffmpeg from path: C:\\Users\\Jarvis\\Documents\\verby\\verbyflow\\backend\\node_modules\\ffmpeg-static\\ffmpeg.exe","module":"audio-utils","service":"verbyflow","timestamp":"2025-07-06 16:37:45"}
{"level":"info","message":"VerbyFlow backend server running on port 3000","module":"server","service":"verbyflow","timestamp":"2025-07-06 16:37:45"}
{"level":"info","message":"Created new call: 8d031fc3-4661-4a66-b5e7-a6ac66db7021 by user user_1751816512576","module":"calls-api","service":"verbyflow","timestamp":"2025-07-06 16:41:52"}
{"level":"info","message":"Created new call: b1e64018-ed4e-4309-8b67-0c9943a83ec8 by user user_1751816714032","module":"calls-api","service":"verbyflow","timestamp":"2025-07-06 16:45:14"}
{"level":"debug","message":"Fetching call: b1e64018-ed4e-4309-8b67-0c9943a83ec8","module":"calls-api","service":"verbyflow","timestamp":"2025-07-06 16:45:14"}
{"level":"debug","message":"Fetching call: b1e64018-ed4e-4309-8b67-0c9943a83ec8","module":"calls-api","service":"verbyflow","timestamp":"2025-07-06 16:45:23"}
{"level":"debug","message":"Fetching call: b1e64018-ed4e-4309-8b67-0c9943a83ec8","module":"calls-api","service":"verbyflow","timestamp":"2025-07-06 16:45:23"}
{"level":"debug","message":"Fetching call: b1e64018-ed4e-4309-8b67-0c9943a83ec8","module":"calls-api","service":"verbyflow","timestamp":"2025-07-06 16:48:14"}
{"level":"debug","message":"Fetching call: b1e64018-ed4e-4309-8b67-0c9943a83ec8","module":"calls-api","service":"verbyflow","timestamp":"2025-07-06 16:48:24"}
{"level":"debug","message":"Fetching call: b1e64018-ed4e-4309-8b67-0c9943a83ec8","module":"calls-api","service":"verbyflow","timestamp":"2025-07-06 16:48:27"}
{"level":"info","message":"Created new call: 419c6ef2-a3d9-4e15-b914-a3ea6fdae7f9 by user user_1751817101172","module":"calls-api","service":"verbyflow","timestamp":"2025-07-06 16:51:41"}
{"level":"debug","message":"Fetching call: 419c6ef2-a3d9-4e15-b914-a3ea6fdae7f9","module":"calls-api","service":"verbyflow","timestamp":"2025-07-06 16:51:41"}
{"level":"debug","message":"Fetching call: 419c6ef2-a3d9-4e15-b914-a3ea6fdae7f9","module":"calls-api","service":"verbyflow","timestamp":"2025-07-06 16:51:47"}
{"level":"debug","message":"Fetching call: 419c6ef2-a3d9-4e15-b914-a3ea6fdae7f9","module":"calls-api","service":"verbyflow","timestamp":"2025-07-06 16:51:48"}
{"level":"info","message":"OPENAI_API_KEY is properly set, length: 164","module":"whisper-service","service":"verbyflow","timestamp":"2025-07-06 16:58:07"}
{"level":"info","message":"Using ffmpeg from path: C:\\Users\\Jarvis\\Documents\\verby\\verbyflow\\backend\\node_modules\\ffmpeg-static\\ffmpeg.exe","module":"audio-utils","service":"verbyflow","timestamp":"2025-07-06 16:58:07"}
{"level":"info","message":"VerbyFlow backend server running on port 3000","module":"server","service":"verbyflow","timestamp":"2025-07-06 16:58:07"}
{"level":"info","message":"Created new call: f71358ed-7a7a-4376-bb37-24d7785efbfe by user user_1751817558736","module":"calls-api","service":"verbyflow","timestamp":"2025-07-06 16:59:18"}
{"level":"debug","message":"Fetching call: f71358ed-7a7a-4376-bb37-24d7785efbfe","module":"calls-api","service":"verbyflow","timestamp":"2025-07-06 16:59:19"}
{"level":"debug","message":"Fetching call: f71358ed-7a7a-4376-bb37-24d7785efbfe","module":"calls-api","service":"verbyflow","timestamp":"2025-07-06 16:59:26"}
{"level":"debug","message":"Fetching call: f71358ed-7a7a-4376-bb37-24d7785efbfe","module":"calls-api","service":"verbyflow","timestamp":"2025-07-06 16:59:27"}
{"level":"info","message":"OPENAI_API_KEY is properly set, length: 164","module":"whisper-service","service":"verbyflow","timestamp":"2025-07-06 17:05:59"}
{"level":"info","message":"Using ffmpeg from path: C:\\Users\\Jarvis\\Documents\\verby\\verbyflow\\backend\\node_modules\\ffmpeg-static\\ffmpeg.exe","module":"audio-utils","service":"verbyflow","timestamp":"2025-07-06 17:05:59"}
{"level":"info","message":"VerbyFlow backend server running on port 3000","module":"server","service":"verbyflow","timestamp":"2025-07-06 17:05:59"}
{"level":"info","message":"OPENAI_API_KEY is properly set, length: 164","module":"whisper-service","service":"verbyflow","timestamp":"2025-07-06 17:06:29"}
{"level":"info","message":"Using ffmpeg from path: C:\\Users\\Jarvis\\Documents\\verby\\verbyflow\\backend\\node_modules\\ffmpeg-static\\ffmpeg.exe","module":"audio-utils","service":"verbyflow","timestamp":"2025-07-06 17:06:29"}
{"level":"info","message":"VerbyFlow backend server running on port 3000","module":"server","service":"verbyflow","timestamp":"2025-07-06 17:06:29"}
{"level":"info","message":"OPENAI_API_KEY is properly set, length: 164","module":"whisper-service","service":"verbyflow","timestamp":"2025-07-06 17:07:01"}
{"level":"info","message":"Using ffmpeg from path: C:\\Users\\Jarvis\\Documents\\verby\\verbyflow\\backend\\node_modules\\ffmpeg-static\\ffmpeg.exe","module":"audio-utils","service":"verbyflow","timestamp":"2025-07-06 17:07:01"}
{"level":"info","message":"VerbyFlow backend server running on port 3000","module":"server","service":"verbyflow","timestamp":"2025-07-06 17:07:01"}
{"level":"info","message":"OPENAI_API_KEY is properly set, length: 164","module":"whisper-service","service":"verbyflow","timestamp":"2025-07-06 17:07:36"}
{"level":"info","message":"Using ffmpeg from path: C:\\Users\\Jarvis\\Documents\\verby\\verbyflow\\backend\\node_modules\\ffmpeg-static\\ffmpeg.exe","module":"audio-utils","service":"verbyflow","timestamp":"2025-07-06 17:07:36"}
{"level":"info","message":"VerbyFlow backend server running on port 3000","module":"server","service":"verbyflow","timestamp":"2025-07-06 17:07:36"}
{"level":"info","message":"Created new call: 1ae7a1bf-16fd-4f0c-8820-3d361019a04b by user user_1751818091735","module":"calls-api","service":"verbyflow","timestamp":"2025-07-06 17:08:11"}
{"level":"debug","message":"Fetching call: 1ae7a1bf-16fd-4f0c-8820-3d361019a04b","module":"calls-api","service":"verbyflow","timestamp":"2025-07-06 17:08:12"}
{"level":"debug","message":"Fetching call: 1ae7a1bf-16fd-4f0c-8820-3d361019a04b","module":"calls-api","service":"verbyflow","timestamp":"2025-07-06 17:08:19"}
{"level":"debug","message":"Fetching call: 1ae7a1bf-16fd-4f0c-8820-3d361019a04b","module":"calls-api","service":"verbyflow","timestamp":"2025-07-06 17:08:20"}
{"level":"info","message":"OPENAI_API_KEY is properly set, length: 164","module":"whisper-service","service":"verbyflow","timestamp":"2025-07-06 17:15:50"}
{"level":"info","message":"Using ffmpeg from path: C:\\Users\\Jarvis\\Documents\\verby\\verbyflow\\backend\\node_modules\\ffmpeg-static\\ffmpeg.exe","module":"audio-utils","service":"verbyflow","timestamp":"2025-07-06 17:15:50"}
{"level":"info","message":"VerbyFlow backend server running on port 3000","module":"server","service":"verbyflow","timestamp":"2025-07-06 17:15:50"}
{"level":"info","message":"OPENAI_API_KEY is properly set, length: 164","module":"whisper-service","service":"verbyflow","timestamp":"2025-07-06 17:16:12"}
{"level":"info","message":"Using ffmpeg from path: C:\\Users\\Jarvis\\Documents\\verby\\verbyflow\\backend\\node_modules\\ffmpeg-static\\ffmpeg.exe","module":"audio-utils","service":"verbyflow","timestamp":"2025-07-06 17:16:12"}
{"level":"info","message":"VerbyFlow backend server running on port 3000","module":"server","service":"verbyflow","timestamp":"2025-07-06 17:16:12"}
{"level":"info","message":"OPENAI_API_KEY is properly set, length: 164","module":"whisper-service","service":"verbyflow","timestamp":"2025-07-06 17:18:06"}
{"level":"info","message":"Using ffmpeg from path: C:\\Users\\Jarvis\\Documents\\verby\\verbyflow\\backend\\node_modules\\ffmpeg-static\\ffmpeg.exe","module":"audio-utils","service":"verbyflow","timestamp":"2025-07-06 17:18:06"}
{"level":"info","message":"VerbyFlow backend server running on port 3000","module":"server","service":"verbyflow","timestamp":"2025-07-06 17:18:06"}
{"level":"info","message":"Created new call: a4d648c7-7836-464e-8988-780450b29466 by user user_1751818730177","module":"calls-api","service":"verbyflow","timestamp":"2025-07-06 17:18:50"}
{"level":"debug","message":"Fetching call: a4d648c7-7836-464e-8988-780450b29466","module":"calls-api","service":"verbyflow","timestamp":"2025-07-06 17:18:50"}
{"level":"debug","message":"Fetching call: a4d648c7-7836-464e-8988-780450b29466","module":"calls-api","service":"verbyflow","timestamp":"2025-07-06 17:18:58"}
{"level":"debug","message":"Fetching call: a4d648c7-7836-464e-8988-780450b29466","module":"calls-api","service":"verbyflow","timestamp":"2025-07-06 17:18:58"}
{"level":"info","message":"OPENAI_API_KEY is properly set, length: 164","module":"whisper-service","service":"verbyflow","timestamp":"2025-07-06 17:21:17"}
{"level":"info","message":"Using ffmpeg from path: C:\\Users\\Jarvis\\Documents\\verby\\verbyflow\\backend\\node_modules\\ffmpeg-static\\ffmpeg.exe","module":"audio-utils","service":"verbyflow","timestamp":"2025-07-06 17:21:17"}
{"level":"info","message":"VerbyFlow backend server running on port 3000","module":"server","service":"verbyflow","timestamp":"2025-07-06 17:21:17"}
{"level":"info","message":"OPENAI_API_KEY is properly set, length: 164","module":"whisper-service","service":"verbyflow","timestamp":"2025-07-06 17:21:54"}
{"level":"info","message":"Using ffmpeg from path: C:\\Users\\Jarvis\\Documents\\verby\\verbyflow\\backend\\node_modules\\ffmpeg-static\\ffmpeg.exe","module":"audio-utils","service":"verbyflow","timestamp":"2025-07-06 17:21:54"}
{"level":"info","message":"VerbyFlow backend server running on port 3000","module":"server","service":"verbyflow","timestamp":"2025-07-06 17:21:54"}
{"level":"info","message":"OPENAI_API_KEY is properly set, length: 164","module":"whisper-service","service":"verbyflow","timestamp":"2025-07-06 17:22:15"}
{"level":"info","message":"Using ffmpeg from path: C:\\Users\\Jarvis\\Documents\\verby\\verbyflow\\backend\\node_modules\\ffmpeg-static\\ffmpeg.exe","module":"audio-utils","service":"verbyflow","timestamp":"2025-07-06 17:22:15"}
{"level":"info","message":"VerbyFlow backend server running on port 3000","module":"server","service":"verbyflow","timestamp":"2025-07-06 17:22:15"}
{"level":"info","message":"Created new call: 72309c5c-7a5a-4329-b6a8-ad76a82e157e by user user_1751818976132","module":"calls-api","service":"verbyflow","timestamp":"2025-07-06 17:22:56"}
{"level":"debug","message":"Fetching call: 72309c5c-7a5a-4329-b6a8-ad76a82e157e","module":"calls-api","service":"verbyflow","timestamp":"2025-07-06 17:22:56"}
{"level":"debug","message":"Fetching call: 72309c5c-7a5a-4329-b6a8-ad76a82e157e","module":"calls-api","service":"verbyflow","timestamp":"2025-07-06 17:23:03"}
{"level":"debug","message":"Fetching call: 72309c5c-7a5a-4329-b6a8-ad76a82e157e","module":"calls-api","service":"verbyflow","timestamp":"2025-07-06 17:23:04"}
{"level":"info","message":"OPENAI_API_KEY is properly set, length: 164","module":"whisper-service","service":"verbyflow","timestamp":"2025-07-06 17:26:28"}
{"level":"info","message":"Using ffmpeg from path: C:\\Users\\Jarvis\\Documents\\verby\\verbyflow\\backend\\node_modules\\ffmpeg-static\\ffmpeg.exe","module":"audio-utils","service":"verbyflow","timestamp":"2025-07-06 17:26:28"}
{"level":"info","message":"VerbyFlow backend server running on port 3000","module":"server","service":"verbyflow","timestamp":"2025-07-06 17:26:28"}
{"level":"info","message":"OPENAI_API_KEY is properly set, length: 164","module":"whisper-service","service":"verbyflow","timestamp":"2025-07-06 17:27:20"}
{"level":"info","message":"Using ffmpeg from path: C:\\Users\\Jarvis\\Documents\\verby\\verbyflow\\backend\\node_modules\\ffmpeg-static\\ffmpeg.exe","module":"audio-utils","service":"verbyflow","timestamp":"2025-07-06 17:27:20"}
{"level":"info","message":"VerbyFlow backend server running on port 3000","module":"server","service":"verbyflow","timestamp":"2025-07-06 17:27:20"}
{"level":"info","message":"OPENAI_API_KEY is properly set, length: 164","module":"whisper-service","service":"verbyflow","timestamp":"2025-07-06 17:27:49"}
{"level":"info","message":"Using ffmpeg from path: C:\\Users\\Jarvis\\Documents\\verby\\verbyflow\\backend\\node_modules\\ffmpeg-static\\ffmpeg.exe","module":"audio-utils","service":"verbyflow","timestamp":"2025-07-06 17:27:49"}
{"level":"info","message":"VerbyFlow backend server running on port 3000","module":"server","service":"verbyflow","timestamp":"2025-07-06 17:27:49"}
{"level":"info","message":"OPENAI_API_KEY is properly set, length: 164","module":"whisper-service","service":"verbyflow","timestamp":"2025-07-06 17:28:34"}
{"level":"info","message":"Using ffmpeg from path: C:\\Users\\Jarvis\\Documents\\verby\\verbyflow\\backend\\node_modules\\ffmpeg-static\\ffmpeg.exe","module":"audio-utils","service":"verbyflow","timestamp":"2025-07-06 17:28:34"}
{"level":"info","message":"VerbyFlow backend server running on port 3000","module":"server","service":"verbyflow","timestamp":"2025-07-06 17:28:34"}
{"level":"info","message":"Created new call: fa75dfda-b404-46e6-9668-2f5520542514 by user user_1751819396804","module":"calls-api","service":"verbyflow","timestamp":"2025-07-06 17:29:56"}
{"level":"debug","message":"Fetching call: fa75dfda-b404-46e6-9668-2f5520542514","module":"calls-api","service":"verbyflow","timestamp":"2025-07-06 17:29:57"}
{"level":"debug","message":"Fetching call: fa75dfda-b404-46e6-9668-2f5520542514","module":"calls-api","service":"verbyflow","timestamp":"2025-07-06 17:30:07"}
{"level":"debug","message":"Fetching call: fa75dfda-b404-46e6-9668-2f5520542514","module":"calls-api","service":"verbyflow","timestamp":"2025-07-06 17:30:07"}
{"level":"info","message":"OPENAI_API_KEY is properly set, length: 164","module":"whisper-service","service":"verbyflow","timestamp":"2025-07-06 17:36:06"}
{"level":"info","message":"Using ffmpeg from path: C:\\Users\\Jarvis\\Documents\\verby\\verbyflow\\backend\\node_modules\\ffmpeg-static\\ffmpeg.exe","module":"audio-utils","service":"verbyflow","timestamp":"2025-07-06 17:36:06"}
{"level":"info","message":"VerbyFlow backend server running on port 3000","module":"server","service":"verbyflow","timestamp":"2025-07-06 17:36:06"}
{"level":"info","message":"WebSocket server running on port 8080","module":"server","service":"verbyflow","timestamp":"2025-07-06 17:36:06"}
{"level":"info","message":"OPENAI_API_KEY is properly set, length: 164","module":"whisper-service","service":"verbyflow","timestamp":"2025-07-06 17:36:34"}
{"level":"info","message":"Using ffmpeg from path: C:\\Users\\Jarvis\\Documents\\verby\\verbyflow\\backend\\node_modules\\ffmpeg-static\\ffmpeg.exe","module":"audio-utils","service":"verbyflow","timestamp":"2025-07-06 17:36:34"}
{"level":"info","message":"VerbyFlow backend server running on port 3000","module":"server","service":"verbyflow","timestamp":"2025-07-06 17:36:34"}
{"level":"info","message":"WebSocket server running on port 8080","module":"server","service":"verbyflow","timestamp":"2025-07-06 17:36:34"}
{"level":"info","message":"Raw WebSocket client connected: null to call null","module":"server","service":"verbyflow","timestamp":"2025-07-06 17:38:11"}
{"level":"warn","message":"Missing callId or userId, closing raw WebSocket connection","module":"server","service":"verbyflow","timestamp":"2025-07-06 17:38:11"}
{"level":"info","message":"Raw WebSocket client connected: null to call null","module":"server","service":"verbyflow","timestamp":"2025-07-06 17:38:11"}
{"level":"warn","message":"Missing callId or userId, closing raw WebSocket connection","module":"server","service":"verbyflow","timestamp":"2025-07-06 17:38:11"}
{"level":"info","message":"Raw WebSocket client connected: null to call null","module":"server","service":"verbyflow","timestamp":"2025-07-06 17:38:13"}
{"level":"warn","message":"Missing callId or userId, closing raw WebSocket connection","module":"server","service":"verbyflow","timestamp":"2025-07-06 17:38:13"}
{"level":"info","message":"Raw WebSocket client connected: null to call null","module":"server","service":"verbyflow","timestamp":"2025-07-06 17:38:13"}
{"level":"warn","message":"Missing callId or userId, closing raw WebSocket connection","module":"server","service":"verbyflow","timestamp":"2025-07-06 17:38:13"}
{"level":"info","message":"Raw WebSocket client connected: user_1751819397228 to call fa75dfda-b404-46e6-9668-2f5520542514","module":"server","service":"verbyflow","timestamp":"2025-07-06 17:38:13"}
{"level":"info","message":"Added user user_1751819397228 to call fa75dfda-b404-46e6-9668-2f5520542514. Total participants: 1","module":"server","service":"verbyflow","timestamp":"2025-07-06 17:38:13"}
{"level":"info","message":"Current clients in call fa75dfda-b404-46e6-9668-2f5520542514 via wss.clients: ","module":"server","service":"verbyflow","timestamp":"2025-07-06 17:38:13"}
{"level":"info","message":"Raw WebSocket client connected: user_1751819407925 to call fa75dfda-b404-46e6-9668-2f5520542514","module":"server","service":"verbyflow","timestamp":"2025-07-06 17:38:13"}
{"level":"info","message":"Added user user_1751819407925 to call fa75dfda-b404-46e6-9668-2f5520542514. Total participants: 2","module":"server","service":"verbyflow","timestamp":"2025-07-06 17:38:13"}
{"level":"info","message":"Current clients in call fa75dfda-b404-46e6-9668-2f5520542514 via wss.clients: user_1751819397228","module":"server","service":"verbyflow","timestamp":"2025-07-06 17:38:13"}
{"level":"debug","message":"Broadcast to user_1751819397228 in call fa75dfda-b404-46e6-9668-2f5520542514 via activeCallMap","module":"server","service":"verbyflow","timestamp":"2025-07-06 17:38:13"}
{"level":"debug","message":"Broadcast to user_1751819397228 in call fa75dfda-b404-46e6-9668-2f5520542514 via wss.clients","module":"server","service":"verbyflow","timestamp":"2025-07-06 17:38:13"}
{"level":"info","message":"Raw WebSocket client connected: null to call null","module":"server","service":"verbyflow","timestamp":"2025-07-06 17:38:15"}
{"level":"warn","message":"Missing callId or userId, closing raw WebSocket connection","module":"server","service":"verbyflow","timestamp":"2025-07-06 17:38:15"}
{"level":"info","message":"Raw WebSocket client connected: null to call null","module":"server","service":"verbyflow","timestamp":"2025-07-06 17:38:15"}
{"level":"warn","message":"Missing callId or userId, closing raw WebSocket connection","module":"server","service":"verbyflow","timestamp":"2025-07-06 17:38:15"}
{"level":"info","message":"Raw WebSocket client connected: null to call null","module":"server","service":"verbyflow","timestamp":"2025-07-06 17:38:17"}
{"level":"warn","message":"Missing callId or userId, closing raw WebSocket connection","module":"server","service":"verbyflow","timestamp":"2025-07-06 17:38:17"}
{"level":"info","message":"Raw WebSocket client connected: null to call null","module":"server","service":"verbyflow","timestamp":"2025-07-06 17:38:17"}
{"level":"warn","message":"Missing callId or userId, closing raw WebSocket connection","module":"server","service":"verbyflow","timestamp":"2025-07-06 17:38:17"}
{"level":"info","message":"Raw WebSocket client connected: null to call null","module":"server","service":"verbyflow","timestamp":"2025-07-06 17:38:19"}
{"level":"warn","message":"Missing callId or userId, closing raw WebSocket connection","module":"server","service":"verbyflow","timestamp":"2025-07-06 17:38:19"}
{"level":"info","message":"Raw WebSocket client connected: null to call null","module":"server","service":"verbyflow","timestamp":"2025-07-06 17:38:19"}
{"level":"warn","message":"Missing callId or userId, closing raw WebSocket connection","module":"server","service":"verbyflow","timestamp":"2025-07-06 17:38:19"}
{"level":"info","message":"Raw WebSocket client connected: null to call null","module":"server","service":"verbyflow","timestamp":"2025-07-06 17:38:21"}
{"level":"warn","message":"Missing callId or userId, closing raw WebSocket connection","module":"server","service":"verbyflow","timestamp":"2025-07-06 17:38:21"}
{"level":"info","message":"Raw WebSocket client connected: null to call null","module":"server","service":"verbyflow","timestamp":"2025-07-06 17:38:21"}
{"level":"warn","message":"Missing callId or userId, closing raw WebSocket connection","module":"server","service":"verbyflow","timestamp":"2025-07-06 17:38:21"}
{"level":"info","message":"Raw WebSocket client connected: null to call null","module":"server","service":"verbyflow","timestamp":"2025-07-06 17:38:23"}
{"level":"warn","message":"Missing callId or userId, closing raw WebSocket connection","module":"server","service":"verbyflow","timestamp":"2025-07-06 17:38:23"}
{"level":"info","message":"Raw WebSocket client connected: null to call null","module":"server","service":"verbyflow","timestamp":"2025-07-06 17:38:23"}
{"level":"warn","message":"Missing callId or userId, closing raw WebSocket connection","module":"server","service":"verbyflow","timestamp":"2025-07-06 17:38:23"}
{"level":"info","message":"Raw WebSocket client connected: null to call null","module":"server","service":"verbyflow","timestamp":"2025-07-06 17:38:25"}
{"level":"warn","message":"Missing callId or userId, closing raw WebSocket connection","module":"server","service":"verbyflow","timestamp":"2025-07-06 17:38:25"}
{"level":"info","message":"Raw WebSocket client connected: null to call null","module":"server","service":"verbyflow","timestamp":"2025-07-06 17:38:25"}
{"level":"warn","message":"Missing callId or userId, closing raw WebSocket connection","module":"server","service":"verbyflow","timestamp":"2025-07-06 17:38:25"}
{"level":"info","message":"Raw WebSocket client connected: null to call null","module":"server","service":"verbyflow","timestamp":"2025-07-06 17:38:27"}
{"level":"warn","message":"Missing callId or userId, closing raw WebSocket connection","module":"server","service":"verbyflow","timestamp":"2025-07-06 17:38:27"}
{"level":"info","message":"Raw WebSocket client connected: null to call null","module":"server","service":"verbyflow","timestamp":"2025-07-06 17:38:27"}
{"level":"warn","message":"Missing callId or userId, closing raw WebSocket connection","module":"server","service":"verbyflow","timestamp":"2025-07-06 17:38:27"}
{"level":"info","message":"Raw WebSocket client connected: null to call null","module":"server","service":"verbyflow","timestamp":"2025-07-06 17:38:29"}
{"level":"warn","message":"Missing callId or userId, closing raw WebSocket connection","module":"server","service":"verbyflow","timestamp":"2025-07-06 17:38:29"}
{"level":"info","message":"Raw WebSocket client connected: null to call null","module":"server","service":"verbyflow","timestamp":"2025-07-06 17:38:29"}
{"level":"warn","message":"Missing callId or userId, closing raw WebSocket connection","module":"server","service":"verbyflow","timestamp":"2025-07-06 17:38:29"}
{"level":"info","message":"Raw WebSocket client connected: null to call null","module":"server","service":"verbyflow","timestamp":"2025-07-06 17:38:31"}
{"level":"warn","message":"Missing callId or userId, closing raw WebSocket connection","module":"server","service":"verbyflow","timestamp":"2025-07-06 17:38:31"}
{"level":"info","message":"Raw WebSocket client connected: null to call null","module":"server","service":"verbyflow","timestamp":"2025-07-06 17:38:31"}
{"level":"warn","message":"Missing callId or userId, closing raw WebSocket connection","module":"server","service":"verbyflow","timestamp":"2025-07-06 17:38:31"}
{"level":"info","message":"Raw WebSocket client connected: null to call null","module":"server","service":"verbyflow","timestamp":"2025-07-06 17:38:33"}
{"level":"warn","message":"Missing callId or userId, closing raw WebSocket connection","module":"server","service":"verbyflow","timestamp":"2025-07-06 17:38:33"}
{"level":"info","message":"Raw WebSocket client connected: null to call null","module":"server","service":"verbyflow","timestamp":"2025-07-06 17:38:33"}
{"level":"warn","message":"Missing callId or userId, closing raw WebSocket connection","module":"server","service":"verbyflow","timestamp":"2025-07-06 17:38:33"}
{"level":"info","message":"Raw WebSocket client connected: null to call null","module":"server","service":"verbyflow","timestamp":"2025-07-06 17:38:35"}
{"level":"warn","message":"Missing callId or userId, closing raw WebSocket connection","module":"server","service":"verbyflow","timestamp":"2025-07-06 17:38:35"}
{"level":"info","message":"Raw WebSocket client connected: null to call null","module":"server","service":"verbyflow","timestamp":"2025-07-06 17:38:35"}
{"level":"warn","message":"Missing callId or userId, closing raw WebSocket connection","module":"server","service":"verbyflow","timestamp":"2025-07-06 17:38:35"}
{"level":"info","message":"Raw WebSocket client connected: null to call null","module":"server","service":"verbyflow","timestamp":"2025-07-06 17:38:37"}
{"level":"warn","message":"Missing callId or userId, closing raw WebSocket connection","module":"server","service":"verbyflow","timestamp":"2025-07-06 17:38:37"}
{"level":"info","message":"Raw WebSocket client connected: null to call null","module":"server","service":"verbyflow","timestamp":"2025-07-06 17:38:37"}
{"level":"warn","message":"Missing callId or userId, closing raw WebSocket connection","module":"server","service":"verbyflow","timestamp":"2025-07-06 17:38:37"}
{"level":"info","message":"Raw WebSocket client connected: null to call null","module":"server","service":"verbyflow","timestamp":"2025-07-06 17:38:39"}
{"level":"warn","message":"Missing callId or userId, closing raw WebSocket connection","module":"server","service":"verbyflow","timestamp":"2025-07-06 17:38:39"}
{"level":"info","message":"Raw WebSocket client connected: null to call null","module":"server","service":"verbyflow","timestamp":"2025-07-06 17:38:39"}
{"level":"warn","message":"Missing callId or userId, closing raw WebSocket connection","module":"server","service":"verbyflow","timestamp":"2025-07-06 17:38:39"}
{"level":"info","message":"Raw WebSocket client connected: null to call null","module":"server","service":"verbyflow","timestamp":"2025-07-06 17:38:41"}
{"level":"warn","message":"Missing callId or userId, closing raw WebSocket connection","module":"server","service":"verbyflow","timestamp":"2025-07-06 17:38:41"}
{"level":"info","message":"Raw WebSocket client connected: null to call null","module":"server","service":"verbyflow","timestamp":"2025-07-06 17:38:41"}
{"level":"warn","message":"Missing callId or userId, closing raw WebSocket connection","module":"server","service":"verbyflow","timestamp":"2025-07-06 17:38:41"}
{"level":"info","message":"Raw WebSocket client connected: null to call null","module":"server","service":"verbyflow","timestamp":"2025-07-06 17:38:43"}
{"level":"warn","message":"Missing callId or userId, closing raw WebSocket connection","module":"server","service":"verbyflow","timestamp":"2025-07-06 17:38:43"}
{"level":"info","message":"Raw WebSocket client connected: null to call null","module":"server","service":"verbyflow","timestamp":"2025-07-06 17:38:43"}
{"level":"warn","message":"Missing callId or userId, closing raw WebSocket connection","module":"server","service":"verbyflow","timestamp":"2025-07-06 17:38:43"}
{"level":"info","message":"Raw WebSocket client connected: null to call null","module":"server","service":"verbyflow","timestamp":"2025-07-06 17:38:45"}
{"level":"warn","message":"Missing callId or userId, closing raw WebSocket connection","module":"server","service":"verbyflow","timestamp":"2025-07-06 17:38:45"}
{"level":"info","message":"Raw WebSocket client connected: null to call null","module":"server","service":"verbyflow","timestamp":"2025-07-06 17:38:45"}
{"level":"warn","message":"Missing callId or userId, closing raw WebSocket connection","module":"server","service":"verbyflow","timestamp":"2025-07-06 17:38:45"}
{"level":"info","message":"Raw WebSocket client connected: null to call null","module":"server","service":"verbyflow","timestamp":"2025-07-06 17:38:47"}
{"level":"warn","message":"Missing callId or userId, closing raw WebSocket connection","module":"server","service":"verbyflow","timestamp":"2025-07-06 17:38:47"}
{"level":"info","message":"Raw WebSocket client connected: null to call null","module":"server","service":"verbyflow","timestamp":"2025-07-06 17:38:47"}
{"level":"warn","message":"Missing callId or userId, closing raw WebSocket connection","module":"server","service":"verbyflow","timestamp":"2025-07-06 17:38:47"}
{"level":"info","message":"Raw WebSocket client connected: null to call null","module":"server","service":"verbyflow","timestamp":"2025-07-06 17:38:49"}
{"level":"warn","message":"Missing callId or userId, closing raw WebSocket connection","module":"server","service":"verbyflow","timestamp":"2025-07-06 17:38:49"}
{"level":"info","message":"Raw WebSocket client connected: null to call null","module":"server","service":"verbyflow","timestamp":"2025-07-06 17:38:49"}
{"level":"warn","message":"Missing callId or userId, closing raw WebSocket connection","module":"server","service":"verbyflow","timestamp":"2025-07-06 17:38:49"}
{"level":"info","message":"Raw WebSocket client connected: null to call null","module":"server","service":"verbyflow","timestamp":"2025-07-06 17:38:51"}
{"level":"warn","message":"Missing callId or userId, closing raw WebSocket connection","module":"server","service":"verbyflow","timestamp":"2025-07-06 17:38:51"}
{"level":"info","message":"Raw WebSocket client connected: null to call null","module":"server","service":"verbyflow","timestamp":"2025-07-06 17:38:51"}
{"level":"warn","message":"Missing callId or userId, closing raw WebSocket connection","module":"server","service":"verbyflow","timestamp":"2025-07-06 17:38:51"}
{"level":"info","message":"Raw WebSocket client connected: null to call null","module":"server","service":"verbyflow","timestamp":"2025-07-06 17:38:53"}
{"level":"warn","message":"Missing callId or userId, closing raw WebSocket connection","module":"server","service":"verbyflow","timestamp":"2025-07-06 17:38:53"}
{"level":"info","message":"Raw WebSocket client connected: null to call null","module":"server","service":"verbyflow","timestamp":"2025-07-06 17:38:53"}
{"level":"warn","message":"Missing callId or userId, closing raw WebSocket connection","module":"server","service":"verbyflow","timestamp":"2025-07-06 17:38:53"}
{"level":"info","message":"Raw WebSocket client connected: null to call null","module":"server","service":"verbyflow","timestamp":"2025-07-06 17:38:55"}
{"level":"warn","message":"Missing callId or userId, closing raw WebSocket connection","module":"server","service":"verbyflow","timestamp":"2025-07-06 17:38:55"}
{"level":"info","message":"Raw WebSocket client connected: null to call null","module":"server","service":"verbyflow","timestamp":"2025-07-06 17:38:55"}
{"level":"warn","message":"Missing callId or userId, closing raw WebSocket connection","module":"server","service":"verbyflow","timestamp":"2025-07-06 17:38:55"}
{"level":"info","message":"Raw WebSocket client connected: null to call null","module":"server","service":"verbyflow","timestamp":"2025-07-06 17:38:57"}
{"level":"warn","message":"Missing callId or userId, closing raw WebSocket connection","module":"server","service":"verbyflow","timestamp":"2025-07-06 17:38:57"}
{"level":"info","message":"Raw WebSocket client connected: null to call null","module":"server","service":"verbyflow","timestamp":"2025-07-06 17:38:57"}
{"level":"warn","message":"Missing callId or userId, closing raw WebSocket connection","module":"server","service":"verbyflow","timestamp":"2025-07-06 17:38:57"}
{"level":"info","message":"Raw WebSocket client connected: null to call null","module":"server","service":"verbyflow","timestamp":"2025-07-06 17:38:59"}
{"level":"warn","message":"Missing callId or userId, closing raw WebSocket connection","module":"server","service":"verbyflow","timestamp":"2025-07-06 17:38:59"}
{"level":"info","message":"Raw WebSocket client connected: null to call null","module":"server","service":"verbyflow","timestamp":"2025-07-06 17:38:59"}
{"level":"warn","message":"Missing callId or userId, closing raw WebSocket connection","module":"server","service":"verbyflow","timestamp":"2025-07-06 17:38:59"}
{"level":"info","message":"Raw WebSocket client connected: null to call null","module":"server","service":"verbyflow","timestamp":"2025-07-06 17:39:01"}
{"level":"warn","message":"Missing callId or userId, closing raw WebSocket connection","module":"server","service":"verbyflow","timestamp":"2025-07-06 17:39:01"}
{"level":"info","message":"Raw WebSocket client connected: null to call null","module":"server","service":"verbyflow","timestamp":"2025-07-06 17:39:01"}
{"level":"warn","message":"Missing callId or userId, closing raw WebSocket connection","module":"server","service":"verbyflow","timestamp":"2025-07-06 17:39:01"}
{"level":"info","message":"Raw WebSocket client connected: null to call null","module":"server","service":"verbyflow","timestamp":"2025-07-06 17:39:03"}
{"level":"warn","message":"Missing callId or userId, closing raw WebSocket connection","module":"server","service":"verbyflow","timestamp":"2025-07-06 17:39:03"}
{"level":"info","message":"Raw WebSocket client connected: null to call null","module":"server","service":"verbyflow","timestamp":"2025-07-06 17:39:03"}
{"level":"warn","message":"Missing callId or userId, closing raw WebSocket connection","module":"server","service":"verbyflow","timestamp":"2025-07-06 17:39:03"}
{"level":"info","message":"Raw WebSocket client connected: null to call null","module":"server","service":"verbyflow","timestamp":"2025-07-06 17:39:05"}
{"level":"warn","message":"Missing callId or userId, closing raw WebSocket connection","module":"server","service":"verbyflow","timestamp":"2025-07-06 17:39:05"}
{"level":"info","message":"Raw WebSocket client connected: null to call null","module":"server","service":"verbyflow","timestamp":"2025-07-06 17:39:05"}
{"level":"warn","message":"Missing callId or userId, closing raw WebSocket connection","module":"server","service":"verbyflow","timestamp":"2025-07-06 17:39:05"}
{"level":"info","message":"Raw WebSocket client connected: null to call null","module":"server","service":"verbyflow","timestamp":"2025-07-06 17:39:06"}
{"level":"warn","message":"Missing callId or userId, closing raw WebSocket connection","module":"server","service":"verbyflow","timestamp":"2025-07-06 17:39:06"}
{"level":"info","message":"Raw WebSocket client connected: null to call null","module":"server","service":"verbyflow","timestamp":"2025-07-06 17:39:07"}
{"level":"warn","message":"Missing callId or userId, closing raw WebSocket connection","module":"server","service":"verbyflow","timestamp":"2025-07-06 17:39:07"}
{"level":"info","message":"Raw WebSocket client connected: null to call null","module":"server","service":"verbyflow","timestamp":"2025-07-06 17:39:08"}
{"level":"warn","message":"Missing callId or userId, closing raw WebSocket connection","module":"server","service":"verbyflow","timestamp":"2025-07-06 17:39:08"}
{"level":"info","message":"Raw WebSocket client connected: null to call null","module":"server","service":"verbyflow","timestamp":"2025-07-06 17:39:08"}
{"level":"warn","message":"Missing callId or userId, closing raw WebSocket connection","module":"server","service":"verbyflow","timestamp":"2025-07-06 17:39:08"}
{"level":"info","message":"Raw WebSocket client connected: null to call null","module":"server","service":"verbyflow","timestamp":"2025-07-06 17:39:09"}
{"level":"warn","message":"Missing callId or userId, closing raw WebSocket connection","module":"server","service":"verbyflow","timestamp":"2025-07-06 17:39:09"}
{"level":"info","message":"Raw WebSocket client connected: null to call null","module":"server","service":"verbyflow","timestamp":"2025-07-06 17:39:09"}
{"level":"warn","message":"Missing callId or userId, closing raw WebSocket connection","module":"server","service":"verbyflow","timestamp":"2025-07-06 17:39:09"}
{"level":"info","message":"WebSocket closed for user user_1751819407925 in call fa75dfda-b404-46e6-9668-2f5520542514","module":"server","service":"verbyflow","timestamp":"2025-07-06 17:39:10"}
{"level":"info","message":"Removed user user_1751819407925 from call fa75dfda-b404-46e6-9668-2f5520542514. Remaining participants: 1","module":"server","service":"verbyflow","timestamp":"2025-07-06 17:39:10"}
{"level":"debug","message":"Broadcast to user_1751819397228 in call fa75dfda-b404-46e6-9668-2f5520542514 via activeCallMap","module":"server","service":"verbyflow","timestamp":"2025-07-06 17:39:10"}
{"level":"debug","message":"Broadcast to user_1751819397228 in call fa75dfda-b404-46e6-9668-2f5520542514 via wss.clients","module":"server","service":"verbyflow","timestamp":"2025-07-06 17:39:10"}
{"level":"info","message":"[TRACE] WebSocket connection closed for user user_1751819407925 in call fa75dfda-b404-46e6-9668-2f5520542514 with code 1001: ","module":"server","service":"verbyflow","timestamp":"2025-07-06 17:39:10"}
{"level":"info","message":"[TRACE] Active WebSocket connections remaining: 1","module":"server","service":"verbyflow","timestamp":"2025-07-06 17:39:10"}
{"level":"info","message":"[TRACE] WebSocket connection cleanup complete","module":"server","service":"verbyflow","timestamp":"2025-07-06 17:39:10"}
{"level":"info","message":"Raw WebSocket client connected: null to call null","module":"server","service":"verbyflow","timestamp":"2025-07-06 17:39:10"}
{"level":"warn","message":"Missing callId or userId, closing raw WebSocket connection","module":"server","service":"verbyflow","timestamp":"2025-07-06 17:39:10"}
{"level":"info","message":"Raw WebSocket client connected: null to call null","module":"server","service":"verbyflow","timestamp":"2025-07-06 17:39:11"}
{"level":"warn","message":"Missing callId or userId, closing raw WebSocket connection","module":"server","service":"verbyflow","timestamp":"2025-07-06 17:39:11"}
{"level":"info","message":"Raw WebSocket client connected: null to call null","module":"server","service":"verbyflow","timestamp":"2025-07-06 17:39:12"}
{"level":"warn","message":"Missing callId or userId, closing raw WebSocket connection","module":"server","service":"verbyflow","timestamp":"2025-07-06 17:39:12"}
{"level":"info","message":"Raw WebSocket client connected: null to call null","module":"server","service":"verbyflow","timestamp":"2025-07-06 17:39:13"}
{"level":"warn","message":"Missing callId or userId, closing raw WebSocket connection","module":"server","service":"verbyflow","timestamp":"2025-07-06 17:39:13"}
{"level":"info","message":"Raw WebSocket client connected: null to call null","module":"server","service":"verbyflow","timestamp":"2025-07-06 17:39:14"}
{"level":"warn","message":"Missing callId or userId, closing raw WebSocket connection","module":"server","service":"verbyflow","timestamp":"2025-07-06 17:39:14"}
{"level":"info","message":"Raw WebSocket client connected: null to call null","module":"server","service":"verbyflow","timestamp":"2025-07-06 17:39:15"}
{"level":"warn","message":"Missing callId or userId, closing raw WebSocket connection","module":"server","service":"verbyflow","timestamp":"2025-07-06 17:39:15"}
{"level":"info","message":"Raw WebSocket client connected: null to call null","module":"server","service":"verbyflow","timestamp":"2025-07-06 17:39:16"}
{"level":"warn","message":"Missing callId or userId, closing raw WebSocket connection","module":"server","service":"verbyflow","timestamp":"2025-07-06 17:39:16"}
{"level":"info","message":"Raw WebSocket client connected: null to call null","module":"server","service":"verbyflow","timestamp":"2025-07-06 17:39:17"}
{"level":"warn","message":"Missing callId or userId, closing raw WebSocket connection","module":"server","service":"verbyflow","timestamp":"2025-07-06 17:39:17"}
{"level":"info","message":"WebSocket closed for user user_1751819397228 in call fa75dfda-b404-46e6-9668-2f5520542514","module":"server","service":"verbyflow","timestamp":"2025-07-06 17:39:17"}
{"level":"info","message":"Removed user user_1751819397228 from call fa75dfda-b404-46e6-9668-2f5520542514. Remaining participants: 0","module":"server","service":"verbyflow","timestamp":"2025-07-06 17:39:17"}
{"level":"info","message":"Call fa75dfda-b404-46e6-9668-2f5520542514 has no more participants, removing tracking","module":"server","service":"verbyflow","timestamp":"2025-07-06 17:39:17"}
{"level":"info","message":"[TRACE] WebSocket connection closed for user user_1751819397228 in call fa75dfda-b404-46e6-9668-2f5520542514 with code 1001: ","module":"server","service":"verbyflow","timestamp":"2025-07-06 17:39:17"}
{"level":"info","message":"[TRACE] Active WebSocket connections remaining: 0","module":"server","service":"verbyflow","timestamp":"2025-07-06 17:39:17"}
{"level":"info","message":"[TRACE] WebSocket connection cleanup complete","module":"server","service":"verbyflow","timestamp":"2025-07-06 17:39:17"}
{"level":"info","message":"Created new call: c22a89f0-0f5c-4a7d-b5ca-01daeb608cac by user user_1751819960674","module":"calls-api","service":"verbyflow","timestamp":"2025-07-06 17:39:20"}
{"level":"debug","message":"Fetching call: c22a89f0-0f5c-4a7d-b5ca-01daeb608cac","module":"calls-api","service":"verbyflow","timestamp":"2025-07-06 17:39:21"}
{"level":"info","message":"OPENAI_API_KEY is properly set, length: 164","module":"whisper-service","service":"verbyflow","timestamp":"2025-07-06 17:39:25"}
{"level":"info","message":"Using ffmpeg from path: C:\\Users\\Jarvis\\Documents\\verby\\verbyflow\\backend\\node_modules\\ffmpeg-static\\ffmpeg.exe","module":"audio-utils","service":"verbyflow","timestamp":"2025-07-06 17:39:25"}
{"level":"info","message":"VerbyFlow backend server running on port 3000","module":"server","service":"verbyflow","timestamp":"2025-07-06 17:39:25"}
{"level":"warn","message":"Call not found: c22a89f0-0f5c-4a7d-b5ca-01daeb608cac","module":"calls-api","service":"verbyflow","timestamp":"2025-07-06 17:39:29"}
{"level":"info","message":"OPENAI_API_KEY is properly set, length: 164","module":"whisper-service","service":"verbyflow","timestamp":"2025-07-06 17:40:47"}
{"level":"info","message":"Using ffmpeg from path: C:\\Users\\Jarvis\\Documents\\verby\\verbyflow\\backend\\node_modules\\ffmpeg-static\\ffmpeg.exe","module":"audio-utils","service":"verbyflow","timestamp":"2025-07-06 17:40:47"}
{"level":"info","message":"VerbyFlow backend server running on port 3000","module":"server","service":"verbyflow","timestamp":"2025-07-06 17:40:47"}
{"level":"info","message":"OPENAI_API_KEY is properly set, length: 164","module":"whisper-service","service":"verbyflow","timestamp":"2025-07-06 18:30:27"}
{"level":"info","message":"Using ffmpeg from path: C:\\Users\\Jarvis\\Documents\\verby\\verbyflow\\backend\\node_modules\\ffmpeg-static\\ffmpeg.exe","module":"audio-utils","service":"verbyflow","timestamp":"2025-07-06 18:30:27"}
{"level":"info","message":"VerbyFlow backend server running on port 3000","module":"server","service":"verbyflow","timestamp":"2025-07-06 18:30:27"}
{"level":"info","message":"Created new call: f0cd317c-8187-4e6b-b638-9ca6a0e4982d by user user_1751823335325","module":"calls-api","service":"verbyflow","timestamp":"2025-07-06 18:35:35"}
{"level":"info","message":"Raw WebSocket client connected: user_1751823335325 to call f0cd317c-8187-4e6b-b638-9ca6a0e4982d","module":"server","service":"verbyflow","timestamp":"2025-07-06 18:35:35"}
{"level":"info","message":"Added user user_1751823335325 to call f0cd317c-8187-4e6b-b638-9ca6a0e4982d. Total participants: 1","module":"server","service":"verbyflow","timestamp":"2025-07-06 18:35:35"}
{"level":"info","message":"Current clients in call f0cd317c-8187-4e6b-b638-9ca6a0e4982d via wss.clients: ","module":"server","service":"verbyflow","timestamp":"2025-07-06 18:35:35"}
{"level":"debug","message":"Fetching call: f0cd317c-8187-4e6b-b638-9ca6a0e4982d","module":"calls-api","service":"verbyflow","timestamp":"2025-07-06 18:35:35"}
{"level":"info","message":"Raw WebSocket client connected: user_1751823335507 to call f0cd317c-8187-4e6b-b638-9ca6a0e4982d","module":"server","service":"verbyflow","timestamp":"2025-07-06 18:35:35"}
{"level":"info","message":"Added user user_1751823335507 to call f0cd317c-8187-4e6b-b638-9ca6a0e4982d. Total participants: 2","module":"server","service":"verbyflow","timestamp":"2025-07-06 18:35:35"}
{"level":"info","message":"Current clients in call f0cd317c-8187-4e6b-b638-9ca6a0e4982d via wss.clients: user_1751823335325","module":"server","service":"verbyflow","timestamp":"2025-07-06 18:35:35"}
{"level":"info","message":"WebSocket closed for user user_1751823335325 in call f0cd317c-8187-4e6b-b638-9ca6a0e4982d","module":"server","service":"verbyflow","timestamp":"2025-07-06 18:35:35"}
{"level":"info","message":"Removed user user_1751823335325 from call f0cd317c-8187-4e6b-b638-9ca6a0e4982d. Remaining participants: 1","module":"server","service":"verbyflow","timestamp":"2025-07-06 18:35:35"}
{"level":"debug","message":"Broadcast to user_1751823335507 in call f0cd317c-8187-4e6b-b638-9ca6a0e4982d via activeCallMap","module":"server","service":"verbyflow","timestamp":"2025-07-06 18:35:35"}
{"level":"debug","message":"Broadcast to user_1751823335507 in call f0cd317c-8187-4e6b-b638-9ca6a0e4982d via wss.clients","module":"server","service":"verbyflow","timestamp":"2025-07-06 18:35:35"}
{"level":"info","message":"[TRACE] WebSocket connection closed for user user_1751823335325 in call f0cd317c-8187-4e6b-b638-9ca6a0e4982d with code 1000: Normal closure - setting up new connection","module":"server","service":"verbyflow","timestamp":"2025-07-06 18:35:35"}
{"level":"info","message":"[TRACE] Active WebSocket connections remaining: 1","module":"server","service":"verbyflow","timestamp":"2025-07-06 18:35:35"}
{"level":"info","message":"[TRACE] WebSocket connection cleanup complete","module":"server","service":"verbyflow","timestamp":"2025-07-06 18:35:35"}
{"level":"debug","message":"Fetching call: f0cd317c-8187-4e6b-b638-9ca6a0e4982d","module":"calls-api","service":"verbyflow","timestamp":"2025-07-06 18:35:46"}
{"level":"info","message":"Raw WebSocket client connected: user_1751823346121 to call f0cd317c-8187-4e6b-b638-9ca6a0e4982d","module":"server","service":"verbyflow","timestamp":"2025-07-06 18:35:46"}
{"level":"info","message":"Added user user_1751823346121 to call f0cd317c-8187-4e6b-b638-9ca6a0e4982d. Total participants: 2","module":"server","service":"verbyflow","timestamp":"2025-07-06 18:35:46"}
{"level":"info","message":"Current clients in call f0cd317c-8187-4e6b-b638-9ca6a0e4982d via wss.clients: user_1751823335507","module":"server","service":"verbyflow","timestamp":"2025-07-06 18:35:46"}
{"level":"debug","message":"Broadcast to user_1751823335507 in call f0cd317c-8187-4e6b-b638-9ca6a0e4982d via activeCallMap","module":"server","service":"verbyflow","timestamp":"2025-07-06 18:35:46"}
{"level":"debug","message":"Broadcast to user_1751823335507 in call f0cd317c-8187-4e6b-b638-9ca6a0e4982d via wss.clients","module":"server","service":"verbyflow","timestamp":"2025-07-06 18:35:46"}
{"level":"debug","message":"Fetching call: f0cd317c-8187-4e6b-b638-9ca6a0e4982d","module":"calls-api","service":"verbyflow","timestamp":"2025-07-06 18:35:46"}
{"level":"info","message":"Raw WebSocket client connected: user_1751823346446 to call f0cd317c-8187-4e6b-b638-9ca6a0e4982d","module":"server","service":"verbyflow","timestamp":"2025-07-06 18:35:46"}
{"level":"info","message":"Added user user_1751823346446 to call f0cd317c-8187-4e6b-b638-9ca6a0e4982d. Total participants: 3","module":"server","service":"verbyflow","timestamp":"2025-07-06 18:35:46"}
{"level":"info","message":"Current clients in call f0cd317c-8187-4e6b-b638-9ca6a0e4982d via wss.clients: user_1751823335507, user_1751823346121","module":"server","service":"verbyflow","timestamp":"2025-07-06 18:35:46"}
{"level":"debug","message":"Broadcast to user_1751823335507 in call f0cd317c-8187-4e6b-b638-9ca6a0e4982d via activeCallMap","module":"server","service":"verbyflow","timestamp":"2025-07-06 18:35:46"}
{"level":"debug","message":"Broadcast to user_1751823335507 in call f0cd317c-8187-4e6b-b638-9ca6a0e4982d via wss.clients","module":"server","service":"verbyflow","timestamp":"2025-07-06 18:35:46"}
{"level":"info","message":"WebSocket closed for user user_1751823346121 in call f0cd317c-8187-4e6b-b638-9ca6a0e4982d","module":"server","service":"verbyflow","timestamp":"2025-07-06 18:35:46"}
{"level":"info","message":"Removed user user_1751823346121 from call f0cd317c-8187-4e6b-b638-9ca6a0e4982d. Remaining participants: 2","module":"server","service":"verbyflow","timestamp":"2025-07-06 18:35:46"}
{"level":"debug","message":"Broadcast to user_1751823335507 in call f0cd317c-8187-4e6b-b638-9ca6a0e4982d via activeCallMap","module":"server","service":"verbyflow","timestamp":"2025-07-06 18:35:46"}
{"level":"debug","message":"Broadcast to user_1751823346446 in call f0cd317c-8187-4e6b-b638-9ca6a0e4982d via activeCallMap","module":"server","service":"verbyflow","timestamp":"2025-07-06 18:35:46"}
{"level":"debug","message":"Broadcast to user_1751823335507 in call f0cd317c-8187-4e6b-b638-9ca6a0e4982d via wss.clients","module":"server","service":"verbyflow","timestamp":"2025-07-06 18:35:46"}
{"level":"debug","message":"Broadcast to user_1751823346446 in call f0cd317c-8187-4e6b-b638-9ca6a0e4982d via wss.clients","module":"server","service":"verbyflow","timestamp":"2025-07-06 18:35:46"}
{"level":"info","message":"[TRACE] WebSocket connection closed for user user_1751823346121 in call f0cd317c-8187-4e6b-b638-9ca6a0e4982d with code 1000: Normal closure - setting up new connection","module":"server","service":"verbyflow","timestamp":"2025-07-06 18:35:46"}
{"level":"info","message":"[TRACE] Active WebSocket connections remaining: 2","module":"server","service":"verbyflow","timestamp":"2025-07-06 18:35:46"}
{"level":"info","message":"[TRACE] WebSocket connection cleanup complete","module":"server","service":"verbyflow","timestamp":"2025-07-06 18:35:46"}
{"level":"error","message":"Error handling raw WebSocket message: userId is not defined","module":"server","service":"verbyflow","stack":"ReferenceError: userId is not defined\n    at WebSocket.<anonymous> (C:\\Users\\Jarvis\\Documents\\verby\\verbyflow\\backend\\src\\server.js:322:101)\n    at WebSocket.emit (node:events:514:28)\n    at Receiver.receiverOnMessage (C:\\Users\\Jarvis\\Documents\\verby\\verbyflow\\backend\\node_modules\\ws\\lib\\websocket.js:1137:20)\n    at Receiver.emit (node:events:514:28)\n    at Receiver.dataMessage (C:\\Users\\Jarvis\\Documents\\verby\\verbyflow\\backend\\node_modules\\ws\\lib\\receiver.js:528:14)\n    at Receiver.getData (C:\\Users\\Jarvis\\Documents\\verby\\verbyflow\\backend\\node_modules\\ws\\lib\\receiver.js:446:17)\n    at Receiver.startLoop (C:\\Users\\Jarvis\\Documents\\verby\\verbyflow\\backend\\node_modules\\ws\\lib\\receiver.js:148:22)\n    at Receiver._write (C:\\Users\\Jarvis\\Documents\\verby\\verbyflow\\backend\\node_modules\\ws\\lib\\receiver.js:83:10)\n    at writeOrBuffer (node:internal/streams/writable:447:12)\n    at _write (node:internal/streams/writable:389:10)","timestamp":"2025-07-06 18:35:51"}
{"level":"error","message":"Error handling raw WebSocket message: userId is not defined","module":"server","service":"verbyflow","stack":"ReferenceError: userId is not defined\n    at WebSocket.<anonymous> (C:\\Users\\Jarvis\\Documents\\verby\\verbyflow\\backend\\src\\server.js:322:101)\n    at WebSocket.emit (node:events:514:28)\n    at Receiver.receiverOnMessage (C:\\Users\\Jarvis\\Documents\\verby\\verbyflow\\backend\\node_modules\\ws\\lib\\websocket.js:1137:20)\n    at Receiver.emit (node:events:514:28)\n    at Receiver.dataMessage (C:\\Users\\Jarvis\\Documents\\verby\\verbyflow\\backend\\node_modules\\ws\\lib\\receiver.js:513:14)\n    at Receiver.getData (C:\\Users\\Jarvis\\Documents\\verby\\verbyflow\\backend\\node_modules\\ws\\lib\\receiver.js:446:17)\n    at Receiver.startLoop (C:\\Users\\Jarvis\\Documents\\verby\\verbyflow\\backend\\node_modules\\ws\\lib\\receiver.js:148:22)\n    at Receiver._write (C:\\Users\\Jarvis\\Documents\\verby\\verbyflow\\backend\\node_modules\\ws\\lib\\receiver.js:83:10)\n    at writeOrBuffer (node:internal/streams/writable:447:12)\n    at _write (node:internal/streams/writable:389:10)","timestamp":"2025-07-06 18:35:51"}
{"level":"error","message":"Error handling raw WebSocket message: userId is not defined","module":"server","service":"verbyflow","stack":"ReferenceError: userId is not defined\n    at WebSocket.<anonymous> (C:\\Users\\Jarvis\\Documents\\verby\\verbyflow\\backend\\src\\server.js:322:101)\n    at WebSocket.emit (node:events:514:28)\n    at Receiver.receiverOnMessage (C:\\Users\\Jarvis\\Documents\\verby\\verbyflow\\backend\\node_modules\\ws\\lib\\websocket.js:1137:20)\n    at Receiver.emit (node:events:514:28)\n    at Receiver.dataMessage (C:\\Users\\Jarvis\\Documents\\verby\\verbyflow\\backend\\node_modules\\ws\\lib\\receiver.js:528:14)\n    at Receiver.getData (C:\\Users\\Jarvis\\Documents\\verby\\verbyflow\\backend\\node_modules\\ws\\lib\\receiver.js:446:17)\n    at Receiver.startLoop (C:\\Users\\Jarvis\\Documents\\verby\\verbyflow\\backend\\node_modules\\ws\\lib\\receiver.js:148:22)\n    at Receiver._write (C:\\Users\\Jarvis\\Documents\\verby\\verbyflow\\backend\\node_modules\\ws\\lib\\receiver.js:83:10)\n    at writeOrBuffer (node:internal/streams/writable:447:12)\n    at _write (node:internal/streams/writable:389:10)","timestamp":"2025-07-06 18:35:52"}
{"level":"error","message":"Error handling raw WebSocket message: userId is not defined","module":"server","service":"verbyflow","stack":"ReferenceError: userId is not defined\n    at WebSocket.<anonymous> (C:\\Users\\Jarvis\\Documents\\verby\\verbyflow\\backend\\src\\server.js:322:101)\n    at WebSocket.emit (node:events:514:28)\n    at Receiver.receiverOnMessage (C:\\Users\\Jarvis\\Documents\\verby\\verbyflow\\backend\\node_modules\\ws\\lib\\websocket.js:1137:20)\n    at Receiver.emit (node:events:514:28)\n    at Receiver.dataMessage (C:\\Users\\Jarvis\\Documents\\verby\\verbyflow\\backend\\node_modules\\ws\\lib\\receiver.js:513:14)\n    at Receiver.getData (C:\\Users\\Jarvis\\Documents\\verby\\verbyflow\\backend\\node_modules\\ws\\lib\\receiver.js:446:17)\n    at Receiver.startLoop (C:\\Users\\Jarvis\\Documents\\verby\\verbyflow\\backend\\node_modules\\ws\\lib\\receiver.js:148:22)\n    at Receiver._write (C:\\Users\\Jarvis\\Documents\\verby\\verbyflow\\backend\\node_modules\\ws\\lib\\receiver.js:83:10)\n    at writeOrBuffer (node:internal/streams/writable:447:12)\n    at _write (node:internal/streams/writable:389:10)","timestamp":"2025-07-06 18:35:52"}
{"level":"error","message":"Error handling raw WebSocket message: userId is not defined","module":"server","service":"verbyflow","stack":"ReferenceError: userId is not defined\n    at WebSocket.<anonymous> (C:\\Users\\Jarvis\\Documents\\verby\\verbyflow\\backend\\src\\server.js:322:101)\n    at WebSocket.emit (node:events:514:28)\n    at Receiver.receiverOnMessage (C:\\Users\\Jarvis\\Documents\\verby\\verbyflow\\backend\\node_modules\\ws\\lib\\websocket.js:1137:20)\n    at Receiver.emit (node:events:514:28)\n    at Receiver.dataMessage (C:\\Users\\Jarvis\\Documents\\verby\\verbyflow\\backend\\node_modules\\ws\\lib\\receiver.js:528:14)\n    at Receiver.getData (C:\\Users\\Jarvis\\Documents\\verby\\verbyflow\\backend\\node_modules\\ws\\lib\\receiver.js:446:17)\n    at Receiver.startLoop (C:\\Users\\Jarvis\\Documents\\verby\\verbyflow\\backend\\node_modules\\ws\\lib\\receiver.js:148:22)\n    at Receiver._write (C:\\Users\\Jarvis\\Documents\\verby\\verbyflow\\backend\\node_modules\\ws\\lib\\receiver.js:83:10)\n    at writeOrBuffer (node:internal/streams/writable:447:12)\n    at _write (node:internal/streams/writable:389:10)","timestamp":"2025-07-06 18:35:53"}
{"level":"error","message":"Error handling raw WebSocket message: userId is not defined","module":"server","service":"verbyflow","stack":"ReferenceError: userId is not defined\n    at WebSocket.<anonymous> (C:\\Users\\Jarvis\\Documents\\verby\\verbyflow\\backend\\src\\server.js:322:101)\n    at WebSocket.emit (node:events:514:28)\n    at Receiver.receiverOnMessage (C:\\Users\\Jarvis\\Documents\\verby\\verbyflow\\backend\\node_modules\\ws\\lib\\websocket.js:1137:20)\n    at Receiver.emit (node:events:514:28)\n    at Receiver.dataMessage (C:\\Users\\Jarvis\\Documents\\verby\\verbyflow\\backend\\node_modules\\ws\\lib\\receiver.js:513:14)\n    at Receiver.getData (C:\\Users\\Jarvis\\Documents\\verby\\verbyflow\\backend\\node_modules\\ws\\lib\\receiver.js:446:17)\n    at Receiver.startLoop (C:\\Users\\Jarvis\\Documents\\verby\\verbyflow\\backend\\node_modules\\ws\\lib\\receiver.js:148:22)\n    at Receiver._write (C:\\Users\\Jarvis\\Documents\\verby\\verbyflow\\backend\\node_modules\\ws\\lib\\receiver.js:83:10)\n    at writeOrBuffer (node:internal/streams/writable:447:12)\n    at _write (node:internal/streams/writable:389:10)","timestamp":"2025-07-06 18:35:53"}
{"level":"error","message":"Error handling raw WebSocket message: userId is not defined","module":"server","service":"verbyflow","stack":"ReferenceError: userId is not defined\n    at WebSocket.<anonymous> (C:\\Users\\Jarvis\\Documents\\verby\\verbyflow\\backend\\src\\server.js:322:101)\n    at WebSocket.emit (node:events:514:28)\n    at Receiver.receiverOnMessage (C:\\Users\\Jarvis\\Documents\\verby\\verbyflow\\backend\\node_modules\\ws\\lib\\websocket.js:1137:20)\n    at Receiver.emit (node:events:514:28)\n    at Receiver.dataMessage (C:\\Users\\Jarvis\\Documents\\verby\\verbyflow\\backend\\node_modules\\ws\\lib\\receiver.js:528:14)\n    at Receiver.getData (C:\\Users\\Jarvis\\Documents\\verby\\verbyflow\\backend\\node_modules\\ws\\lib\\receiver.js:446:17)\n    at Receiver.startLoop (C:\\Users\\Jarvis\\Documents\\verby\\verbyflow\\backend\\node_modules\\ws\\lib\\receiver.js:148:22)\n    at Receiver._write (C:\\Users\\Jarvis\\Documents\\verby\\verbyflow\\backend\\node_modules\\ws\\lib\\receiver.js:83:10)\n    at writeOrBuffer (node:internal/streams/writable:447:12)\n    at _write (node:internal/streams/writable:389:10)","timestamp":"2025-07-06 18:35:54"}
{"level":"error","message":"Error handling raw WebSocket message: userId is not defined","module":"server","service":"verbyflow","stack":"ReferenceError: userId is not defined\n    at WebSocket.<anonymous> (C:\\Users\\Jarvis\\Documents\\verby\\verbyflow\\backend\\src\\server.js:322:101)\n    at WebSocket.emit (node:events:514:28)\n    at Receiver.receiverOnMessage (C:\\Users\\Jarvis\\Documents\\verby\\verbyflow\\backend\\node_modules\\ws\\lib\\websocket.js:1137:20)\n    at Receiver.emit (node:events:514:28)\n    at Receiver.dataMessage (C:\\Users\\Jarvis\\Documents\\verby\\verbyflow\\backend\\node_modules\\ws\\lib\\receiver.js:513:14)\n    at Receiver.getData (C:\\Users\\Jarvis\\Documents\\verby\\verbyflow\\backend\\node_modules\\ws\\lib\\receiver.js:446:17)\n    at Receiver.startLoop (C:\\Users\\Jarvis\\Documents\\verby\\verbyflow\\backend\\node_modules\\ws\\lib\\receiver.js:148:22)\n    at Receiver._write (C:\\Users\\Jarvis\\Documents\\verby\\verbyflow\\backend\\node_modules\\ws\\lib\\receiver.js:83:10)\n    at writeOrBuffer (node:internal/streams/writable:447:12)\n    at _write (node:internal/streams/writable:389:10)","timestamp":"2025-07-06 18:35:54"}
{"level":"error","message":"Error handling raw WebSocket message: userId is not defined","module":"server","service":"verbyflow","stack":"ReferenceError: userId is not defined\n    at WebSocket.<anonymous> (C:\\Users\\Jarvis\\Documents\\verby\\verbyflow\\backend\\src\\server.js:322:101)\n    at WebSocket.emit (node:events:514:28)\n    at Receiver.receiverOnMessage (C:\\Users\\Jarvis\\Documents\\verby\\verbyflow\\backend\\node_modules\\ws\\lib\\websocket.js:1137:20)\n    at Receiver.emit (node:events:514:28)\n    at Receiver.dataMessage (C:\\Users\\Jarvis\\Documents\\verby\\verbyflow\\backend\\node_modules\\ws\\lib\\receiver.js:528:14)\n    at Receiver.getData (C:\\Users\\Jarvis\\Documents\\verby\\verbyflow\\backend\\node_modules\\ws\\lib\\receiver.js:446:17)\n    at Receiver.startLoop (C:\\Users\\Jarvis\\Documents\\verby\\verbyflow\\backend\\node_modules\\ws\\lib\\receiver.js:148:22)\n    at Receiver._write (C:\\Users\\Jarvis\\Documents\\verby\\verbyflow\\backend\\node_modules\\ws\\lib\\receiver.js:83:10)\n    at writeOrBuffer (node:internal/streams/writable:447:12)\n    at _write (node:internal/streams/writable:389:10)","timestamp":"2025-07-06 18:35:55"}
{"level":"error","message":"Error handling raw WebSocket message: userId is not defined","module":"server","service":"verbyflow","stack":"ReferenceError: userId is not defined\n    at WebSocket.<anonymous> (C:\\Users\\Jarvis\\Documents\\verby\\verbyflow\\backend\\src\\server.js:322:101)\n    at WebSocket.emit (node:events:514:28)\n    at Receiver.receiverOnMessage (C:\\Users\\Jarvis\\Documents\\verby\\verbyflow\\backend\\node_modules\\ws\\lib\\websocket.js:1137:20)\n    at Receiver.emit (node:events:514:28)\n    at Receiver.dataMessage (C:\\Users\\Jarvis\\Documents\\verby\\verbyflow\\backend\\node_modules\\ws\\lib\\receiver.js:513:14)\n    at Receiver.getData (C:\\Users\\Jarvis\\Documents\\verby\\verbyflow\\backend\\node_modules\\ws\\lib\\receiver.js:446:17)\n    at Receiver.startLoop (C:\\Users\\Jarvis\\Documents\\verby\\verbyflow\\backend\\node_modules\\ws\\lib\\receiver.js:148:22)\n    at Receiver._write (C:\\Users\\Jarvis\\Documents\\verby\\verbyflow\\backend\\node_modules\\ws\\lib\\receiver.js:83:10)\n    at writeOrBuffer (node:internal/streams/writable:447:12)\n    at _write (node:internal/streams/writable:389:10)","timestamp":"2025-07-06 18:35:55"}
{"level":"error","message":"Error handling raw WebSocket message: userId is not defined","module":"server","service":"verbyflow","stack":"ReferenceError: userId is not defined\n    at WebSocket.<anonymous> (C:\\Users\\Jarvis\\Documents\\verby\\verbyflow\\backend\\src\\server.js:322:101)\n    at WebSocket.emit (node:events:514:28)\n    at Receiver.receiverOnMessage (C:\\Users\\Jarvis\\Documents\\verby\\verbyflow\\backend\\node_modules\\ws\\lib\\websocket.js:1137:20)\n    at Receiver.emit (node:events:514:28)\n    at Receiver.dataMessage (C:\\Users\\Jarvis\\Documents\\verby\\verbyflow\\backend\\node_modules\\ws\\lib\\receiver.js:528:14)\n    at Receiver.getData (C:\\Users\\Jarvis\\Documents\\verby\\verbyflow\\backend\\node_modules\\ws\\lib\\receiver.js:446:17)\n    at Receiver.startLoop (C:\\Users\\Jarvis\\Documents\\verby\\verbyflow\\backend\\node_modules\\ws\\lib\\receiver.js:148:22)\n    at Receiver._write (C:\\Users\\Jarvis\\Documents\\verby\\verbyflow\\backend\\node_modules\\ws\\lib\\receiver.js:83:10)\n    at writeOrBuffer (node:internal/streams/writable:447:12)\n    at _write (node:internal/streams/writable:389:10)","timestamp":"2025-07-06 18:35:56"}
{"level":"error","message":"Error handling raw WebSocket message: userId is not defined","module":"server","service":"verbyflow","stack":"ReferenceError: userId is not defined\n    at WebSocket.<anonymous> (C:\\Users\\Jarvis\\Documents\\verby\\verbyflow\\backend\\src\\server.js:322:101)\n    at WebSocket.emit (node:events:514:28)\n    at Receiver.receiverOnMessage (C:\\Users\\Jarvis\\Documents\\verby\\verbyflow\\backend\\node_modules\\ws\\lib\\websocket.js:1137:20)\n    at Receiver.emit (node:events:514:28)\n    at Receiver.dataMessage (C:\\Users\\Jarvis\\Documents\\verby\\verbyflow\\backend\\node_modules\\ws\\lib\\receiver.js:513:14)\n    at Receiver.getData (C:\\Users\\Jarvis\\Documents\\verby\\verbyflow\\backend\\node_modules\\ws\\lib\\receiver.js:446:17)\n    at Receiver.startLoop (C:\\Users\\Jarvis\\Documents\\verby\\verbyflow\\backend\\node_modules\\ws\\lib\\receiver.js:148:22)\n    at Receiver._write (C:\\Users\\Jarvis\\Documents\\verby\\verbyflow\\backend\\node_modules\\ws\\lib\\receiver.js:83:10)\n    at writeOrBuffer (node:internal/streams/writable:447:12)\n    at _write (node:internal/streams/writable:389:10)","timestamp":"2025-07-06 18:35:56"}
{"level":"error","message":"Error handling raw WebSocket message: userId is not defined","module":"server","service":"verbyflow","stack":"ReferenceError: userId is not defined\n    at WebSocket.<anonymous> (C:\\Users\\Jarvis\\Documents\\verby\\verbyflow\\backend\\src\\server.js:322:101)\n    at WebSocket.emit (node:events:514:28)\n    at Receiver.receiverOnMessage (C:\\Users\\Jarvis\\Documents\\verby\\verbyflow\\backend\\node_modules\\ws\\lib\\websocket.js:1137:20)\n    at Receiver.emit (node:events:514:28)\n    at Receiver.dataMessage (C:\\Users\\Jarvis\\Documents\\verby\\verbyflow\\backend\\node_modules\\ws\\lib\\receiver.js:528:14)\n    at Receiver.getData (C:\\Users\\Jarvis\\Documents\\verby\\verbyflow\\backend\\node_modules\\ws\\lib\\receiver.js:446:17)\n    at Receiver.startLoop (C:\\Users\\Jarvis\\Documents\\verby\\verbyflow\\backend\\node_modules\\ws\\lib\\receiver.js:148:22)\n    at Receiver._write (C:\\Users\\Jarvis\\Documents\\verby\\verbyflow\\backend\\node_modules\\ws\\lib\\receiver.js:83:10)\n    at writeOrBuffer (node:internal/streams/writable:447:12)\n    at _write (node:internal/streams/writable:389:10)","timestamp":"2025-07-06 18:35:57"}
{"level":"error","message":"Error handling raw WebSocket message: userId is not defined","module":"server","service":"verbyflow","stack":"ReferenceError: userId is not defined\n    at WebSocket.<anonymous> (C:\\Users\\Jarvis\\Documents\\verby\\verbyflow\\backend\\src\\server.js:322:101)\n    at WebSocket.emit (node:events:514:28)\n    at Receiver.receiverOnMessage (C:\\Users\\Jarvis\\Documents\\verby\\verbyflow\\backend\\node_modules\\ws\\lib\\websocket.js:1137:20)\n    at Receiver.emit (node:events:514:28)\n    at Receiver.dataMessage (C:\\Users\\Jarvis\\Documents\\verby\\verbyflow\\backend\\node_modules\\ws\\lib\\receiver.js:513:14)\n    at Receiver.getData (C:\\Users\\Jarvis\\Documents\\verby\\verbyflow\\backend\\node_modules\\ws\\lib\\receiver.js:446:17)\n    at Receiver.startLoop (C:\\Users\\Jarvis\\Documents\\verby\\verbyflow\\backend\\node_modules\\ws\\lib\\receiver.js:148:22)\n    at Receiver._write (C:\\Users\\Jarvis\\Documents\\verby\\verbyflow\\backend\\node_modules\\ws\\lib\\receiver.js:83:10)\n    at writeOrBuffer (node:internal/streams/writable:447:12)\n    at _write (node:internal/streams/writable:389:10)","timestamp":"2025-07-06 18:35:57"}
{"level":"error","message":"Error handling raw WebSocket message: userId is not defined","module":"server","service":"verbyflow","stack":"ReferenceError: userId is not defined\n    at WebSocket.<anonymous> (C:\\Users\\Jarvis\\Documents\\verby\\verbyflow\\backend\\src\\server.js:322:101)\n    at WebSocket.emit (node:events:514:28)\n    at Receiver.receiverOnMessage (C:\\Users\\Jarvis\\Documents\\verby\\verbyflow\\backend\\node_modules\\ws\\lib\\websocket.js:1137:20)\n    at Receiver.emit (node:events:514:28)\n    at Receiver.dataMessage (C:\\Users\\Jarvis\\Documents\\verby\\verbyflow\\backend\\node_modules\\ws\\lib\\receiver.js:528:14)\n    at Receiver.getData (C:\\Users\\Jarvis\\Documents\\verby\\verbyflow\\backend\\node_modules\\ws\\lib\\receiver.js:446:17)\n    at Receiver.startLoop (C:\\Users\\Jarvis\\Documents\\verby\\verbyflow\\backend\\node_modules\\ws\\lib\\receiver.js:148:22)\n    at Receiver._write (C:\\Users\\Jarvis\\Documents\\verby\\verbyflow\\backend\\node_modules\\ws\\lib\\receiver.js:83:10)\n    at writeOrBuffer (node:internal/streams/writable:447:12)\n    at _write (node:internal/streams/writable:389:10)","timestamp":"2025-07-06 18:35:58"}
{"level":"error","message":"Error handling raw WebSocket message: userId is not defined","module":"server","service":"verbyflow","stack":"ReferenceError: userId is not defined\n    at WebSocket.<anonymous> (C:\\Users\\Jarvis\\Documents\\verby\\verbyflow\\backend\\src\\server.js:322:101)\n    at WebSocket.emit (node:events:514:28)\n    at Receiver.receiverOnMessage (C:\\Users\\Jarvis\\Documents\\verby\\verbyflow\\backend\\node_modules\\ws\\lib\\websocket.js:1137:20)\n    at Receiver.emit (node:events:514:28)\n    at Receiver.dataMessage (C:\\Users\\Jarvis\\Documents\\verby\\verbyflow\\backend\\node_modules\\ws\\lib\\receiver.js:513:14)\n    at Receiver.getData (C:\\Users\\Jarvis\\Documents\\verby\\verbyflow\\backend\\node_modules\\ws\\lib\\receiver.js:446:17)\n    at Receiver.startLoop (C:\\Users\\Jarvis\\Documents\\verby\\verbyflow\\backend\\node_modules\\ws\\lib\\receiver.js:148:22)\n    at Receiver._write (C:\\Users\\Jarvis\\Documents\\verby\\verbyflow\\backend\\node_modules\\ws\\lib\\receiver.js:83:10)\n    at writeOrBuffer (node:internal/streams/writable:447:12)\n    at _write (node:internal/streams/writable:389:10)","timestamp":"2025-07-06 18:35:58"}
{"level":"error","message":"Error handling raw WebSocket message: userId is not defined","module":"server","service":"verbyflow","stack":"ReferenceError: userId is not defined\n    at WebSocket.<anonymous> (C:\\Users\\Jarvis\\Documents\\verby\\verbyflow\\backend\\src\\server.js:322:101)\n    at WebSocket.emit (node:events:514:28)\n    at Receiver.receiverOnMessage (C:\\Users\\Jarvis\\Documents\\verby\\verbyflow\\backend\\node_modules\\ws\\lib\\websocket.js:1137:20)\n    at Receiver.emit (node:events:514:28)\n    at Receiver.dataMessage (C:\\Users\\Jarvis\\Documents\\verby\\verbyflow\\backend\\node_modules\\ws\\lib\\receiver.js:528:14)\n    at Receiver.getData (C:\\Users\\Jarvis\\Documents\\verby\\verbyflow\\backend\\node_modules\\ws\\lib\\receiver.js:446:17)\n    at Receiver.startLoop (C:\\Users\\Jarvis\\Documents\\verby\\verbyflow\\backend\\node_modules\\ws\\lib\\receiver.js:148:22)\n    at Receiver._write (C:\\Users\\Jarvis\\Documents\\verby\\verbyflow\\backend\\node_modules\\ws\\lib\\receiver.js:83:10)\n    at writeOrBuffer (node:internal/streams/writable:447:12)\n    at _write (node:internal/streams/writable:389:10)","timestamp":"2025-07-06 18:35:59"}
{"level":"error","message":"Error handling raw WebSocket message: userId is not defined","module":"server","service":"verbyflow","stack":"ReferenceError: userId is not defined\n    at WebSocket.<anonymous> (C:\\Users\\Jarvis\\Documents\\verby\\verbyflow\\backend\\src\\server.js:322:101)\n    at WebSocket.emit (node:events:514:28)\n    at Receiver.receiverOnMessage (C:\\Users\\Jarvis\\Documents\\verby\\verbyflow\\backend\\node_modules\\ws\\lib\\websocket.js:1137:20)\n    at Receiver.emit (node:events:514:28)\n    at Receiver.dataMessage (C:\\Users\\Jarvis\\Documents\\verby\\verbyflow\\backend\\node_modules\\ws\\lib\\receiver.js:513:14)\n    at Receiver.getData (C:\\Users\\Jarvis\\Documents\\verby\\verbyflow\\backend\\node_modules\\ws\\lib\\receiver.js:446:17)\n    at Receiver.startLoop (C:\\Users\\Jarvis\\Documents\\verby\\verbyflow\\backend\\node_modules\\ws\\lib\\receiver.js:148:22)\n    at Receiver._write (C:\\Users\\Jarvis\\Documents\\verby\\verbyflow\\backend\\node_modules\\ws\\lib\\receiver.js:83:10)\n    at writeOrBuffer (node:internal/streams/writable:447:12)\n    at _write (node:internal/streams/writable:389:10)","timestamp":"2025-07-06 18:35:59"}
{"level":"error","message":"Error handling raw WebSocket message: userId is not defined","module":"server","service":"verbyflow","stack":"ReferenceError: userId is not defined\n    at WebSocket.<anonymous> (C:\\Users\\Jarvis\\Documents\\verby\\verbyflow\\backend\\src\\server.js:322:101)\n    at WebSocket.emit (node:events:514:28)\n    at Receiver.receiverOnMessage (C:\\Users\\Jarvis\\Documents\\verby\\verbyflow\\backend\\node_modules\\ws\\lib\\websocket.js:1137:20)\n    at Receiver.emit (node:events:514:28)\n    at Receiver.dataMessage (C:\\Users\\Jarvis\\Documents\\verby\\verbyflow\\backend\\node_modules\\ws\\lib\\receiver.js:528:14)\n    at Receiver.getData (C:\\Users\\Jarvis\\Documents\\verby\\verbyflow\\backend\\node_modules\\ws\\lib\\receiver.js:446:17)\n    at Receiver.startLoop (C:\\Users\\Jarvis\\Documents\\verby\\verbyflow\\backend\\node_modules\\ws\\lib\\receiver.js:148:22)\n    at Receiver._write (C:\\Users\\Jarvis\\Documents\\verby\\verbyflow\\backend\\node_modules\\ws\\lib\\receiver.js:83:10)\n    at writeOrBuffer (node:internal/streams/writable:447:12)\n    at _write (node:internal/streams/writable:389:10)","timestamp":"2025-07-06 18:36:00"}
{"level":"error","message":"Error handling raw WebSocket message: userId is not defined","module":"server","service":"verbyflow","stack":"ReferenceError: userId is not defined\n    at WebSocket.<anonymous> (C:\\Users\\Jarvis\\Documents\\verby\\verbyflow\\backend\\src\\server.js:322:101)\n    at WebSocket.emit (node:events:514:28)\n    at Receiver.receiverOnMessage (C:\\Users\\Jarvis\\Documents\\verby\\verbyflow\\backend\\node_modules\\ws\\lib\\websocket.js:1137:20)\n    at Receiver.emit (node:events:514:28)\n    at Receiver.dataMessage (C:\\Users\\Jarvis\\Documents\\verby\\verbyflow\\backend\\node_modules\\ws\\lib\\receiver.js:513:14)\n    at Receiver.getData (C:\\Users\\Jarvis\\Documents\\verby\\verbyflow\\backend\\node_modules\\ws\\lib\\receiver.js:446:17)\n    at Receiver.startLoop (C:\\Users\\Jarvis\\Documents\\verby\\verbyflow\\backend\\node_modules\\ws\\lib\\receiver.js:148:22)\n    at Receiver._write (C:\\Users\\Jarvis\\Documents\\verby\\verbyflow\\backend\\node_modules\\ws\\lib\\receiver.js:83:10)\n    at writeOrBuffer (node:internal/streams/writable:447:12)\n    at _write (node:internal/streams/writable:389:10)","timestamp":"2025-07-06 18:36:00"}
{"level":"error","message":"Error handling raw WebSocket message: userId is not defined","module":"server","service":"verbyflow","stack":"ReferenceError: userId is not defined\n    at WebSocket.<anonymous> (C:\\Users\\Jarvis\\Documents\\verby\\verbyflow\\backend\\src\\server.js:322:101)\n    at WebSocket.emit (node:events:514:28)\n    at Receiver.receiverOnMessage (C:\\Users\\Jarvis\\Documents\\verby\\verbyflow\\backend\\node_modules\\ws\\lib\\websocket.js:1137:20)\n    at Receiver.emit (node:events:514:28)\n    at Receiver.dataMessage (C:\\Users\\Jarvis\\Documents\\verby\\verbyflow\\backend\\node_modules\\ws\\lib\\receiver.js:528:14)\n    at Receiver.getData (C:\\Users\\Jarvis\\Documents\\verby\\verbyflow\\backend\\node_modules\\ws\\lib\\receiver.js:446:17)\n    at Receiver.startLoop (C:\\Users\\Jarvis\\Documents\\verby\\verbyflow\\backend\\node_modules\\ws\\lib\\receiver.js:148:22)\n    at Receiver._write (C:\\Users\\Jarvis\\Documents\\verby\\verbyflow\\backend\\node_modules\\ws\\lib\\receiver.js:83:10)\n    at writeOrBuffer (node:internal/streams/writable:447:12)\n    at _write (node:internal/streams/writable:389:10)","timestamp":"2025-07-06 18:36:01"}
{"level":"error","message":"Error handling raw WebSocket message: userId is not defined","module":"server","service":"verbyflow","stack":"ReferenceError: userId is not defined\n    at WebSocket.<anonymous> (C:\\Users\\Jarvis\\Documents\\verby\\verbyflow\\backend\\src\\server.js:322:101)\n    at WebSocket.emit (node:events:514:28)\n    at Receiver.receiverOnMessage (C:\\Users\\Jarvis\\Documents\\verby\\verbyflow\\backend\\node_modules\\ws\\lib\\websocket.js:1137:20)\n    at Receiver.emit (node:events:514:28)\n    at Receiver.dataMessage (C:\\Users\\Jarvis\\Documents\\verby\\verbyflow\\backend\\node_modules\\ws\\lib\\receiver.js:513:14)\n    at Receiver.getData (C:\\Users\\Jarvis\\Documents\\verby\\verbyflow\\backend\\node_modules\\ws\\lib\\receiver.js:446:17)\n    at Receiver.startLoop (C:\\Users\\Jarvis\\Documents\\verby\\verbyflow\\backend\\node_modules\\ws\\lib\\receiver.js:148:22)\n    at Receiver._write (C:\\Users\\Jarvis\\Documents\\verby\\verbyflow\\backend\\node_modules\\ws\\lib\\receiver.js:83:10)\n    at writeOrBuffer (node:internal/streams/writable:447:12)\n    at _write (node:internal/streams/writable:389:10)","timestamp":"2025-07-06 18:36:01"}
{"level":"error","message":"Error handling raw WebSocket message: userId is not defined","module":"server","service":"verbyflow","stack":"ReferenceError: userId is not defined\n    at WebSocket.<anonymous> (C:\\Users\\Jarvis\\Documents\\verby\\verbyflow\\backend\\src\\server.js:322:101)\n    at WebSocket.emit (node:events:514:28)\n    at Receiver.receiverOnMessage (C:\\Users\\Jarvis\\Documents\\verby\\verbyflow\\backend\\node_modules\\ws\\lib\\websocket.js:1137:20)\n    at Receiver.emit (node:events:514:28)\n    at Receiver.dataMessage (C:\\Users\\Jarvis\\Documents\\verby\\verbyflow\\backend\\node_modules\\ws\\lib\\receiver.js:528:14)\n    at Receiver.getData (C:\\Users\\Jarvis\\Documents\\verby\\verbyflow\\backend\\node_modules\\ws\\lib\\receiver.js:446:17)\n    at Receiver.startLoop (C:\\Users\\Jarvis\\Documents\\verby\\verbyflow\\backend\\node_modules\\ws\\lib\\receiver.js:148:22)\n    at Receiver._write (C:\\Users\\Jarvis\\Documents\\verby\\verbyflow\\backend\\node_modules\\ws\\lib\\receiver.js:83:10)\n    at writeOrBuffer (node:internal/streams/writable:447:12)\n    at _write (node:internal/streams/writable:389:10)","timestamp":"2025-07-06 18:36:02"}
{"level":"error","message":"Error handling raw WebSocket message: userId is not defined","module":"server","service":"verbyflow","stack":"ReferenceError: userId is not defined\n    at WebSocket.<anonymous> (C:\\Users\\Jarvis\\Documents\\verby\\verbyflow\\backend\\src\\server.js:322:101)\n    at WebSocket.emit (node:events:514:28)\n    at Receiver.receiverOnMessage (C:\\Users\\Jarvis\\Documents\\verby\\verbyflow\\backend\\node_modules\\ws\\lib\\websocket.js:1137:20)\n    at Receiver.emit (node:events:514:28)\n    at Receiver.dataMessage (C:\\Users\\Jarvis\\Documents\\verby\\verbyflow\\backend\\node_modules\\ws\\lib\\receiver.js:513:14)\n    at Receiver.getData (C:\\Users\\Jarvis\\Documents\\verby\\verbyflow\\backend\\node_modules\\ws\\lib\\receiver.js:446:17)\n    at Receiver.startLoop (C:\\Users\\Jarvis\\Documents\\verby\\verbyflow\\backend\\node_modules\\ws\\lib\\receiver.js:148:22)\n    at Receiver._write (C:\\Users\\Jarvis\\Documents\\verby\\verbyflow\\backend\\node_modules\\ws\\lib\\receiver.js:83:10)\n    at writeOrBuffer (node:internal/streams/writable:447:12)\n    at _write (node:internal/streams/writable:389:10)","timestamp":"2025-07-06 18:36:02"}
{"level":"error","message":"Error handling raw WebSocket message: userId is not defined","module":"server","service":"verbyflow","stack":"ReferenceError: userId is not defined\n    at WebSocket.<anonymous> (C:\\Users\\Jarvis\\Documents\\verby\\verbyflow\\backend\\src\\server.js:322:101)\n    at WebSocket.emit (node:events:514:28)\n    at Receiver.receiverOnMessage (C:\\Users\\Jarvis\\Documents\\verby\\verbyflow\\backend\\node_modules\\ws\\lib\\websocket.js:1137:20)\n    at Receiver.emit (node:events:514:28)\n    at Receiver.dataMessage (C:\\Users\\Jarvis\\Documents\\verby\\verbyflow\\backend\\node_modules\\ws\\lib\\receiver.js:528:14)\n    at Receiver.getData (C:\\Users\\Jarvis\\Documents\\verby\\verbyflow\\backend\\node_modules\\ws\\lib\\receiver.js:446:17)\n    at Receiver.startLoop (C:\\Users\\Jarvis\\Documents\\verby\\verbyflow\\backend\\node_modules\\ws\\lib\\receiver.js:148:22)\n    at Receiver._write (C:\\Users\\Jarvis\\Documents\\verby\\verbyflow\\backend\\node_modules\\ws\\lib\\receiver.js:83:10)\n    at writeOrBuffer (node:internal/streams/writable:447:12)\n    at _write (node:internal/streams/writable:389:10)","timestamp":"2025-07-06 18:36:03"}
{"level":"error","message":"Error handling raw WebSocket message: userId is not defined","module":"server","service":"verbyflow","stack":"ReferenceError: userId is not defined\n    at WebSocket.<anonymous> (C:\\Users\\Jarvis\\Documents\\verby\\verbyflow\\backend\\src\\server.js:322:101)\n    at WebSocket.emit (node:events:514:28)\n    at Receiver.receiverOnMessage (C:\\Users\\Jarvis\\Documents\\verby\\verbyflow\\backend\\node_modules\\ws\\lib\\websocket.js:1137:20)\n    at Receiver.emit (node:events:514:28)\n    at Receiver.dataMessage (C:\\Users\\Jarvis\\Documents\\verby\\verbyflow\\backend\\node_modules\\ws\\lib\\receiver.js:513:14)\n    at Receiver.getData (C:\\Users\\Jarvis\\Documents\\verby\\verbyflow\\backend\\node_modules\\ws\\lib\\receiver.js:446:17)\n    at Receiver.startLoop (C:\\Users\\Jarvis\\Documents\\verby\\verbyflow\\backend\\node_modules\\ws\\lib\\receiver.js:148:22)\n    at Receiver._write (C:\\Users\\Jarvis\\Documents\\verby\\verbyflow\\backend\\node_modules\\ws\\lib\\receiver.js:83:10)\n    at writeOrBuffer (node:internal/streams/writable:447:12)\n    at _write (node:internal/streams/writable:389:10)","timestamp":"2025-07-06 18:36:03"}
{"level":"error","message":"Error handling raw WebSocket message: userId is not defined","module":"server","service":"verbyflow","stack":"ReferenceError: userId is not defined\n    at WebSocket.<anonymous> (C:\\Users\\Jarvis\\Documents\\verby\\verbyflow\\backend\\src\\server.js:322:101)\n    at WebSocket.emit (node:events:514:28)\n    at Receiver.receiverOnMessage (C:\\Users\\Jarvis\\Documents\\verby\\verbyflow\\backend\\node_modules\\ws\\lib\\websocket.js:1137:20)\n    at Receiver.emit (node:events:514:28)\n    at Receiver.dataMessage (C:\\Users\\Jarvis\\Documents\\verby\\verbyflow\\backend\\node_modules\\ws\\lib\\receiver.js:528:14)\n    at Receiver.getData (C:\\Users\\Jarvis\\Documents\\verby\\verbyflow\\backend\\node_modules\\ws\\lib\\receiver.js:446:17)\n    at Receiver.startLoop (C:\\Users\\Jarvis\\Documents\\verby\\verbyflow\\backend\\node_modules\\ws\\lib\\receiver.js:148:22)\n    at Receiver._write (C:\\Users\\Jarvis\\Documents\\verby\\verbyflow\\backend\\node_modules\\ws\\lib\\receiver.js:83:10)\n    at writeOrBuffer (node:internal/streams/writable:447:12)\n    at _write (node:internal/streams/writable:389:10)","timestamp":"2025-07-06 18:36:05"}
{"level":"error","message":"Error handling raw WebSocket message: userId is not defined","module":"server","service":"verbyflow","stack":"ReferenceError: userId is not defined\n    at WebSocket.<anonymous> (C:\\Users\\Jarvis\\Documents\\verby\\verbyflow\\backend\\src\\server.js:322:101)\n    at WebSocket.emit (node:events:514:28)\n    at Receiver.receiverOnMessage (C:\\Users\\Jarvis\\Documents\\verby\\verbyflow\\backend\\node_modules\\ws\\lib\\websocket.js:1137:20)\n    at Receiver.emit (node:events:514:28)\n    at Receiver.dataMessage (C:\\Users\\Jarvis\\Documents\\verby\\verbyflow\\backend\\node_modules\\ws\\lib\\receiver.js:528:14)\n    at Receiver.getData (C:\\Users\\Jarvis\\Documents\\verby\\verbyflow\\backend\\node_modules\\ws\\lib\\receiver.js:446:17)\n    at Receiver.startLoop (C:\\Users\\Jarvis\\Documents\\verby\\verbyflow\\backend\\node_modules\\ws\\lib\\receiver.js:148:22)\n    at Receiver._write (C:\\Users\\Jarvis\\Documents\\verby\\verbyflow\\backend\\node_modules\\ws\\lib\\receiver.js:83:10)\n    at writeOrBuffer (node:internal/streams/writable:447:12)\n    at _write (node:internal/streams/writable:389:10)","timestamp":"2025-07-06 18:36:16"}
{"level":"error","message":"Error handling raw WebSocket message: userId is not defined","module":"server","service":"verbyflow","stack":"ReferenceError: userId is not defined\n    at WebSocket.<anonymous> (C:\\Users\\Jarvis\\Documents\\verby\\verbyflow\\backend\\src\\server.js:322:101)\n    at WebSocket.emit (node:events:514:28)\n    at Receiver.receiverOnMessage (C:\\Users\\Jarvis\\Documents\\verby\\verbyflow\\backend\\node_modules\\ws\\lib\\websocket.js:1137:20)\n    at Receiver.emit (node:events:514:28)\n    at Receiver.dataMessage (C:\\Users\\Jarvis\\Documents\\verby\\verbyflow\\backend\\node_modules\\ws\\lib\\receiver.js:528:14)\n    at Receiver.getData (C:\\Users\\Jarvis\\Documents\\verby\\verbyflow\\backend\\node_modules\\ws\\lib\\receiver.js:446:17)\n    at Receiver.startLoop (C:\\Users\\Jarvis\\Documents\\verby\\verbyflow\\backend\\node_modules\\ws\\lib\\receiver.js:148:22)\n    at Receiver._write (C:\\Users\\Jarvis\\Documents\\verby\\verbyflow\\backend\\node_modules\\ws\\lib\\receiver.js:83:10)\n    at writeOrBuffer (node:internal/streams/writable:447:12)\n    at _write (node:internal/streams/writable:389:10)","timestamp":"2025-07-06 18:36:36"}
{"level":"error","message":"Error handling raw WebSocket message: userId is not defined","module":"server","service":"verbyflow","stack":"ReferenceError: userId is not defined\n    at WebSocket.<anonymous> (C:\\Users\\Jarvis\\Documents\\verby\\verbyflow\\backend\\src\\server.js:322:101)\n    at WebSocket.emit (node:events:514:28)\n    at Receiver.receiverOnMessage (C:\\Users\\Jarvis\\Documents\\verby\\verbyflow\\backend\\node_modules\\ws\\lib\\websocket.js:1137:20)\n    at Receiver.emit (node:events:514:28)\n    at Receiver.dataMessage (C:\\Users\\Jarvis\\Documents\\verby\\verbyflow\\backend\\node_modules\\ws\\lib\\receiver.js:528:14)\n    at Receiver.getData (C:\\Users\\Jarvis\\Documents\\verby\\verbyflow\\backend\\node_modules\\ws\\lib\\receiver.js:446:17)\n    at Receiver.startLoop (C:\\Users\\Jarvis\\Documents\\verby\\verbyflow\\backend\\node_modules\\ws\\lib\\receiver.js:148:22)\n    at Receiver._write (C:\\Users\\Jarvis\\Documents\\verby\\verbyflow\\backend\\node_modules\\ws\\lib\\receiver.js:83:10)\n    at writeOrBuffer (node:internal/streams/writable:447:12)\n    at _write (node:internal/streams/writable:389:10)","timestamp":"2025-07-06 18:36:47"}
{"level":"error","message":"Error handling raw WebSocket message: userId is not defined","module":"server","service":"verbyflow","stack":"ReferenceError: userId is not defined\n    at WebSocket.<anonymous> (C:\\Users\\Jarvis\\Documents\\verby\\verbyflow\\backend\\src\\server.js:322:101)\n    at WebSocket.emit (node:events:514:28)\n    at Receiver.receiverOnMessage (C:\\Users\\Jarvis\\Documents\\verby\\verbyflow\\backend\\node_modules\\ws\\lib\\websocket.js:1137:20)\n    at Receiver.emit (node:events:514:28)\n    at Receiver.dataMessage (C:\\Users\\Jarvis\\Documents\\verby\\verbyflow\\backend\\node_modules\\ws\\lib\\receiver.js:528:14)\n    at Receiver.getData (C:\\Users\\Jarvis\\Documents\\verby\\verbyflow\\backend\\node_modules\\ws\\lib\\receiver.js:446:17)\n    at Receiver.startLoop (C:\\Users\\Jarvis\\Documents\\verby\\verbyflow\\backend\\node_modules\\ws\\lib\\receiver.js:148:22)\n    at Receiver._write (C:\\Users\\Jarvis\\Documents\\verby\\verbyflow\\backend\\node_modules\\ws\\lib\\receiver.js:83:10)\n    at writeOrBuffer (node:internal/streams/writable:447:12)\n    at _write (node:internal/streams/writable:389:10)","timestamp":"2025-07-06 18:37:06"}
{"level":"error","message":"Error handling raw WebSocket message: userId is not defined","module":"server","service":"verbyflow","stack":"ReferenceError: userId is not defined\n    at WebSocket.<anonymous> (C:\\Users\\Jarvis\\Documents\\verby\\verbyflow\\backend\\src\\server.js:322:101)\n    at WebSocket.emit (node:events:514:28)\n    at Receiver.receiverOnMessage (C:\\Users\\Jarvis\\Documents\\verby\\verbyflow\\backend\\node_modules\\ws\\lib\\websocket.js:1137:20)\n    at Receiver.emit (node:events:514:28)\n    at Receiver.dataMessage (C:\\Users\\Jarvis\\Documents\\verby\\verbyflow\\backend\\node_modules\\ws\\lib\\receiver.js:528:14)\n    at Receiver.getData (C:\\Users\\Jarvis\\Documents\\verby\\verbyflow\\backend\\node_modules\\ws\\lib\\receiver.js:446:17)\n    at Receiver.startLoop (C:\\Users\\Jarvis\\Documents\\verby\\verbyflow\\backend\\node_modules\\ws\\lib\\receiver.js:148:22)\n    at Receiver._write (C:\\Users\\Jarvis\\Documents\\verby\\verbyflow\\backend\\node_modules\\ws\\lib\\receiver.js:83:10)\n    at writeOrBuffer (node:internal/streams/writable:447:12)\n    at _write (node:internal/streams/writable:389:10)","timestamp":"2025-07-06 18:37:17"}
{"level":"error","message":"Error handling raw WebSocket message: userId is not defined","module":"server","service":"verbyflow","stack":"ReferenceError: userId is not defined\n    at WebSocket.<anonymous> (C:\\Users\\Jarvis\\Documents\\verby\\verbyflow\\backend\\src\\server.js:322:101)\n    at WebSocket.emit (node:events:514:28)\n    at Receiver.receiverOnMessage (C:\\Users\\Jarvis\\Documents\\verby\\verbyflow\\backend\\node_modules\\ws\\lib\\websocket.js:1137:20)\n    at Receiver.emit (node:events:514:28)\n    at Receiver.dataMessage (C:\\Users\\Jarvis\\Documents\\verby\\verbyflow\\backend\\node_modules\\ws\\lib\\receiver.js:528:14)\n    at Receiver.getData (C:\\Users\\Jarvis\\Documents\\verby\\verbyflow\\backend\\node_modules\\ws\\lib\\receiver.js:446:17)\n    at Receiver.startLoop (C:\\Users\\Jarvis\\Documents\\verby\\verbyflow\\backend\\node_modules\\ws\\lib\\receiver.js:148:22)\n    at Receiver._write (C:\\Users\\Jarvis\\Documents\\verby\\verbyflow\\backend\\node_modules\\ws\\lib\\receiver.js:83:10)\n    at writeOrBuffer (node:internal/streams/writable:447:12)\n    at _write (node:internal/streams/writable:389:10)","timestamp":"2025-07-06 18:37:36"}
{"level":"error","message":"Error handling raw WebSocket message: userId is not defined","module":"server","service":"verbyflow","stack":"ReferenceError: userId is not defined\n    at WebSocket.<anonymous> (C:\\Users\\Jarvis\\Documents\\verby\\verbyflow\\backend\\src\\server.js:322:101)\n    at WebSocket.emit (node:events:514:28)\n    at Receiver.receiverOnMessage (C:\\Users\\Jarvis\\Documents\\verby\\verbyflow\\backend\\node_modules\\ws\\lib\\websocket.js:1137:20)\n    at Receiver.emit (node:events:514:28)\n    at Receiver.dataMessage (C:\\Users\\Jarvis\\Documents\\verby\\verbyflow\\backend\\node_modules\\ws\\lib\\receiver.js:528:14)\n    at Receiver.getData (C:\\Users\\Jarvis\\Documents\\verby\\verbyflow\\backend\\node_modules\\ws\\lib\\receiver.js:446:17)\n    at Receiver.startLoop (C:\\Users\\Jarvis\\Documents\\verby\\verbyflow\\backend\\node_modules\\ws\\lib\\receiver.js:148:22)\n    at Receiver._write (C:\\Users\\Jarvis\\Documents\\verby\\verbyflow\\backend\\node_modules\\ws\\lib\\receiver.js:83:10)\n    at writeOrBuffer (node:internal/streams/writable:447:12)\n    at _write (node:internal/streams/writable:389:10)","timestamp":"2025-07-06 18:37:47"}
{"level":"error","message":"Error handling raw WebSocket message: userId is not defined","module":"server","service":"verbyflow","stack":"ReferenceError: userId is not defined\n    at WebSocket.<anonymous> (C:\\Users\\Jarvis\\Documents\\verby\\verbyflow\\backend\\src\\server.js:322:101)\n    at WebSocket.emit (node:events:514:28)\n    at Receiver.receiverOnMessage (C:\\Users\\Jarvis\\Documents\\verby\\verbyflow\\backend\\node_modules\\ws\\lib\\websocket.js:1137:20)\n    at Receiver.emit (node:events:514:28)\n    at Receiver.dataMessage (C:\\Users\\Jarvis\\Documents\\verby\\verbyflow\\backend\\node_modules\\ws\\lib\\receiver.js:528:14)\n    at Receiver.getData (C:\\Users\\Jarvis\\Documents\\verby\\verbyflow\\backend\\node_modules\\ws\\lib\\receiver.js:446:17)\n    at Receiver.startLoop (C:\\Users\\Jarvis\\Documents\\verby\\verbyflow\\backend\\node_modules\\ws\\lib\\receiver.js:148:22)\n    at Receiver._write (C:\\Users\\Jarvis\\Documents\\verby\\verbyflow\\backend\\node_modules\\ws\\lib\\receiver.js:83:10)\n    at writeOrBuffer (node:internal/streams/writable:447:12)\n    at _write (node:internal/streams/writable:389:10)","timestamp":"2025-07-06 18:38:06"}
{"level":"error","message":"Error handling raw WebSocket message: userId is not defined","module":"server","service":"verbyflow","stack":"ReferenceError: userId is not defined\n    at WebSocket.<anonymous> (C:\\Users\\Jarvis\\Documents\\verby\\verbyflow\\backend\\src\\server.js:322:101)\n    at WebSocket.emit (node:events:514:28)\n    at Receiver.receiverOnMessage (C:\\Users\\Jarvis\\Documents\\verby\\verbyflow\\backend\\node_modules\\ws\\lib\\websocket.js:1137:20)\n    at Receiver.emit (node:events:514:28)\n    at Receiver.dataMessage (C:\\Users\\Jarvis\\Documents\\verby\\verbyflow\\backend\\node_modules\\ws\\lib\\receiver.js:528:14)\n    at Receiver.getData (C:\\Users\\Jarvis\\Documents\\verby\\verbyflow\\backend\\node_modules\\ws\\lib\\receiver.js:446:17)\n    at Receiver.startLoop (C:\\Users\\Jarvis\\Documents\\verby\\verbyflow\\backend\\node_modules\\ws\\lib\\receiver.js:148:22)\n    at Receiver._write (C:\\Users\\Jarvis\\Documents\\verby\\verbyflow\\backend\\node_modules\\ws\\lib\\receiver.js:83:10)\n    at writeOrBuffer (node:internal/streams/writable:447:12)\n    at _write (node:internal/streams/writable:389:10)","timestamp":"2025-07-06 18:38:17"}
{"level":"error","message":"Error handling raw WebSocket message: userId is not defined","module":"server","service":"verbyflow","stack":"ReferenceError: userId is not defined\n    at WebSocket.<anonymous> (C:\\Users\\Jarvis\\Documents\\verby\\verbyflow\\backend\\src\\server.js:322:101)\n    at WebSocket.emit (node:events:514:28)\n    at Receiver.receiverOnMessage (C:\\Users\\Jarvis\\Documents\\verby\\verbyflow\\backend\\node_modules\\ws\\lib\\websocket.js:1137:20)\n    at Receiver.emit (node:events:514:28)\n    at Receiver.dataMessage (C:\\Users\\Jarvis\\Documents\\verby\\verbyflow\\backend\\node_modules\\ws\\lib\\receiver.js:528:14)\n    at Receiver.getData (C:\\Users\\Jarvis\\Documents\\verby\\verbyflow\\backend\\node_modules\\ws\\lib\\receiver.js:446:17)\n    at Receiver.startLoop (C:\\Users\\Jarvis\\Documents\\verby\\verbyflow\\backend\\node_modules\\ws\\lib\\receiver.js:148:22)\n    at Receiver._write (C:\\Users\\Jarvis\\Documents\\verby\\verbyflow\\backend\\node_modules\\ws\\lib\\receiver.js:83:10)\n    at writeOrBuffer (node:internal/streams/writable:447:12)\n    at _write (node:internal/streams/writable:389:10)","timestamp":"2025-07-06 18:38:36"}
{"level":"error","message":"Error handling raw WebSocket message: userId is not defined","module":"server","service":"verbyflow","stack":"ReferenceError: userId is not defined\n    at WebSocket.<anonymous> (C:\\Users\\Jarvis\\Documents\\verby\\verbyflow\\backend\\src\\server.js:322:101)\n    at WebSocket.emit (node:events:514:28)\n    at Receiver.receiverOnMessage (C:\\Users\\Jarvis\\Documents\\verby\\verbyflow\\backend\\node_modules\\ws\\lib\\websocket.js:1137:20)\n    at Receiver.emit (node:events:514:28)\n    at Receiver.dataMessage (C:\\Users\\Jarvis\\Documents\\verby\\verbyflow\\backend\\node_modules\\ws\\lib\\receiver.js:528:14)\n    at Receiver.getData (C:\\Users\\Jarvis\\Documents\\verby\\verbyflow\\backend\\node_modules\\ws\\lib\\receiver.js:446:17)\n    at Receiver.startLoop (C:\\Users\\Jarvis\\Documents\\verby\\verbyflow\\backend\\node_modules\\ws\\lib\\receiver.js:148:22)\n    at Receiver._write (C:\\Users\\Jarvis\\Documents\\verby\\verbyflow\\backend\\node_modules\\ws\\lib\\receiver.js:83:10)\n    at writeOrBuffer (node:internal/streams/writable:447:12)\n    at _write (node:internal/streams/writable:389:10)","timestamp":"2025-07-06 18:38:47"}
{"level":"error","message":"Error handling raw WebSocket message: userId is not defined","module":"server","service":"verbyflow","stack":"ReferenceError: userId is not defined\n    at WebSocket.<anonymous> (C:\\Users\\Jarvis\\Documents\\verby\\verbyflow\\backend\\src\\server.js:322:101)\n    at WebSocket.emit (node:events:514:28)\n    at Receiver.receiverOnMessage (C:\\Users\\Jarvis\\Documents\\verby\\verbyflow\\backend\\node_modules\\ws\\lib\\websocket.js:1137:20)\n    at Receiver.emit (node:events:514:28)\n    at Receiver.dataMessage (C:\\Users\\Jarvis\\Documents\\verby\\verbyflow\\backend\\node_modules\\ws\\lib\\receiver.js:528:14)\n    at Receiver.getData (C:\\Users\\Jarvis\\Documents\\verby\\verbyflow\\backend\\node_modules\\ws\\lib\\receiver.js:446:17)\n    at Receiver.startLoop (C:\\Users\\Jarvis\\Documents\\verby\\verbyflow\\backend\\node_modules\\ws\\lib\\receiver.js:148:22)\n    at Receiver._write (C:\\Users\\Jarvis\\Documents\\verby\\verbyflow\\backend\\node_modules\\ws\\lib\\receiver.js:83:10)\n    at writeOrBuffer (node:internal/streams/writable:447:12)\n    at _write (node:internal/streams/writable:389:10)","timestamp":"2025-07-06 18:39:06"}
{"level":"error","message":"Error handling raw WebSocket message: userId is not defined","module":"server","service":"verbyflow","stack":"ReferenceError: userId is not defined\n    at WebSocket.<anonymous> (C:\\Users\\Jarvis\\Documents\\verby\\verbyflow\\backend\\src\\server.js:322:101)\n    at WebSocket.emit (node:events:514:28)\n    at Receiver.receiverOnMessage (C:\\Users\\Jarvis\\Documents\\verby\\verbyflow\\backend\\node_modules\\ws\\lib\\websocket.js:1137:20)\n    at Receiver.emit (node:events:514:28)\n    at Receiver.dataMessage (C:\\Users\\Jarvis\\Documents\\verby\\verbyflow\\backend\\node_modules\\ws\\lib\\receiver.js:528:14)\n    at Receiver.getData (C:\\Users\\Jarvis\\Documents\\verby\\verbyflow\\backend\\node_modules\\ws\\lib\\receiver.js:446:17)\n    at Receiver.startLoop (C:\\Users\\Jarvis\\Documents\\verby\\verbyflow\\backend\\node_modules\\ws\\lib\\receiver.js:148:22)\n    at Receiver._write (C:\\Users\\Jarvis\\Documents\\verby\\verbyflow\\backend\\node_modules\\ws\\lib\\receiver.js:83:10)\n    at writeOrBuffer (node:internal/streams/writable:447:12)\n    at _write (node:internal/streams/writable:389:10)","timestamp":"2025-07-06 18:39:17"}
{"level":"info","message":"OPENAI_API_KEY is properly set, length: 164","module":"whisper-service","service":"verbyflow","timestamp":"2025-07-06 18:39:21"}
{"level":"info","message":"Using ffmpeg from path: C:\\Users\\Jarvis\\Documents\\verby\\verbyflow\\backend\\node_modules\\ffmpeg-static\\ffmpeg.exe","module":"audio-utils","service":"verbyflow","timestamp":"2025-07-06 18:39:21"}
{"level":"info","message":"VerbyFlow backend server running on port 3000","module":"server","service":"verbyflow","timestamp":"2025-07-06 18:39:21"}
{"level":"info","message":"Raw WebSocket client connected: user_1751823346446 to call f0cd317c-8187-4e6b-b638-9ca6a0e4982d","module":"server","service":"verbyflow","timestamp":"2025-07-06 18:39:46"}
{"level":"info","message":"Added user user_1751823346446 to call f0cd317c-8187-4e6b-b638-9ca6a0e4982d. Total participants: 1","module":"server","service":"verbyflow","timestamp":"2025-07-06 18:39:46"}
{"level":"info","message":"Current clients in call f0cd317c-8187-4e6b-b638-9ca6a0e4982d via wss.clients: user_1751823346446","module":"server","service":"verbyflow","timestamp":"2025-07-06 18:39:46"}
{"level":"info","message":"OPENAI_API_KEY is properly set, length: 164","module":"whisper-service","service":"verbyflow","timestamp":"2025-07-06 18:39:58"}
{"level":"info","message":"Using ffmpeg from path: C:\\Users\\Jarvis\\Documents\\verby\\verbyflow\\backend\\node_modules\\ffmpeg-static\\ffmpeg.exe","module":"audio-utils","service":"verbyflow","timestamp":"2025-07-06 18:39:58"}
{"level":"info","message":"VerbyFlow backend server running on port 3000","module":"server","service":"verbyflow","timestamp":"2025-07-06 18:39:58"}
{"level":"info","message":"Raw WebSocket client connected: user_1751823346446 to call f0cd317c-8187-4e6b-b638-9ca6a0e4982d","module":"server","service":"verbyflow","timestamp":"2025-07-06 18:40:01"}
{"level":"info","message":"Added user user_1751823346446 to call f0cd317c-8187-4e6b-b638-9ca6a0e4982d. Total participants: 1","module":"server","service":"verbyflow","timestamp":"2025-07-06 18:40:01"}
{"level":"info","message":"Current clients in call f0cd317c-8187-4e6b-b638-9ca6a0e4982d via wss.clients: user_1751823346446","module":"server","service":"verbyflow","timestamp":"2025-07-06 18:40:01"}
{"level":"info","message":"Raw WebSocket client connected: user_1751823335507 to call f0cd317c-8187-4e6b-b638-9ca6a0e4982d","module":"server","service":"verbyflow","timestamp":"2025-07-06 18:40:06"}
{"level":"info","message":"Added user user_1751823335507 to call f0cd317c-8187-4e6b-b638-9ca6a0e4982d. Total participants: 2","module":"server","service":"verbyflow","timestamp":"2025-07-06 18:40:06"}
{"level":"info","message":"Current clients in call f0cd317c-8187-4e6b-b638-9ca6a0e4982d via wss.clients: user_1751823346446, user_1751823335507","module":"server","service":"verbyflow","timestamp":"2025-07-06 18:40:06"}
{"level":"debug","message":"Broadcast to user_1751823346446 in call f0cd317c-8187-4e6b-b638-9ca6a0e4982d via activeCallMap","module":"server","service":"verbyflow","timestamp":"2025-07-06 18:40:06"}
{"level":"debug","message":"Broadcast to user_1751823346446 in call f0cd317c-8187-4e6b-b638-9ca6a0e4982d via wss.clients","module":"server","service":"verbyflow","timestamp":"2025-07-06 18:40:06"}
{"level":"info","message":"OPENAI_API_KEY is properly set, length: 164","module":"whisper-service","service":"verbyflow","timestamp":"2025-07-06 18:41:27"}
{"level":"info","message":"Using ffmpeg from path: C:\\Users\\Jarvis\\Documents\\verby\\verbyflow\\backend\\node_modules\\ffmpeg-static\\ffmpeg.exe","module":"audio-utils","service":"verbyflow","timestamp":"2025-07-06 18:41:27"}
{"level":"info","message":"VerbyFlow backend server running on port 3000","module":"server","service":"verbyflow","timestamp":"2025-07-06 18:41:27"}
{"level":"info","message":"Raw WebSocket client connected: user_1751823346446 to call f0cd317c-8187-4e6b-b638-9ca6a0e4982d","module":"server","service":"verbyflow","timestamp":"2025-07-06 18:41:30"}
{"level":"info","message":"Added user user_1751823346446 to call f0cd317c-8187-4e6b-b638-9ca6a0e4982d. Total participants: 1","module":"server","service":"verbyflow","timestamp":"2025-07-06 18:41:30"}
{"level":"info","message":"Current clients in call f0cd317c-8187-4e6b-b638-9ca6a0e4982d via wss.clients: user_1751823346446","module":"server","service":"verbyflow","timestamp":"2025-07-06 18:41:30"}
{"level":"info","message":"Raw WebSocket client connected: user_1751823335507 to call f0cd317c-8187-4e6b-b638-9ca6a0e4982d","module":"server","service":"verbyflow","timestamp":"2025-07-06 18:41:30"}
{"level":"info","message":"Added user user_1751823335507 to call f0cd317c-8187-4e6b-b638-9ca6a0e4982d. Total participants: 2","module":"server","service":"verbyflow","timestamp":"2025-07-06 18:41:30"}
{"level":"info","message":"Current clients in call f0cd317c-8187-4e6b-b638-9ca6a0e4982d via wss.clients: user_1751823346446, user_1751823335507","module":"server","service":"verbyflow","timestamp":"2025-07-06 18:41:30"}
{"level":"debug","message":"Broadcast to user_1751823346446 in call f0cd317c-8187-4e6b-b638-9ca6a0e4982d via activeCallMap","module":"server","service":"verbyflow","timestamp":"2025-07-06 18:41:30"}
{"level":"debug","message":"Broadcast to user_1751823346446 in call f0cd317c-8187-4e6b-b638-9ca6a0e4982d via wss.clients","module":"server","service":"verbyflow","timestamp":"2025-07-06 18:41:30"}
{"level":"info","message":"OPENAI_API_KEY is properly set, length: 164","module":"whisper-service","service":"verbyflow","timestamp":"2025-07-06 18:42:26"}
{"level":"info","message":"Using ffmpeg from path: C:\\Users\\Jarvis\\Documents\\verby\\verbyflow\\backend\\node_modules\\ffmpeg-static\\ffmpeg.exe","module":"audio-utils","service":"verbyflow","timestamp":"2025-07-06 18:42:26"}
{"level":"info","message":"VerbyFlow backend server running on port 3000","module":"server","service":"verbyflow","timestamp":"2025-07-06 18:42:26"}
{"level":"info","message":"Raw WebSocket client connected: user_1751823335507 to call f0cd317c-8187-4e6b-b638-9ca6a0e4982d","module":"server","service":"verbyflow","timestamp":"2025-07-06 18:42:29"}
{"level":"info","message":"Added user user_1751823335507 to call f0cd317c-8187-4e6b-b638-9ca6a0e4982d. Total participants: 1","module":"server","service":"verbyflow","timestamp":"2025-07-06 18:42:29"}
{"level":"info","message":"Current clients in call f0cd317c-8187-4e6b-b638-9ca6a0e4982d via wss.clients: user_1751823335507","module":"server","service":"verbyflow","timestamp":"2025-07-06 18:42:29"}
{"level":"info","message":"Raw WebSocket client connected: user_1751823346446 to call f0cd317c-8187-4e6b-b638-9ca6a0e4982d","module":"server","service":"verbyflow","timestamp":"2025-07-06 18:42:29"}
{"level":"info","message":"Added user user_1751823346446 to call f0cd317c-8187-4e6b-b638-9ca6a0e4982d. Total participants: 2","module":"server","service":"verbyflow","timestamp":"2025-07-06 18:42:29"}
{"level":"info","message":"Current clients in call f0cd317c-8187-4e6b-b638-9ca6a0e4982d via wss.clients: user_1751823335507, user_1751823346446","module":"server","service":"verbyflow","timestamp":"2025-07-06 18:42:29"}
{"level":"debug","message":"Broadcast to user_1751823335507 in call f0cd317c-8187-4e6b-b638-9ca6a0e4982d via activeCallMap","module":"server","service":"verbyflow","timestamp":"2025-07-06 18:42:29"}
{"level":"debug","message":"Broadcast to user_1751823335507 in call f0cd317c-8187-4e6b-b638-9ca6a0e4982d via wss.clients","module":"server","service":"verbyflow","timestamp":"2025-07-06 18:42:29"}
{"level":"info","message":"WebSocket closed for user user_1751823346446 in call f0cd317c-8187-4e6b-b638-9ca6a0e4982d","module":"server","service":"verbyflow","timestamp":"2025-07-06 18:43:00"}
{"level":"info","message":"Removed user user_1751823346446 from call f0cd317c-8187-4e6b-b638-9ca6a0e4982d. Remaining participants: 1","module":"server","service":"verbyflow","timestamp":"2025-07-06 18:43:00"}
{"level":"debug","message":"Broadcast to user_1751823335507 in call f0cd317c-8187-4e6b-b638-9ca6a0e4982d via activeCallMap","module":"server","service":"verbyflow","timestamp":"2025-07-06 18:43:00"}
{"level":"debug","message":"Broadcast to user_1751823335507 in call f0cd317c-8187-4e6b-b638-9ca6a0e4982d via wss.clients","module":"server","service":"verbyflow","timestamp":"2025-07-06 18:43:00"}
{"level":"info","message":"[TRACE] WebSocket connection closed for user user_1751823346446 in call f0cd317c-8187-4e6b-b638-9ca6a0e4982d with code 1001: ","module":"server","service":"verbyflow","timestamp":"2025-07-06 18:43:00"}
{"level":"info","message":"[TRACE] Active WebSocket connections remaining: 1","module":"server","service":"verbyflow","timestamp":"2025-07-06 18:43:00"}
{"level":"info","message":"[TRACE] WebSocket connection cleanup complete","module":"server","service":"verbyflow","timestamp":"2025-07-06 18:43:00"}
{"level":"info","message":"WebSocket closed for user user_1751823335507 in call f0cd317c-8187-4e6b-b638-9ca6a0e4982d","module":"server","service":"verbyflow","timestamp":"2025-07-06 18:43:02"}
{"level":"info","message":"Removed user user_1751823335507 from call f0cd317c-8187-4e6b-b638-9ca6a0e4982d. Remaining participants: 0","module":"server","service":"verbyflow","timestamp":"2025-07-06 18:43:02"}
{"level":"info","message":"Call f0cd317c-8187-4e6b-b638-9ca6a0e4982d has no more participants, removing tracking","module":"server","service":"verbyflow","timestamp":"2025-07-06 18:43:02"}
{"level":"info","message":"[TRACE] WebSocket connection closed for user user_1751823335507 in call f0cd317c-8187-4e6b-b638-9ca6a0e4982d with code 1001: ","module":"server","service":"verbyflow","timestamp":"2025-07-06 18:43:02"}
{"level":"info","message":"[TRACE] Active WebSocket connections remaining: 0","module":"server","service":"verbyflow","timestamp":"2025-07-06 18:43:02"}
{"level":"info","message":"[TRACE] WebSocket connection cleanup complete","module":"server","service":"verbyflow","timestamp":"2025-07-06 18:43:02"}
{"level":"info","message":"Created new call: 9e26285c-f788-4200-93dc-fdfd651d59d3 by user user_1751823784672","module":"calls-api","service":"verbyflow","timestamp":"2025-07-06 18:43:04"}
{"level":"info","message":"Raw WebSocket client connected: user_1751823784672 to call 9e26285c-f788-4200-93dc-fdfd651d59d3","module":"server","service":"verbyflow","timestamp":"2025-07-06 18:43:04"}
{"level":"info","message":"Added user user_1751823784672 to call 9e26285c-f788-4200-93dc-fdfd651d59d3. Total participants: 1","module":"server","service":"verbyflow","timestamp":"2025-07-06 18:43:04"}
{"level":"info","message":"Current clients in call 9e26285c-f788-4200-93dc-fdfd651d59d3 via wss.clients: user_1751823784672","module":"server","service":"verbyflow","timestamp":"2025-07-06 18:43:04"}
{"level":"debug","message":"Fetching call: 9e26285c-f788-4200-93dc-fdfd651d59d3","module":"calls-api","service":"verbyflow","timestamp":"2025-07-06 18:43:04"}
{"level":"info","message":"WebSocket closed for user user_1751823784672 in call 9e26285c-f788-4200-93dc-fdfd651d59d3","module":"server","service":"verbyflow","timestamp":"2025-07-06 18:43:04"}
{"level":"info","message":"Removed user user_1751823784672 from call 9e26285c-f788-4200-93dc-fdfd651d59d3. Remaining participants: 0","module":"server","service":"verbyflow","timestamp":"2025-07-06 18:43:04"}
{"level":"info","message":"Call 9e26285c-f788-4200-93dc-fdfd651d59d3 has no more participants, removing tracking","module":"server","service":"verbyflow","timestamp":"2025-07-06 18:43:04"}
{"level":"info","message":"[TRACE] WebSocket connection closed for user user_1751823784672 in call 9e26285c-f788-4200-93dc-fdfd651d59d3 with code 1000: Normal closure - setting up new connection","module":"server","service":"verbyflow","timestamp":"2025-07-06 18:43:04"}
{"level":"info","message":"[TRACE] Active WebSocket connections remaining: 0","module":"server","service":"verbyflow","timestamp":"2025-07-06 18:43:04"}
{"level":"info","message":"[TRACE] WebSocket connection cleanup complete","module":"server","service":"verbyflow","timestamp":"2025-07-06 18:43:04"}
{"level":"info","message":"Raw WebSocket client connected: user_1751823784800 to call 9e26285c-f788-4200-93dc-fdfd651d59d3","module":"server","service":"verbyflow","timestamp":"2025-07-06 18:43:04"}
{"level":"info","message":"Added user user_1751823784800 to call 9e26285c-f788-4200-93dc-fdfd651d59d3. Total participants: 1","module":"server","service":"verbyflow","timestamp":"2025-07-06 18:43:04"}
{"level":"info","message":"Current clients in call 9e26285c-f788-4200-93dc-fdfd651d59d3 via wss.clients: user_1751823784800","module":"server","service":"verbyflow","timestamp":"2025-07-06 18:43:04"}
{"level":"debug","message":"Fetching call: 9e26285c-f788-4200-93dc-fdfd651d59d3","module":"calls-api","service":"verbyflow","timestamp":"2025-07-06 18:43:11"}
{"level":"info","message":"Raw WebSocket client connected: user_1751823791616 to call 9e26285c-f788-4200-93dc-fdfd651d59d3","module":"server","service":"verbyflow","timestamp":"2025-07-06 18:43:11"}
{"level":"info","message":"Added user user_1751823791616 to call 9e26285c-f788-4200-93dc-fdfd651d59d3. Total participants: 2","module":"server","service":"verbyflow","timestamp":"2025-07-06 18:43:11"}
{"level":"info","message":"Current clients in call 9e26285c-f788-4200-93dc-fdfd651d59d3 via wss.clients: user_1751823784800, user_1751823791616","module":"server","service":"verbyflow","timestamp":"2025-07-06 18:43:11"}
{"level":"debug","message":"Broadcast to user_1751823784800 in call 9e26285c-f788-4200-93dc-fdfd651d59d3 via activeCallMap","module":"server","service":"verbyflow","timestamp":"2025-07-06 18:43:11"}
{"level":"debug","message":"Broadcast to user_1751823784800 in call 9e26285c-f788-4200-93dc-fdfd651d59d3 via wss.clients","module":"server","service":"verbyflow","timestamp":"2025-07-06 18:43:11"}
{"level":"debug","message":"Fetching call: 9e26285c-f788-4200-93dc-fdfd651d59d3","module":"calls-api","service":"verbyflow","timestamp":"2025-07-06 18:43:11"}
{"level":"info","message":"WebSocket closed for user user_1751823791616 in call 9e26285c-f788-4200-93dc-fdfd651d59d3","module":"server","service":"verbyflow","timestamp":"2025-07-06 18:43:11"}
{"level":"info","message":"Removed user user_1751823791616 from call 9e26285c-f788-4200-93dc-fdfd651d59d3. Remaining participants: 1","module":"server","service":"verbyflow","timestamp":"2025-07-06 18:43:11"}
{"level":"debug","message":"Broadcast to user_1751823784800 in call 9e26285c-f788-4200-93dc-fdfd651d59d3 via activeCallMap","module":"server","service":"verbyflow","timestamp":"2025-07-06 18:43:11"}
{"level":"debug","message":"Broadcast to user_1751823784800 in call 9e26285c-f788-4200-93dc-fdfd651d59d3 via wss.clients","module":"server","service":"verbyflow","timestamp":"2025-07-06 18:43:11"}
{"level":"info","message":"[TRACE] WebSocket connection closed for user user_1751823791616 in call 9e26285c-f788-4200-93dc-fdfd651d59d3 with code 1000: Normal closure - setting up new connection","module":"server","service":"verbyflow","timestamp":"2025-07-06 18:43:11"}
{"level":"info","message":"[TRACE] Active WebSocket connections remaining: 1","module":"server","service":"verbyflow","timestamp":"2025-07-06 18:43:11"}
{"level":"info","message":"[TRACE] WebSocket connection cleanup complete","module":"server","service":"verbyflow","timestamp":"2025-07-06 18:43:11"}
{"level":"info","message":"Raw WebSocket client connected: user_1751823791985 to call 9e26285c-f788-4200-93dc-fdfd651d59d3","module":"server","service":"verbyflow","timestamp":"2025-07-06 18:43:12"}
{"level":"info","message":"Added user user_1751823791985 to call 9e26285c-f788-4200-93dc-fdfd651d59d3. Total participants: 2","module":"server","service":"verbyflow","timestamp":"2025-07-06 18:43:12"}
{"level":"info","message":"Current clients in call 9e26285c-f788-4200-93dc-fdfd651d59d3 via wss.clients: user_1751823784800, user_1751823791985","module":"server","service":"verbyflow","timestamp":"2025-07-06 18:43:12"}
{"level":"debug","message":"Broadcast to user_1751823784800 in call 9e26285c-f788-4200-93dc-fdfd651d59d3 via activeCallMap","module":"server","service":"verbyflow","timestamp":"2025-07-06 18:43:12"}
{"level":"debug","message":"Broadcast to user_1751823784800 in call 9e26285c-f788-4200-93dc-fdfd651d59d3 via wss.clients","module":"server","service":"verbyflow","timestamp":"2025-07-06 18:43:12"}
{"level":"info","message":"[TRACE] Received binary WebSocket message: 123 bytes from user user_1751823791985 in call 9e26285c-f788-4200-93dc-fdfd651d59d3","module":"server","service":"verbyflow","timestamp":"2025-07-06 18:43:14"}
{"level":"info","message":"[TRACE] Broadcasting raw audio data to all clients in call 9e26285c-f788-4200-93dc-fdfd651d59d3, from user user_1751823791985","module":"server","service":"verbyflow","timestamp":"2025-07-06 18:43:14"}
{"level":"debug","message":"Broadcast to user_1751823784800 in call 9e26285c-f788-4200-93dc-fdfd651d59d3 via activeCallMap","module":"server","service":"verbyflow","timestamp":"2025-07-06 18:43:14"}
{"level":"debug","message":"Broadcast to user_1751823784800 in call 9e26285c-f788-4200-93dc-fdfd651d59d3 via wss.clients","module":"server","service":"verbyflow","timestamp":"2025-07-06 18:43:14"}
{"level":"info","message":"[TRACE] Broadcast raw audio to 2 recipients in call 9e26285c-f788-4200-93dc-fdfd651d59d3","module":"server","service":"verbyflow","timestamp":"2025-07-06 18:43:14"}
{"level":"info","message":"[TRACE] No metadata found for binary message from user user_1751823791985, using defaults","module":"server","service":"verbyflow","timestamp":"2025-07-06 18:43:14"}
{"level":"info","message":"[TRACE] Initialized new audio buffer for user user_1751823791985","module":"server","service":"verbyflow","timestamp":"2025-07-06 18:43:14"}
{"level":"info","message":"[TRACE] Received binary WebSocket message: 641 bytes from user user_1751823791985 in call 9e26285c-f788-4200-93dc-fdfd651d59d3","module":"server","service":"verbyflow","timestamp":"2025-07-06 18:43:14"}
{"level":"info","message":"[TRACE] Broadcasting raw audio data to all clients in call 9e26285c-f788-4200-93dc-fdfd651d59d3, from user user_1751823791985","module":"server","service":"verbyflow","timestamp":"2025-07-06 18:43:14"}
{"level":"debug","message":"Broadcast to user_1751823784800 in call 9e26285c-f788-4200-93dc-fdfd651d59d3 via activeCallMap","module":"server","service":"verbyflow","timestamp":"2025-07-06 18:43:14"}
{"level":"debug","message":"Broadcast to user_1751823784800 in call 9e26285c-f788-4200-93dc-fdfd651d59d3 via wss.clients","module":"server","service":"verbyflow","timestamp":"2025-07-06 18:43:14"}
{"level":"info","message":"[TRACE] Broadcast raw audio to 2 recipients in call 9e26285c-f788-4200-93dc-fdfd651d59d3","module":"server","service":"verbyflow","timestamp":"2025-07-06 18:43:14"}
{"level":"info","message":"[TRACE] No metadata found for binary message from user user_1751823791985, using defaults","module":"server","service":"verbyflow","timestamp":"2025-07-06 18:43:14"}
{"level":"info","message":"[TRACE] Received binary WebSocket message: 123 bytes from user user_1751823791985 in call 9e26285c-f788-4200-93dc-fdfd651d59d3","module":"server","service":"verbyflow","timestamp":"2025-07-06 18:43:15"}
{"level":"info","message":"[TRACE] Broadcasting raw audio data to all clients in call 9e26285c-f788-4200-93dc-fdfd651d59d3, from user user_1751823791985","module":"server","service":"verbyflow","timestamp":"2025-07-06 18:43:15"}
{"level":"debug","message":"Broadcast to user_1751823784800 in call 9e26285c-f788-4200-93dc-fdfd651d59d3 via activeCallMap","module":"server","service":"verbyflow","timestamp":"2025-07-06 18:43:15"}
{"level":"debug","message":"Broadcast to user_1751823784800 in call 9e26285c-f788-4200-93dc-fdfd651d59d3 via wss.clients","module":"server","service":"verbyflow","timestamp":"2025-07-06 18:43:15"}
{"level":"info","message":"[TRACE] Broadcast raw audio to 2 recipients in call 9e26285c-f788-4200-93dc-fdfd651d59d3","module":"server","service":"verbyflow","timestamp":"2025-07-06 18:43:15"}
{"level":"info","message":"[TRACE] No metadata found for binary message from user user_1751823791985, using defaults","module":"server","service":"verbyflow","timestamp":"2025-07-06 18:43:15"}
{"level":"info","message":"[TRACE] Received binary WebSocket message: 34045 bytes from user user_1751823791985 in call 9e26285c-f788-4200-93dc-fdfd651d59d3","module":"server","service":"verbyflow","timestamp":"2025-07-06 18:43:15"}
{"level":"info","message":"[TRACE] Broadcasting raw audio data to all clients in call 9e26285c-f788-4200-93dc-fdfd651d59d3, from user user_1751823791985","module":"server","service":"verbyflow","timestamp":"2025-07-06 18:43:15"}
{"level":"debug","message":"Broadcast to user_1751823784800 in call 9e26285c-f788-4200-93dc-fdfd651d59d3 via activeCallMap","module":"server","service":"verbyflow","timestamp":"2025-07-06 18:43:15"}
{"level":"debug","message":"Broadcast to user_1751823784800 in call 9e26285c-f788-4200-93dc-fdfd651d59d3 via wss.clients","module":"server","service":"verbyflow","timestamp":"2025-07-06 18:43:15"}
{"level":"info","message":"[TRACE] Broadcast raw audio to 2 recipients in call 9e26285c-f788-4200-93dc-fdfd651d59d3","module":"server","service":"verbyflow","timestamp":"2025-07-06 18:43:15"}
{"level":"info","message":"[TRACE] No metadata found for binary message from user user_1751823791985, using defaults","module":"server","service":"verbyflow","timestamp":"2025-07-06 18:43:15"}
{"level":"info","message":"[TRACE] Received binary WebSocket message: 123 bytes from user user_1751823791985 in call 9e26285c-f788-4200-93dc-fdfd651d59d3","module":"server","service":"verbyflow","timestamp":"2025-07-06 18:43:16"}
{"level":"info","message":"[TRACE] Broadcasting raw audio data to all clients in call 9e26285c-f788-4200-93dc-fdfd651d59d3, from user user_1751823791985","module":"server","service":"verbyflow","timestamp":"2025-07-06 18:43:16"}
{"level":"debug","message":"Broadcast to user_1751823784800 in call 9e26285c-f788-4200-93dc-fdfd651d59d3 via activeCallMap","module":"server","service":"verbyflow","timestamp":"2025-07-06 18:43:16"}
{"level":"debug","message":"Broadcast to user_1751823784800 in call 9e26285c-f788-4200-93dc-fdfd651d59d3 via wss.clients","module":"server","service":"verbyflow","timestamp":"2025-07-06 18:43:16"}
{"level":"info","message":"[TRACE] Broadcast raw audio to 2 recipients in call 9e26285c-f788-4200-93dc-fdfd651d59d3","module":"server","service":"verbyflow","timestamp":"2025-07-06 18:43:16"}
{"level":"info","message":"[TRACE] No metadata found for binary message from user user_1751823791985, using defaults","module":"server","service":"verbyflow","timestamp":"2025-07-06 18:43:16"}
{"level":"info","message":"[TRACE] Silence detected for user user_1751823791985 after 2031ms","module":"server","service":"verbyflow","timestamp":"2025-07-06 18:43:16"}
{"level":"info","message":"[TRACE] Processing buffered audio (35055 bytes) after natural pause","module":"server","service":"verbyflow","timestamp":"2025-07-06 18:43:16"}
{"level":"info","message":"[TRACE] Processing combined audio of 35055 bytes for transcription","module":"server","service":"verbyflow","timestamp":"2025-07-06 18:43:16"}
{"level":"info","message":"[TRACE] processAudioForTranscription started for user user_1751823791985 in call 9e26285c-f788-4200-93dc-fdfd651d59d3","module":"server","service":"verbyflow","timestamp":"2025-07-06 18:43:16"}
{"level":"info","message":"[TRACE] Audio data size: 35055 bytes, metadata: {\"type\":\"audio_data\",\"timestamp\":1751823796510,\"format\":\"webm\",\"mimeType\":\"audio/webm\"}","module":"server","service":"verbyflow","timestamp":"2025-07-06 18:43:16"}
{"level":"info","message":"[TRACE] Processing audio format: webm (audio/webm)","module":"server","service":"verbyflow","timestamp":"2025-07-06 18:43:16"}
{"level":"info","message":"[TRACE] Stored webm header (4096 bytes) for user user_1751823791985","module":"server","service":"verbyflow","timestamp":"2025-07-06 18:43:16"}
{"level":"info","message":"[TRACE] Saving audio data to temp file: C:\\Users\\Jarvis\\Documents\\verby\\verbyflow\\backend\\temp\\user_1751823791985-7ae390b0-b502-4eb8-9ed5-d2113ae28328.webm","module":"server","service":"verbyflow","timestamp":"2025-07-06 18:43:16"}
{"level":"info","message":"[TRACE] Successfully wrote 35055 bytes to C:\\Users\\Jarvis\\Documents\\verby\\verbyflow\\backend\\temp\\user_1751823791985-7ae390b0-b502-4eb8-9ed5-d2113ae28328.webm","module":"server","service":"verbyflow","timestamp":"2025-07-06 18:43:16"}
{"level":"info","message":"[TRACE] File stats: exists=true, size=35055 bytes","module":"server","service":"verbyflow","timestamp":"2025-07-06 18:43:16"}
{"level":"info","message":"[TRACE] Detecting audio format for C:\\Users\\Jarvis\\Documents\\verby\\verbyflow\\backend\\temp\\user_1751823791985-7ae390b0-b502-4eb8-9ed5-d2113ae28328.webm","module":"server","service":"verbyflow","timestamp":"2025-07-06 18:43:16"}
{"level":"info","message":"[TRACE] Received binary WebSocket message: 16539 bytes from user user_1751823791985 in call 9e26285c-f788-4200-93dc-fdfd651d59d3","module":"server","service":"verbyflow","timestamp":"2025-07-06 18:43:16"}
{"level":"info","message":"[TRACE] Broadcasting raw audio data to all clients in call 9e26285c-f788-4200-93dc-fdfd651d59d3, from user user_1751823791985","module":"server","service":"verbyflow","timestamp":"2025-07-06 18:43:16"}
{"level":"debug","message":"Broadcast to user_1751823784800 in call 9e26285c-f788-4200-93dc-fdfd651d59d3 via activeCallMap","module":"server","service":"verbyflow","timestamp":"2025-07-06 18:43:16"}
{"level":"debug","message":"Broadcast to user_1751823784800 in call 9e26285c-f788-4200-93dc-fdfd651d59d3 via wss.clients","module":"server","service":"verbyflow","timestamp":"2025-07-06 18:43:16"}
{"level":"info","message":"[TRACE] Broadcast raw audio to 2 recipients in call 9e26285c-f788-4200-93dc-fdfd651d59d3","module":"server","service":"verbyflow","timestamp":"2025-07-06 18:43:16"}
{"level":"info","message":"[TRACE] No metadata found for binary message from user user_1751823791985, using defaults","module":"server","service":"verbyflow","timestamp":"2025-07-06 18:43:16"}
{"level":"warn","message":"Failed to detect format using ffprobe: Command failed: \"C:\\Users\\Jarvis\\Documents\\verby\\verbyflow\\backend\\node_modules\\ffprobe-static\\ffmpeg.exe\" -v error -show_entries format=format_name -of default=noprint_wrappers=1:nokey=1 \"C:\\Users\\Jarvis\\Documents\\verby\\verbyflow\\backend\\temp\\user_1751823791985-7ae390b0-b502-4eb8-9ed5-d2113ae28328.webm\"\nThe system cannot find the path specified.\r\n","module":"audio-utils","service":"verbyflow","timestamp":"2025-07-06 18:43:16"}
{"level":"info","message":"[TRACE] Detected audio format: webm","module":"server","service":"verbyflow","timestamp":"2025-07-06 18:43:16"}
{"level":"debug","message":"Using file extension to determine format: webm","module":"audio-utils","service":"verbyflow","timestamp":"2025-07-06 18:43:16"}
{"level":"info","message":"[TRACE] Converting audio format if needed","module":"server","service":"verbyflow","timestamp":"2025-07-06 18:43:16"}
{"level":"debug","message":"Converting webm format to WAV format for Whisper API","module":"audio-utils","service":"verbyflow","timestamp":"2025-07-06 18:43:16"}
{"level":"info","message":"Running Whisper-compatible conversion command: \"C:\\Users\\Jarvis\\Documents\\verby\\verbyflow\\backend\\node_modules\\ffmpeg-static\\ffmpeg.exe\" -i \"C:\\Users\\Jarvis\\Documents\\verby\\verbyflow\\backend\\temp\\user_1751823791985-7ae390b0-b502-4eb8-9ed5-d2113ae28328.webm.webm\" -acodec pcm_s16le -ac 1 -ar 16000 \"C:\\Users\\Jarvis\\Documents\\verby\\verbyflow\\backend\\temp\\user_1751823791985-7ae390b0-b502-4eb8-9ed5-d2113ae28328.wav\" -y","module":"audio-utils","service":"verbyflow","timestamp":"2025-07-06 18:43:16"}
{"level":"info","message":"[TRACE] Received binary WebSocket message: 123 bytes from user user_1751823791985 in call 9e26285c-f788-4200-93dc-fdfd651d59d3","module":"server","service":"verbyflow","timestamp":"2025-07-06 18:43:17"}
{"level":"info","message":"[TRACE] Broadcasting raw audio data to all clients in call 9e26285c-f788-4200-93dc-fdfd651d59d3, from user user_1751823791985","module":"server","service":"verbyflow","timestamp":"2025-07-06 18:43:17"}
{"level":"debug","message":"Broadcast to user_1751823784800 in call 9e26285c-f788-4200-93dc-fdfd651d59d3 via activeCallMap","module":"server","service":"verbyflow","timestamp":"2025-07-06 18:43:17"}
{"level":"debug","message":"Broadcast to user_1751823784800 in call 9e26285c-f788-4200-93dc-fdfd651d59d3 via wss.clients","module":"server","service":"verbyflow","timestamp":"2025-07-06 18:43:17"}
{"level":"info","message":"[TRACE] Broadcast raw audio to 2 recipients in call 9e26285c-f788-4200-93dc-fdfd651d59d3","module":"server","service":"verbyflow","timestamp":"2025-07-06 18:43:17"}
{"level":"info","message":"[TRACE] No metadata found for binary message from user user_1751823791985, using defaults","module":"server","service":"verbyflow","timestamp":"2025-07-06 18:43:17"}
{"level":"info","message":"[TRACE] Received binary WebSocket message: 16539 bytes from user user_1751823791985 in call 9e26285c-f788-4200-93dc-fdfd651d59d3","module":"server","service":"verbyflow","timestamp":"2025-07-06 18:43:17"}
{"level":"info","message":"[TRACE] Broadcasting raw audio data to all clients in call 9e26285c-f788-4200-93dc-fdfd651d59d3, from user user_1751823791985","module":"server","service":"verbyflow","timestamp":"2025-07-06 18:43:17"}
{"level":"debug","message":"Broadcast to user_1751823784800 in call 9e26285c-f788-4200-93dc-fdfd651d59d3 via activeCallMap","module":"server","service":"verbyflow","timestamp":"2025-07-06 18:43:17"}
{"level":"debug","message":"Broadcast to user_1751823784800 in call 9e26285c-f788-4200-93dc-fdfd651d59d3 via wss.clients","module":"server","service":"verbyflow","timestamp":"2025-07-06 18:43:17"}
{"level":"info","message":"[TRACE] Broadcast raw audio to 2 recipients in call 9e26285c-f788-4200-93dc-fdfd651d59d3","module":"server","service":"verbyflow","timestamp":"2025-07-06 18:43:17"}
{"level":"info","message":"[TRACE] No metadata found for binary message from user user_1751823791985, using defaults","module":"server","service":"verbyflow","timestamp":"2025-07-06 18:43:17"}
{"level":"info","message":"[TRACE] Received binary WebSocket message: 123 bytes from user user_1751823791985 in call 9e26285c-f788-4200-93dc-fdfd651d59d3","module":"server","service":"verbyflow","timestamp":"2025-07-06 18:43:18"}
{"level":"info","message":"[TRACE] Broadcasting raw audio data to all clients in call 9e26285c-f788-4200-93dc-fdfd651d59d3, from user user_1751823791985","module":"server","service":"verbyflow","timestamp":"2025-07-06 18:43:18"}
{"level":"debug","message":"Broadcast to user_1751823784800 in call 9e26285c-f788-4200-93dc-fdfd651d59d3 via activeCallMap","module":"server","service":"verbyflow","timestamp":"2025-07-06 18:43:18"}
{"level":"debug","message":"Broadcast to user_1751823784800 in call 9e26285c-f788-4200-93dc-fdfd651d59d3 via wss.clients","module":"server","service":"verbyflow","timestamp":"2025-07-06 18:43:18"}
{"level":"info","message":"[TRACE] Broadcast raw audio to 2 recipients in call 9e26285c-f788-4200-93dc-fdfd651d59d3","module":"server","service":"verbyflow","timestamp":"2025-07-06 18:43:18"}
{"level":"info","message":"[TRACE] No metadata found for binary message from user user_1751823791985, using defaults","module":"server","service":"verbyflow","timestamp":"2025-07-06 18:43:18"}
{"level":"info","message":"[TRACE] Received binary WebSocket message: 16539 bytes from user user_1751823791985 in call 9e26285c-f788-4200-93dc-fdfd651d59d3","module":"server","service":"verbyflow","timestamp":"2025-07-06 18:43:18"}
{"level":"info","message":"[TRACE] Broadcasting raw audio data to all clients in call 9e26285c-f788-4200-93dc-fdfd651d59d3, from user user_1751823791985","module":"server","service":"verbyflow","timestamp":"2025-07-06 18:43:18"}
{"level":"debug","message":"Broadcast to user_1751823784800 in call 9e26285c-f788-4200-93dc-fdfd651d59d3 via activeCallMap","module":"server","service":"verbyflow","timestamp":"2025-07-06 18:43:18"}
{"level":"debug","message":"Broadcast to user_1751823784800 in call 9e26285c-f788-4200-93dc-fdfd651d59d3 via wss.clients","module":"server","service":"verbyflow","timestamp":"2025-07-06 18:43:18"}
{"level":"info","message":"[TRACE] Broadcast raw audio to 2 recipients in call 9e26285c-f788-4200-93dc-fdfd651d59d3","module":"server","service":"verbyflow","timestamp":"2025-07-06 18:43:18"}
{"level":"info","message":"[TRACE] No metadata found for binary message from user user_1751823791985, using defaults","module":"server","service":"verbyflow","timestamp":"2025-07-06 18:43:18"}
{"level":"info","message":"[TRACE] Received binary WebSocket message: 123 bytes from user user_1751823791985 in call 9e26285c-f788-4200-93dc-fdfd651d59d3","module":"server","service":"verbyflow","timestamp":"2025-07-06 18:43:19"}
{"level":"info","message":"[TRACE] Broadcasting raw audio data to all clients in call 9e26285c-f788-4200-93dc-fdfd651d59d3, from user user_1751823791985","module":"server","service":"verbyflow","timestamp":"2025-07-06 18:43:19"}
{"level":"debug","message":"Broadcast to user_1751823784800 in call 9e26285c-f788-4200-93dc-fdfd651d59d3 via activeCallMap","module":"server","service":"verbyflow","timestamp":"2025-07-06 18:43:19"}
{"level":"debug","message":"Broadcast to user_1751823784800 in call 9e26285c-f788-4200-93dc-fdfd651d59d3 via wss.clients","module":"server","service":"verbyflow","timestamp":"2025-07-06 18:43:19"}
{"level":"info","message":"[TRACE] Broadcast raw audio to 2 recipients in call 9e26285c-f788-4200-93dc-fdfd651d59d3","module":"server","service":"verbyflow","timestamp":"2025-07-06 18:43:19"}
{"level":"info","message":"[TRACE] No metadata found for binary message from user user_1751823791985, using defaults","module":"server","service":"verbyflow","timestamp":"2025-07-06 18:43:19"}
{"level":"info","message":"[TRACE] Received binary WebSocket message: 16539 bytes from user user_1751823791985 in call 9e26285c-f788-4200-93dc-fdfd651d59d3","module":"server","service":"verbyflow","timestamp":"2025-07-06 18:43:19"}
{"level":"info","message":"[TRACE] Broadcasting raw audio data to all clients in call 9e26285c-f788-4200-93dc-fdfd651d59d3, from user user_1751823791985","module":"server","service":"verbyflow","timestamp":"2025-07-06 18:43:19"}
{"level":"debug","message":"Broadcast to user_1751823784800 in call 9e26285c-f788-4200-93dc-fdfd651d59d3 via activeCallMap","module":"server","service":"verbyflow","timestamp":"2025-07-06 18:43:19"}
{"level":"debug","message":"Broadcast to user_1751823784800 in call 9e26285c-f788-4200-93dc-fdfd651d59d3 via wss.clients","module":"server","service":"verbyflow","timestamp":"2025-07-06 18:43:19"}
{"level":"info","message":"[TRACE] Broadcast raw audio to 2 recipients in call 9e26285c-f788-4200-93dc-fdfd651d59d3","module":"server","service":"verbyflow","timestamp":"2025-07-06 18:43:19"}
{"level":"info","message":"[TRACE] No metadata found for binary message from user user_1751823791985, using defaults","module":"server","service":"verbyflow","timestamp":"2025-07-06 18:43:19"}
{"level":"error","message":"Error in primary conversion method: Command failed: \"C:\\Users\\Jarvis\\Documents\\verby\\verbyflow\\backend\\node_modules\\ffmpeg-static\\ffmpeg.exe\" -i \"C:\\Users\\Jarvis\\Documents\\verby\\verbyflow\\backend\\temp\\user_1751823791985-7ae390b0-b502-4eb8-9ed5-d2113ae28328.webm.webm\" -acodec pcm_s16le -ac 1 -ar 16000 \"C:\\Users\\Jarvis\\Documents\\verby\\verbyflow\\backend\\temp\\user_1751823791985-7ae390b0-b502-4eb8-9ed5-d2113ae28328.wav\" -y\nffmpeg version 6.0-essentials_build-www.gyan.dev Copyright (c) 2000-2023 the FFmpeg developers\r\n  built with gcc 12.2.0 (Rev10, Built by MSYS2 project)\r\n  configuration: --enable-gpl --enable-version3 --enable-static --disable-w32threads --disable-autodetect --enable-fontconfig --enable-iconv --enable-gnutls --enable-libxml2 --enable-gmp --enable-bzlib --enable-lzma --enable-zlib --enable-libsrt --enable-libssh --enable-libzmq --enable-avisynth --enable-sdl2 --enable-libwebp --enable-libx264 --enable-libx265 --enable-libxvid --enable-libaom --enable-libopenjpeg --enable-libvpx --enable-mediafoundation --enable-libass --enable-libfreetype --enable-libfribidi --enable-libvidstab --enable-libvmaf --enable-libzimg --enable-amf --enable-cuda-llvm --enable-cuvid --enable-ffnvcodec --enable-nvdec --enable-nvenc --enable-d3d11va --enable-dxva2 --enable-libvpl --enable-libgme --enable-libopenmpt --enable-libopencore-amrwb --enable-libmp3lame --enable-libtheora --enable-libvo-amrwbenc --enable-libgsm --enable-libopencore-amrnb --enable-libopus --enable-libspeex --enable-libvorbis --enable-librubberband\r\n  libavutil      58.  2.100 / 58.  2.100\r\n  libavcodec     60.  3.100 / 60.  3.100\r\n  libavformat    60.  3.100 / 60.  3.100\r\n  libavdevice    60.  1.100 / 60.  1.100\r\n  libavfilter     9.  3.100 /  9.  3.100\r\n  libswscale      7.  1.100 /  7.  1.100\r\n  libswresample   4. 10.100 /  4. 10.100\r\n  libpostproc    57.  1.100 / 57.  1.100\r\n[matroska,webm @ 0000022fb58214c0] Format matroska,webm detected only with low score of 1, misdetection possible!\r\n[matroska,webm @ 0000022fb58214c0] EBML header parsing failed\r\nC:\\Users\\Jarvis\\Documents\\verby\\verbyflow\\backend\\temp\\user_1751823791985-7ae390b0-b502-4eb8-9ed5-d2113ae28328.webm.webm: Invalid data found when processing input\r\n","module":"audio-utils","service":"verbyflow","timestamp":"2025-07-06 18:43:19"}
{"level":"info","message":"Attempting alternative WebM conversion approach","module":"audio-utils","service":"verbyflow","timestamp":"2025-07-06 18:43:19"}
{"level":"error","message":"Alternative conversion failed: Command failed: \"C:\\Users\\Jarvis\\Documents\\verby\\verbyflow\\backend\\node_modules\\ffmpeg-static\\ffmpeg.exe\" -i \"C:\\Users\\Jarvis\\Documents\\verby\\verbyflow\\backend\\temp\\user_1751823791985-7ae390b0-b502-4eb8-9ed5-d2113ae28328.webm\" -f s16le -acodec pcm_s16le -ac 1 -ar 16000 \"C:\\Users\\Jarvis\\Documents\\verby\\verbyflow\\backend\\temp\\user_1751823791985-7ae390b0-b502-4eb8-9ed5-d2113ae28328.webm.pcm\" -y\nffmpeg version 6.0-essentials_build-www.gyan.dev Copyright (c) 2000-2023 the FFmpeg developers\r\n  built with gcc 12.2.0 (Rev10, Built by MSYS2 project)\r\n  configuration: --enable-gpl --enable-version3 --enable-static --disable-w32threads --disable-autodetect --enable-fontconfig --enable-iconv --enable-gnutls --enable-libxml2 --enable-gmp --enable-bzlib --enable-lzma --enable-zlib --enable-libsrt --enable-libssh --enable-libzmq --enable-avisynth --enable-sdl2 --enable-libwebp --enable-libx264 --enable-libx265 --enable-libxvid --enable-libaom --enable-libopenjpeg --enable-libvpx --enable-mediafoundation --enable-libass --enable-libfreetype --enable-libfribidi --enable-libvidstab --enable-libvmaf --enable-libzimg --enable-amf --enable-cuda-llvm --enable-cuvid --enable-ffnvcodec --enable-nvdec --enable-nvenc --enable-d3d11va --enable-dxva2 --enable-libvpl --enable-libgme --enable-libopenmpt --enable-libopencore-amrwb --enable-libmp3lame --enable-libtheora --enable-libvo-amrwbenc --enable-libgsm --enable-libopencore-amrnb --enable-libopus --enable-libspeex --enable-libvorbis --enable-librubberband\r\n  libavutil      58.  2.100 / 58.  2.100\r\n  libavcodec     60.  3.100 / 60.  3.100\r\n  libavformat    60.  3.100 / 60.  3.100\r\n  libavdevice    60.  1.100 / 60.  1.100\r\n  libavfilter     9.  3.100 /  9.  3.100\r\n  libswscale      7.  1.100 /  7.  1.100\r\n  libswresample   4. 10.100 /  4. 10.100\r\n  libpostproc    57.  1.100 / 57.  1.100\r\n[matroska,webm @ 000001e7e4121500] Format matroska,webm detected only with low score of 1, misdetection possible!\r\n[matroska,webm @ 000001e7e4121500] EBML header parsing failed\r\nC:\\Users\\Jarvis\\Documents\\verby\\verbyflow\\backend\\temp\\user_1751823791985-7ae390b0-b502-4eb8-9ed5-d2113ae28328.webm: Invalid data found when processing input\r\n","module":"audio-utils","service":"verbyflow","timestamp":"2025-07-06 18:43:19"}
{"level":"warn","message":"Trying final conversion approach with format forcing","module":"audio-utils","service":"verbyflow","timestamp":"2025-07-06 18:43:19"}
{"level":"error","message":"Final conversion attempt failed: Command failed: \"C:\\Users\\Jarvis\\Documents\\verby\\verbyflow\\backend\\node_modules\\ffmpeg-static\\ffmpeg.exe\" -f webm -i \"C:\\Users\\Jarvis\\Documents\\verby\\verbyflow\\backend\\temp\\user_1751823791985-7ae390b0-b502-4eb8-9ed5-d2113ae28328.webm\" -acodec pcm_s16le -ac 1 -ar 16000 \"C:\\Users\\Jarvis\\Documents\\verby\\verbyflow\\backend\\temp\\user_1751823791985-7ae390b0-b502-4eb8-9ed5-d2113ae28328.wav\" -y\nffmpeg version 6.0-essentials_build-www.gyan.dev Copyright (c) 2000-2023 the FFmpeg developers\r\n  built with gcc 12.2.0 (Rev10, Built by MSYS2 project)\r\n  configuration: --enable-gpl --enable-version3 --enable-static --disable-w32threads --disable-autodetect --enable-fontconfig --enable-iconv --enable-gnutls --enable-libxml2 --enable-gmp --enable-bzlib --enable-lzma --enable-zlib --enable-libsrt --enable-libssh --enable-libzmq --enable-avisynth --enable-sdl2 --enable-libwebp --enable-libx264 --enable-libx265 --enable-libxvid --enable-libaom --enable-libopenjpeg --enable-libvpx --enable-mediafoundation --enable-libass --enable-libfreetype --enable-libfribidi --enable-libvidstab --enable-libvmaf --enable-libzimg --enable-amf --enable-cuda-llvm --enable-cuvid --enable-ffnvcodec --enable-nvdec --enable-nvenc --enable-d3d11va --enable-dxva2 --enable-libvpl --enable-libgme --enable-libopenmpt --enable-libopencore-amrwb --enable-libmp3lame --enable-libtheora --enable-libvo-amrwbenc --enable-libgsm --enable-libopencore-amrnb --enable-libopus --enable-libspeex --enable-libvorbis --enable-librubberband\r\n  libavutil      58.  2.100 / 58.  2.100\r\n  libavcodec     60.  3.100 / 60.  3.100\r\n  libavformat    60.  3.100 / 60.  3.100\r\n  libavdevice    60.  1.100 / 60.  1.100\r\n  libavfilter     9.  3.100 /  9.  3.100\r\n  libswscale      7.  1.100 /  7.  1.100\r\n  libswresample   4. 10.100 /  4. 10.100\r\n  libpostproc    57.  1.100 / 57.  1.100\r\n[matroska,webm @ 0000024672641580] EBML header parsing failed\r\nC:\\Users\\Jarvis\\Documents\\verby\\verbyflow\\backend\\temp\\user_1751823791985-7ae390b0-b502-4eb8-9ed5-d2113ae28328.webm: Invalid data found when processing input\r\n","module":"audio-utils","service":"verbyflow","timestamp":"2025-07-06 18:43:19"}
{"level":"warn","message":"Creating test WAV file for debugging purposes","module":"audio-utils","service":"verbyflow","timestamp":"2025-07-06 18:43:19"}
{"level":"warn","message":"Using silent test WAV file for debugging","module":"audio-utils","service":"verbyflow","timestamp":"2025-07-06 18:43:19"}
{"level":"info","message":"[TRACE] Processed file path: C:\\Users\\Jarvis\\Documents\\verby\\verbyflow\\backend\\temp\\user_1751823791985-7ae390b0-b502-4eb8-9ed5-d2113ae28328.wav, is converted=true","module":"server","service":"verbyflow","timestamp":"2025-07-06 18:43:19"}
{"level":"debug","message":"Transcribing audio file: user_1751823791985-7ae390b0-b502-4eb8-9ed5-d2113ae28328.wav (32078 bytes)","module":"whisper-service","service":"verbyflow","timestamp":"2025-07-06 18:43:19"}
{"level":"info","message":"Using API key starting with: sk-proj-nt... (length: 164)","module":"whisper-service","service":"verbyflow","timestamp":"2025-07-06 18:43:19"}
{"level":"info","message":"[TRACE] Calling Whisper API for transcription with file: C:\\Users\\Jarvis\\Documents\\verby\\verbyflow\\backend\\temp\\user_1751823791985-7ae390b0-b502-4eb8-9ed5-d2113ae28328.wav","module":"server","service":"verbyflow","timestamp":"2025-07-06 18:43:19"}
{"level":"info","message":"[TRACE] Received binary WebSocket message: 123 bytes from user user_1751823791985 in call 9e26285c-f788-4200-93dc-fdfd651d59d3","module":"server","service":"verbyflow","timestamp":"2025-07-06 18:43:20"}
{"level":"info","message":"[TRACE] Broadcasting raw audio data to all clients in call 9e26285c-f788-4200-93dc-fdfd651d59d3, from user user_1751823791985","module":"server","service":"verbyflow","timestamp":"2025-07-06 18:43:20"}
{"level":"debug","message":"Broadcast to user_1751823784800 in call 9e26285c-f788-4200-93dc-fdfd651d59d3 via activeCallMap","module":"server","service":"verbyflow","timestamp":"2025-07-06 18:43:20"}
{"level":"debug","message":"Broadcast to user_1751823784800 in call 9e26285c-f788-4200-93dc-fdfd651d59d3 via wss.clients","module":"server","service":"verbyflow","timestamp":"2025-07-06 18:43:20"}
{"level":"info","message":"[TRACE] Broadcast raw audio to 2 recipients in call 9e26285c-f788-4200-93dc-fdfd651d59d3","module":"server","service":"verbyflow","timestamp":"2025-07-06 18:43:20"}
{"level":"info","message":"[TRACE] No metadata found for binary message from user user_1751823791985, using defaults","module":"server","service":"verbyflow","timestamp":"2025-07-06 18:43:20"}
{"level":"info","message":"[TRACE] Received binary WebSocket message: 16539 bytes from user user_1751823791985 in call 9e26285c-f788-4200-93dc-fdfd651d59d3","module":"server","service":"verbyflow","timestamp":"2025-07-06 18:43:20"}
{"level":"info","message":"[TRACE] Broadcasting raw audio data to all clients in call 9e26285c-f788-4200-93dc-fdfd651d59d3, from user user_1751823791985","module":"server","service":"verbyflow","timestamp":"2025-07-06 18:43:20"}
{"level":"debug","message":"Broadcast to user_1751823784800 in call 9e26285c-f788-4200-93dc-fdfd651d59d3 via activeCallMap","module":"server","service":"verbyflow","timestamp":"2025-07-06 18:43:20"}
{"level":"debug","message":"Broadcast to user_1751823784800 in call 9e26285c-f788-4200-93dc-fdfd651d59d3 via wss.clients","module":"server","service":"verbyflow","timestamp":"2025-07-06 18:43:20"}
{"level":"info","message":"[TRACE] Broadcast raw audio to 2 recipients in call 9e26285c-f788-4200-93dc-fdfd651d59d3","module":"server","service":"verbyflow","timestamp":"2025-07-06 18:43:20"}
{"level":"info","message":"[TRACE] No metadata found for binary message from user user_1751823791985, using defaults","module":"server","service":"verbyflow","timestamp":"2025-07-06 18:43:20"}
{"level":"info","message":"[TRACE] Received binary WebSocket message: 122 bytes from user user_1751823791985 in call 9e26285c-f788-4200-93dc-fdfd651d59d3","module":"server","service":"verbyflow","timestamp":"2025-07-06 18:43:21"}
{"level":"info","message":"[TRACE] Broadcasting raw audio data to all clients in call 9e26285c-f788-4200-93dc-fdfd651d59d3, from user user_1751823791985","module":"server","service":"verbyflow","timestamp":"2025-07-06 18:43:21"}
{"level":"debug","message":"Broadcast to user_1751823784800 in call 9e26285c-f788-4200-93dc-fdfd651d59d3 via activeCallMap","module":"server","service":"verbyflow","timestamp":"2025-07-06 18:43:21"}
{"level":"debug","message":"Broadcast to user_1751823784800 in call 9e26285c-f788-4200-93dc-fdfd651d59d3 via wss.clients","module":"server","service":"verbyflow","timestamp":"2025-07-06 18:43:21"}
{"level":"info","message":"[TRACE] Broadcast raw audio to 2 recipients in call 9e26285c-f788-4200-93dc-fdfd651d59d3","module":"server","service":"verbyflow","timestamp":"2025-07-06 18:43:21"}
{"level":"info","message":"[TRACE] No metadata found for binary message from user user_1751823791985, using defaults","module":"server","service":"verbyflow","timestamp":"2025-07-06 18:43:21"}
{"level":"info","message":"[TRACE] Received binary WebSocket message: 16539 bytes from user user_1751823791985 in call 9e26285c-f788-4200-93dc-fdfd651d59d3","module":"server","service":"verbyflow","timestamp":"2025-07-06 18:43:21"}
{"level":"info","message":"[TRACE] Broadcasting raw audio data to all clients in call 9e26285c-f788-4200-93dc-fdfd651d59d3, from user user_1751823791985","module":"server","service":"verbyflow","timestamp":"2025-07-06 18:43:21"}
{"level":"debug","message":"Broadcast to user_1751823784800 in call 9e26285c-f788-4200-93dc-fdfd651d59d3 via activeCallMap","module":"server","service":"verbyflow","timestamp":"2025-07-06 18:43:21"}
{"level":"debug","message":"Broadcast to user_1751823784800 in call 9e26285c-f788-4200-93dc-fdfd651d59d3 via wss.clients","module":"server","service":"verbyflow","timestamp":"2025-07-06 18:43:21"}
{"level":"info","message":"[TRACE] Broadcast raw audio to 2 recipients in call 9e26285c-f788-4200-93dc-fdfd651d59d3","module":"server","service":"verbyflow","timestamp":"2025-07-06 18:43:21"}
{"level":"info","message":"[TRACE] No metadata found for binary message from user user_1751823791985, using defaults","module":"server","service":"verbyflow","timestamp":"2025-07-06 18:43:21"}
{"level":"info","message":"[TRACE] Received binary WebSocket message: 123 bytes from user user_1751823791985 in call 9e26285c-f788-4200-93dc-fdfd651d59d3","module":"server","service":"verbyflow","timestamp":"2025-07-06 18:43:22"}
{"level":"info","message":"[TRACE] Broadcasting raw audio data to all clients in call 9e26285c-f788-4200-93dc-fdfd651d59d3, from user user_1751823791985","module":"server","service":"verbyflow","timestamp":"2025-07-06 18:43:22"}
{"level":"debug","message":"Broadcast to user_1751823784800 in call 9e26285c-f788-4200-93dc-fdfd651d59d3 via activeCallMap","module":"server","service":"verbyflow","timestamp":"2025-07-06 18:43:22"}
{"level":"debug","message":"Broadcast to user_1751823784800 in call 9e26285c-f788-4200-93dc-fdfd651d59d3 via wss.clients","module":"server","service":"verbyflow","timestamp":"2025-07-06 18:43:22"}
{"level":"info","message":"[TRACE] Broadcast raw audio to 2 recipients in call 9e26285c-f788-4200-93dc-fdfd651d59d3","module":"server","service":"verbyflow","timestamp":"2025-07-06 18:43:22"}
{"level":"info","message":"[TRACE] No metadata found for binary message from user user_1751823791985, using defaults","module":"server","service":"verbyflow","timestamp":"2025-07-06 18:43:22"}
{"level":"info","message":"[TRACE] Received binary WebSocket message: 16539 bytes from user user_1751823791985 in call 9e26285c-f788-4200-93dc-fdfd651d59d3","module":"server","service":"verbyflow","timestamp":"2025-07-06 18:43:22"}
{"level":"info","message":"[TRACE] Broadcasting raw audio data to all clients in call 9e26285c-f788-4200-93dc-fdfd651d59d3, from user user_1751823791985","module":"server","service":"verbyflow","timestamp":"2025-07-06 18:43:22"}
{"level":"debug","message":"Broadcast to user_1751823784800 in call 9e26285c-f788-4200-93dc-fdfd651d59d3 via activeCallMap","module":"server","service":"verbyflow","timestamp":"2025-07-06 18:43:22"}
{"level":"debug","message":"Broadcast to user_1751823784800 in call 9e26285c-f788-4200-93dc-fdfd651d59d3 via wss.clients","module":"server","service":"verbyflow","timestamp":"2025-07-06 18:43:22"}
{"level":"info","message":"[TRACE] Broadcast raw audio to 2 recipients in call 9e26285c-f788-4200-93dc-fdfd651d59d3","module":"server","service":"verbyflow","timestamp":"2025-07-06 18:43:22"}
{"level":"info","message":"[TRACE] No metadata found for binary message from user user_1751823791985, using defaults","module":"server","service":"verbyflow","timestamp":"2025-07-06 18:43:22"}
{"level":"info","message":"[TRACE] Received binary WebSocket message: 122 bytes from user user_1751823791985 in call 9e26285c-f788-4200-93dc-fdfd651d59d3","module":"server","service":"verbyflow","timestamp":"2025-07-06 18:43:23"}
{"level":"info","message":"[TRACE] Broadcasting raw audio data to all clients in call 9e26285c-f788-4200-93dc-fdfd651d59d3, from user user_1751823791985","module":"server","service":"verbyflow","timestamp":"2025-07-06 18:43:23"}
{"level":"debug","message":"Broadcast to user_1751823784800 in call 9e26285c-f788-4200-93dc-fdfd651d59d3 via activeCallMap","module":"server","service":"verbyflow","timestamp":"2025-07-06 18:43:23"}
{"level":"debug","message":"Broadcast to user_1751823784800 in call 9e26285c-f788-4200-93dc-fdfd651d59d3 via wss.clients","module":"server","service":"verbyflow","timestamp":"2025-07-06 18:43:23"}
{"level":"info","message":"[TRACE] Broadcast raw audio to 2 recipients in call 9e26285c-f788-4200-93dc-fdfd651d59d3","module":"server","service":"verbyflow","timestamp":"2025-07-06 18:43:23"}
{"level":"info","message":"[TRACE] No metadata found for binary message from user user_1751823791985, using defaults","module":"server","service":"verbyflow","timestamp":"2025-07-06 18:43:23"}
{"level":"info","message":"[TRACE] Received binary WebSocket message: 16539 bytes from user user_1751823791985 in call 9e26285c-f788-4200-93dc-fdfd651d59d3","module":"server","service":"verbyflow","timestamp":"2025-07-06 18:43:23"}
{"level":"info","message":"[TRACE] Broadcasting raw audio data to all clients in call 9e26285c-f788-4200-93dc-fdfd651d59d3, from user user_1751823791985","module":"server","service":"verbyflow","timestamp":"2025-07-06 18:43:23"}
{"level":"debug","message":"Broadcast to user_1751823784800 in call 9e26285c-f788-4200-93dc-fdfd651d59d3 via activeCallMap","module":"server","service":"verbyflow","timestamp":"2025-07-06 18:43:23"}
{"level":"debug","message":"Broadcast to user_1751823784800 in call 9e26285c-f788-4200-93dc-fdfd651d59d3 via wss.clients","module":"server","service":"verbyflow","timestamp":"2025-07-06 18:43:23"}
{"level":"info","message":"[TRACE] Broadcast raw audio to 2 recipients in call 9e26285c-f788-4200-93dc-fdfd651d59d3","module":"server","service":"verbyflow","timestamp":"2025-07-06 18:43:23"}
{"level":"info","message":"[TRACE] No metadata found for binary message from user user_1751823791985, using defaults","module":"server","service":"verbyflow","timestamp":"2025-07-06 18:43:23"}
{"level":"debug","message":"Transcription completed successfully: \"you...\"","module":"whisper-service","service":"verbyflow","timestamp":"2025-07-06 18:43:24"}
{"level":"info","message":"[TRACE] Whisper API response received: {\"text\":\"you\",\"usage\":{\"type\":\"duration\",\"seconds\":0}}","module":"server","service":"verbyflow","timestamp":"2025-07-06 18:43:24"}
{"level":"info","message":"[TRACE] Successfully transcribed audio: \"you\"","module":"server","service":"verbyflow","timestamp":"2025-07-06 18:43:24"}
{"level":"info","message":"[TRACE] Broadcasting transcription to all WebSocket clients in call: 9e26285c-f788-4200-93dc-fdfd651d59d3","module":"server","service":"verbyflow","timestamp":"2025-07-06 18:43:24"}
{"level":"info","message":"[TRACE] Cleaning up temporary files","module":"server","service":"verbyflow","timestamp":"2025-07-06 18:43:24"}
{"level":"info","message":"[TRACE] Removed temp file: C:\\Users\\Jarvis\\Documents\\verby\\verbyflow\\backend\\temp\\user_1751823791985-7ae390b0-b502-4eb8-9ed5-d2113ae28328.webm","module":"server","service":"verbyflow","timestamp":"2025-07-06 18:43:24"}
{"level":"info","message":"[TRACE] Removed processed file: C:\\Users\\Jarvis\\Documents\\verby\\verbyflow\\backend\\temp\\user_1751823791985-7ae390b0-b502-4eb8-9ed5-d2113ae28328.wav","module":"server","service":"verbyflow","timestamp":"2025-07-06 18:43:24"}
{"level":"info","message":"[TRACE] Received binary WebSocket message: 123 bytes from user user_1751823791985 in call 9e26285c-f788-4200-93dc-fdfd651d59d3","module":"server","service":"verbyflow","timestamp":"2025-07-06 18:43:24"}
{"level":"info","message":"[TRACE] Broadcasting raw audio data to all clients in call 9e26285c-f788-4200-93dc-fdfd651d59d3, from user user_1751823791985","module":"server","service":"verbyflow","timestamp":"2025-07-06 18:43:24"}
{"level":"debug","message":"Broadcast to user_1751823784800 in call 9e26285c-f788-4200-93dc-fdfd651d59d3 via activeCallMap","module":"server","service":"verbyflow","timestamp":"2025-07-06 18:43:24"}
{"level":"debug","message":"Broadcast to user_1751823784800 in call 9e26285c-f788-4200-93dc-fdfd651d59d3 via wss.clients","module":"server","service":"verbyflow","timestamp":"2025-07-06 18:43:24"}
{"level":"info","message":"[TRACE] Broadcast raw audio to 2 recipients in call 9e26285c-f788-4200-93dc-fdfd651d59d3","module":"server","service":"verbyflow","timestamp":"2025-07-06 18:43:24"}
{"level":"info","message":"[TRACE] No metadata found for binary message from user user_1751823791985, using defaults","module":"server","service":"verbyflow","timestamp":"2025-07-06 18:43:24"}
{"level":"info","message":"[TRACE] Received binary WebSocket message: 16539 bytes from user user_1751823791985 in call 9e26285c-f788-4200-93dc-fdfd651d59d3","module":"server","service":"verbyflow","timestamp":"2025-07-06 18:43:24"}
{"level":"info","message":"[TRACE] Broadcasting raw audio data to all clients in call 9e26285c-f788-4200-93dc-fdfd651d59d3, from user user_1751823791985","module":"server","service":"verbyflow","timestamp":"2025-07-06 18:43:24"}
{"level":"debug","message":"Broadcast to user_1751823784800 in call 9e26285c-f788-4200-93dc-fdfd651d59d3 via activeCallMap","module":"server","service":"verbyflow","timestamp":"2025-07-06 18:43:24"}
{"level":"debug","message":"Broadcast to user_1751823784800 in call 9e26285c-f788-4200-93dc-fdfd651d59d3 via wss.clients","module":"server","service":"verbyflow","timestamp":"2025-07-06 18:43:24"}
{"level":"info","message":"[TRACE] Broadcast raw audio to 2 recipients in call 9e26285c-f788-4200-93dc-fdfd651d59d3","module":"server","service":"verbyflow","timestamp":"2025-07-06 18:43:24"}
{"level":"info","message":"[TRACE] No metadata found for binary message from user user_1751823791985, using defaults","module":"server","service":"verbyflow","timestamp":"2025-07-06 18:43:24"}
{"level":"info","message":"[TRACE] Received binary WebSocket message: 123 bytes from user user_1751823791985 in call 9e26285c-f788-4200-93dc-fdfd651d59d3","module":"server","service":"verbyflow","timestamp":"2025-07-06 18:43:25"}
{"level":"info","message":"[TRACE] Broadcasting raw audio data to all clients in call 9e26285c-f788-4200-93dc-fdfd651d59d3, from user user_1751823791985","module":"server","service":"verbyflow","timestamp":"2025-07-06 18:43:25"}
{"level":"debug","message":"Broadcast to user_1751823784800 in call 9e26285c-f788-4200-93dc-fdfd651d59d3 via activeCallMap","module":"server","service":"verbyflow","timestamp":"2025-07-06 18:43:25"}
{"level":"debug","message":"Broadcast to user_1751823784800 in call 9e26285c-f788-4200-93dc-fdfd651d59d3 via wss.clients","module":"server","service":"verbyflow","timestamp":"2025-07-06 18:43:25"}
{"level":"info","message":"[TRACE] Broadcast raw audio to 2 recipients in call 9e26285c-f788-4200-93dc-fdfd651d59d3","module":"server","service":"verbyflow","timestamp":"2025-07-06 18:43:25"}
{"level":"info","message":"[TRACE] No metadata found for binary message from user user_1751823791985, using defaults","module":"server","service":"verbyflow","timestamp":"2025-07-06 18:43:25"}
{"level":"info","message":"[TRACE] Received binary WebSocket message: 16539 bytes from user user_1751823791985 in call 9e26285c-f788-4200-93dc-fdfd651d59d3","module":"server","service":"verbyflow","timestamp":"2025-07-06 18:43:25"}
{"level":"info","message":"[TRACE] Broadcasting raw audio data to all clients in call 9e26285c-f788-4200-93dc-fdfd651d59d3, from user user_1751823791985","module":"server","service":"verbyflow","timestamp":"2025-07-06 18:43:25"}
{"level":"debug","message":"Broadcast to user_1751823784800 in call 9e26285c-f788-4200-93dc-fdfd651d59d3 via activeCallMap","module":"server","service":"verbyflow","timestamp":"2025-07-06 18:43:25"}
{"level":"debug","message":"Broadcast to user_1751823784800 in call 9e26285c-f788-4200-93dc-fdfd651d59d3 via wss.clients","module":"server","service":"verbyflow","timestamp":"2025-07-06 18:43:25"}
{"level":"info","message":"[TRACE] Broadcast raw audio to 2 recipients in call 9e26285c-f788-4200-93dc-fdfd651d59d3","module":"server","service":"verbyflow","timestamp":"2025-07-06 18:43:25"}
{"level":"info","message":"[TRACE] No metadata found for binary message from user user_1751823791985, using defaults","module":"server","service":"verbyflow","timestamp":"2025-07-06 18:43:25"}
{"level":"info","message":"[TRACE] Received binary WebSocket message: 123 bytes from user user_1751823791985 in call 9e26285c-f788-4200-93dc-fdfd651d59d3","module":"server","service":"verbyflow","timestamp":"2025-07-06 18:43:26"}
{"level":"info","message":"[TRACE] Broadcasting raw audio data to all clients in call 9e26285c-f788-4200-93dc-fdfd651d59d3, from user user_1751823791985","module":"server","service":"verbyflow","timestamp":"2025-07-06 18:43:26"}
{"level":"debug","message":"Broadcast to user_1751823784800 in call 9e26285c-f788-4200-93dc-fdfd651d59d3 via activeCallMap","module":"server","service":"verbyflow","timestamp":"2025-07-06 18:43:26"}
{"level":"debug","message":"Broadcast to user_1751823784800 in call 9e26285c-f788-4200-93dc-fdfd651d59d3 via wss.clients","module":"server","service":"verbyflow","timestamp":"2025-07-06 18:43:26"}
{"level":"info","message":"[TRACE] Broadcast raw audio to 2 recipients in call 9e26285c-f788-4200-93dc-fdfd651d59d3","module":"server","service":"verbyflow","timestamp":"2025-07-06 18:43:26"}
{"level":"info","message":"[TRACE] No metadata found for binary message from user user_1751823791985, using defaults","module":"server","service":"verbyflow","timestamp":"2025-07-06 18:43:26"}
{"level":"info","message":"[TRACE] Received binary WebSocket message: 16539 bytes from user user_1751823791985 in call 9e26285c-f788-4200-93dc-fdfd651d59d3","module":"server","service":"verbyflow","timestamp":"2025-07-06 18:43:26"}
{"level":"info","message":"[TRACE] Broadcasting raw audio data to all clients in call 9e26285c-f788-4200-93dc-fdfd651d59d3, from user user_1751823791985","module":"server","service":"verbyflow","timestamp":"2025-07-06 18:43:26"}
{"level":"debug","message":"Broadcast to user_1751823784800 in call 9e26285c-f788-4200-93dc-fdfd651d59d3 via activeCallMap","module":"server","service":"verbyflow","timestamp":"2025-07-06 18:43:26"}
{"level":"debug","message":"Broadcast to user_1751823784800 in call 9e26285c-f788-4200-93dc-fdfd651d59d3 via wss.clients","module":"server","service":"verbyflow","timestamp":"2025-07-06 18:43:26"}
{"level":"info","message":"[TRACE] Broadcast raw audio to 2 recipients in call 9e26285c-f788-4200-93dc-fdfd651d59d3","module":"server","service":"verbyflow","timestamp":"2025-07-06 18:43:26"}
{"level":"info","message":"[TRACE] No metadata found for binary message from user user_1751823791985, using defaults","module":"server","service":"verbyflow","timestamp":"2025-07-06 18:43:26"}
{"level":"info","message":"[TRACE] Received binary WebSocket message: 123 bytes from user user_1751823791985 in call 9e26285c-f788-4200-93dc-fdfd651d59d3","module":"server","service":"verbyflow","timestamp":"2025-07-06 18:43:27"}
{"level":"info","message":"[TRACE] Broadcasting raw audio data to all clients in call 9e26285c-f788-4200-93dc-fdfd651d59d3, from user user_1751823791985","module":"server","service":"verbyflow","timestamp":"2025-07-06 18:43:27"}
{"level":"debug","message":"Broadcast to user_1751823784800 in call 9e26285c-f788-4200-93dc-fdfd651d59d3 via activeCallMap","module":"server","service":"verbyflow","timestamp":"2025-07-06 18:43:27"}
{"level":"debug","message":"Broadcast to user_1751823784800 in call 9e26285c-f788-4200-93dc-fdfd651d59d3 via wss.clients","module":"server","service":"verbyflow","timestamp":"2025-07-06 18:43:27"}
{"level":"info","message":"[TRACE] Broadcast raw audio to 2 recipients in call 9e26285c-f788-4200-93dc-fdfd651d59d3","module":"server","service":"verbyflow","timestamp":"2025-07-06 18:43:27"}
{"level":"info","message":"[TRACE] No metadata found for binary message from user user_1751823791985, using defaults","module":"server","service":"verbyflow","timestamp":"2025-07-06 18:43:27"}
{"level":"info","message":"[TRACE] Received binary WebSocket message: 16539 bytes from user user_1751823791985 in call 9e26285c-f788-4200-93dc-fdfd651d59d3","module":"server","service":"verbyflow","timestamp":"2025-07-06 18:43:27"}
{"level":"info","message":"[TRACE] Broadcasting raw audio data to all clients in call 9e26285c-f788-4200-93dc-fdfd651d59d3, from user user_1751823791985","module":"server","service":"verbyflow","timestamp":"2025-07-06 18:43:27"}
{"level":"debug","message":"Broadcast to user_1751823784800 in call 9e26285c-f788-4200-93dc-fdfd651d59d3 via activeCallMap","module":"server","service":"verbyflow","timestamp":"2025-07-06 18:43:27"}
{"level":"debug","message":"Broadcast to user_1751823784800 in call 9e26285c-f788-4200-93dc-fdfd651d59d3 via wss.clients","module":"server","service":"verbyflow","timestamp":"2025-07-06 18:43:27"}
{"level":"info","message":"[TRACE] Broadcast raw audio to 2 recipients in call 9e26285c-f788-4200-93dc-fdfd651d59d3","module":"server","service":"verbyflow","timestamp":"2025-07-06 18:43:27"}
{"level":"info","message":"[TRACE] No metadata found for binary message from user user_1751823791985, using defaults","module":"server","service":"verbyflow","timestamp":"2025-07-06 18:43:27"}
{"level":"info","message":"[TRACE] Received binary WebSocket message: 123 bytes from user user_1751823791985 in call 9e26285c-f788-4200-93dc-fdfd651d59d3","module":"server","service":"verbyflow","timestamp":"2025-07-06 18:43:28"}
{"level":"info","message":"[TRACE] Broadcasting raw audio data to all clients in call 9e26285c-f788-4200-93dc-fdfd651d59d3, from user user_1751823791985","module":"server","service":"verbyflow","timestamp":"2025-07-06 18:43:28"}
{"level":"debug","message":"Broadcast to user_1751823784800 in call 9e26285c-f788-4200-93dc-fdfd651d59d3 via activeCallMap","module":"server","service":"verbyflow","timestamp":"2025-07-06 18:43:28"}
{"level":"debug","message":"Broadcast to user_1751823784800 in call 9e26285c-f788-4200-93dc-fdfd651d59d3 via wss.clients","module":"server","service":"verbyflow","timestamp":"2025-07-06 18:43:28"}
{"level":"info","message":"[TRACE] Broadcast raw audio to 2 recipients in call 9e26285c-f788-4200-93dc-fdfd651d59d3","module":"server","service":"verbyflow","timestamp":"2025-07-06 18:43:28"}
{"level":"info","message":"[TRACE] No metadata found for binary message from user user_1751823791985, using defaults","module":"server","service":"verbyflow","timestamp":"2025-07-06 18:43:28"}
{"level":"info","message":"[TRACE] Received binary WebSocket message: 16539 bytes from user user_1751823791985 in call 9e26285c-f788-4200-93dc-fdfd651d59d3","module":"server","service":"verbyflow","timestamp":"2025-07-06 18:43:28"}
{"level":"info","message":"[TRACE] Broadcasting raw audio data to all clients in call 9e26285c-f788-4200-93dc-fdfd651d59d3, from user user_1751823791985","module":"server","service":"verbyflow","timestamp":"2025-07-06 18:43:28"}
{"level":"debug","message":"Broadcast to user_1751823784800 in call 9e26285c-f788-4200-93dc-fdfd651d59d3 via activeCallMap","module":"server","service":"verbyflow","timestamp":"2025-07-06 18:43:28"}
{"level":"debug","message":"Broadcast to user_1751823784800 in call 9e26285c-f788-4200-93dc-fdfd651d59d3 via wss.clients","module":"server","service":"verbyflow","timestamp":"2025-07-06 18:43:28"}
{"level":"info","message":"[TRACE] Broadcast raw audio to 2 recipients in call 9e26285c-f788-4200-93dc-fdfd651d59d3","module":"server","service":"verbyflow","timestamp":"2025-07-06 18:43:28"}
{"level":"info","message":"[TRACE] No metadata found for binary message from user user_1751823791985, using defaults","module":"server","service":"verbyflow","timestamp":"2025-07-06 18:43:28"}
{"level":"info","message":"[TRACE] Received binary WebSocket message: 123 bytes from user user_1751823791985 in call 9e26285c-f788-4200-93dc-fdfd651d59d3","module":"server","service":"verbyflow","timestamp":"2025-07-06 18:43:29"}
{"level":"info","message":"[TRACE] Broadcasting raw audio data to all clients in call 9e26285c-f788-4200-93dc-fdfd651d59d3, from user user_1751823791985","module":"server","service":"verbyflow","timestamp":"2025-07-06 18:43:29"}
{"level":"debug","message":"Broadcast to user_1751823784800 in call 9e26285c-f788-4200-93dc-fdfd651d59d3 via activeCallMap","module":"server","service":"verbyflow","timestamp":"2025-07-06 18:43:29"}
{"level":"debug","message":"Broadcast to user_1751823784800 in call 9e26285c-f788-4200-93dc-fdfd651d59d3 via wss.clients","module":"server","service":"verbyflow","timestamp":"2025-07-06 18:43:29"}
{"level":"info","message":"[TRACE] Broadcast raw audio to 2 recipients in call 9e26285c-f788-4200-93dc-fdfd651d59d3","module":"server","service":"verbyflow","timestamp":"2025-07-06 18:43:29"}
{"level":"info","message":"[TRACE] No metadata found for binary message from user user_1751823791985, using defaults","module":"server","service":"verbyflow","timestamp":"2025-07-06 18:43:29"}
{"level":"info","message":"[TRACE] Received binary WebSocket message: 16539 bytes from user user_1751823791985 in call 9e26285c-f788-4200-93dc-fdfd651d59d3","module":"server","service":"verbyflow","timestamp":"2025-07-06 18:43:29"}
{"level":"info","message":"[TRACE] Broadcasting raw audio data to all clients in call 9e26285c-f788-4200-93dc-fdfd651d59d3, from user user_1751823791985","module":"server","service":"verbyflow","timestamp":"2025-07-06 18:43:29"}
{"level":"debug","message":"Broadcast to user_1751823784800 in call 9e26285c-f788-4200-93dc-fdfd651d59d3 via activeCallMap","module":"server","service":"verbyflow","timestamp":"2025-07-06 18:43:29"}
{"level":"debug","message":"Broadcast to user_1751823784800 in call 9e26285c-f788-4200-93dc-fdfd651d59d3 via wss.clients","module":"server","service":"verbyflow","timestamp":"2025-07-06 18:43:29"}
{"level":"info","message":"[TRACE] Broadcast raw audio to 2 recipients in call 9e26285c-f788-4200-93dc-fdfd651d59d3","module":"server","service":"verbyflow","timestamp":"2025-07-06 18:43:29"}
{"level":"info","message":"[TRACE] No metadata found for binary message from user user_1751823791985, using defaults","module":"server","service":"verbyflow","timestamp":"2025-07-06 18:43:29"}
{"level":"info","message":"[TRACE] Received binary WebSocket message: 123 bytes from user user_1751823791985 in call 9e26285c-f788-4200-93dc-fdfd651d59d3","module":"server","service":"verbyflow","timestamp":"2025-07-06 18:43:29"}
{"level":"info","message":"[TRACE] Broadcasting raw audio data to all clients in call 9e26285c-f788-4200-93dc-fdfd651d59d3, from user user_1751823791985","module":"server","service":"verbyflow","timestamp":"2025-07-06 18:43:29"}
{"level":"debug","message":"Broadcast to user_1751823784800 in call 9e26285c-f788-4200-93dc-fdfd651d59d3 via activeCallMap","module":"server","service":"verbyflow","timestamp":"2025-07-06 18:43:29"}
{"level":"debug","message":"Broadcast to user_1751823784800 in call 9e26285c-f788-4200-93dc-fdfd651d59d3 via wss.clients","module":"server","service":"verbyflow","timestamp":"2025-07-06 18:43:29"}
{"level":"info","message":"[TRACE] Broadcast raw audio to 2 recipients in call 9e26285c-f788-4200-93dc-fdfd651d59d3","module":"server","service":"verbyflow","timestamp":"2025-07-06 18:43:29"}
{"level":"info","message":"[TRACE] No metadata found for binary message from user user_1751823791985, using defaults","module":"server","service":"verbyflow","timestamp":"2025-07-06 18:43:29"}
{"level":"info","message":"[TRACE] Received binary WebSocket message: 3001 bytes from user user_1751823791985 in call 9e26285c-f788-4200-93dc-fdfd651d59d3","module":"server","service":"verbyflow","timestamp":"2025-07-06 18:43:30"}
{"level":"info","message":"[TRACE] Broadcasting raw audio data to all clients in call 9e26285c-f788-4200-93dc-fdfd651d59d3, from user user_1751823791985","module":"server","service":"verbyflow","timestamp":"2025-07-06 18:43:30"}
{"level":"debug","message":"Broadcast to user_1751823784800 in call 9e26285c-f788-4200-93dc-fdfd651d59d3 via activeCallMap","module":"server","service":"verbyflow","timestamp":"2025-07-06 18:43:30"}
{"level":"debug","message":"Broadcast to user_1751823784800 in call 9e26285c-f788-4200-93dc-fdfd651d59d3 via wss.clients","module":"server","service":"verbyflow","timestamp":"2025-07-06 18:43:30"}
{"level":"info","message":"[TRACE] Broadcast raw audio to 2 recipients in call 9e26285c-f788-4200-93dc-fdfd651d59d3","module":"server","service":"verbyflow","timestamp":"2025-07-06 18:43:30"}
{"level":"info","message":"[TRACE] No metadata found for binary message from user user_1751823791985, using defaults","module":"server","service":"verbyflow","timestamp":"2025-07-06 18:43:30"}
{"level":"info","message":"[TRACE] Received binary WebSocket message: 41 bytes from user user_1751823784800 in call 9e26285c-f788-4200-93dc-fdfd651d59d3","module":"server","service":"verbyflow","timestamp":"2025-07-06 18:43:35"}
{"level":"info","message":"[TRACE] Broadcasting raw audio data to all clients in call 9e26285c-f788-4200-93dc-fdfd651d59d3, from user user_1751823784800","module":"server","service":"verbyflow","timestamp":"2025-07-06 18:43:35"}
{"level":"debug","message":"Broadcast to user_1751823791985 in call 9e26285c-f788-4200-93dc-fdfd651d59d3 via activeCallMap","module":"server","service":"verbyflow","timestamp":"2025-07-06 18:43:35"}
{"level":"debug","message":"Broadcast to user_1751823791985 in call 9e26285c-f788-4200-93dc-fdfd651d59d3 via wss.clients","module":"server","service":"verbyflow","timestamp":"2025-07-06 18:43:35"}
{"level":"info","message":"[TRACE] Broadcast raw audio to 2 recipients in call 9e26285c-f788-4200-93dc-fdfd651d59d3","module":"server","service":"verbyflow","timestamp":"2025-07-06 18:43:35"}
{"level":"info","message":"[TRACE] No metadata found for binary message from user user_1751823784800, using defaults","module":"server","service":"verbyflow","timestamp":"2025-07-06 18:43:35"}
{"level":"info","message":"[TRACE] Initialized new audio buffer for user user_1751823784800","module":"server","service":"verbyflow","timestamp":"2025-07-06 18:43:35"}
{"level":"info","message":"[TRACE] Received binary WebSocket message: 41 bytes from user user_1751823791985 in call 9e26285c-f788-4200-93dc-fdfd651d59d3","module":"server","service":"verbyflow","timestamp":"2025-07-06 18:43:42"}
{"level":"info","message":"[TRACE] Broadcasting raw audio data to all clients in call 9e26285c-f788-4200-93dc-fdfd651d59d3, from user user_1751823791985","module":"server","service":"verbyflow","timestamp":"2025-07-06 18:43:42"}
{"level":"debug","message":"Broadcast to user_1751823784800 in call 9e26285c-f788-4200-93dc-fdfd651d59d3 via activeCallMap","module":"server","service":"verbyflow","timestamp":"2025-07-06 18:43:42"}
{"level":"debug","message":"Broadcast to user_1751823784800 in call 9e26285c-f788-4200-93dc-fdfd651d59d3 via wss.clients","module":"server","service":"verbyflow","timestamp":"2025-07-06 18:43:42"}
{"level":"info","message":"[TRACE] Broadcast raw audio to 2 recipients in call 9e26285c-f788-4200-93dc-fdfd651d59d3","module":"server","service":"verbyflow","timestamp":"2025-07-06 18:43:42"}
{"level":"info","message":"[TRACE] No metadata found for binary message from user user_1751823791985, using defaults","module":"server","service":"verbyflow","timestamp":"2025-07-06 18:43:42"}
{"level":"info","message":"[TRACE] Received binary WebSocket message: 41 bytes from user user_1751823784800 in call 9e26285c-f788-4200-93dc-fdfd651d59d3","module":"server","service":"verbyflow","timestamp":"2025-07-06 18:44:04"}
{"level":"info","message":"[TRACE] Broadcasting raw audio data to all clients in call 9e26285c-f788-4200-93dc-fdfd651d59d3, from user user_1751823784800","module":"server","service":"verbyflow","timestamp":"2025-07-06 18:44:04"}
{"level":"debug","message":"Broadcast to user_1751823791985 in call 9e26285c-f788-4200-93dc-fdfd651d59d3 via activeCallMap","module":"server","service":"verbyflow","timestamp":"2025-07-06 18:44:04"}
{"level":"debug","message":"Broadcast to user_1751823791985 in call 9e26285c-f788-4200-93dc-fdfd651d59d3 via wss.clients","module":"server","service":"verbyflow","timestamp":"2025-07-06 18:44:04"}
{"level":"info","message":"[TRACE] Broadcast raw audio to 2 recipients in call 9e26285c-f788-4200-93dc-fdfd651d59d3","module":"server","service":"verbyflow","timestamp":"2025-07-06 18:44:04"}
{"level":"info","message":"[TRACE] No metadata found for binary message from user user_1751823784800, using defaults","module":"server","service":"verbyflow","timestamp":"2025-07-06 18:44:04"}
{"level":"info","message":"[TRACE] Silence detected for user user_1751823784800 after 29421ms","module":"server","service":"verbyflow","timestamp":"2025-07-06 18:44:04"}
{"level":"info","message":"[TRACE] Buffer too small (82 bytes < 8000 bytes), skipping transcription","module":"server","service":"verbyflow","timestamp":"2025-07-06 18:44:04"}
{"level":"info","message":"[TRACE] Received binary WebSocket message: 41 bytes from user user_1751823791985 in call 9e26285c-f788-4200-93dc-fdfd651d59d3","module":"server","service":"verbyflow","timestamp":"2025-07-06 18:44:12"}
{"level":"info","message":"[TRACE] Broadcasting raw audio data to all clients in call 9e26285c-f788-4200-93dc-fdfd651d59d3, from user user_1751823791985","module":"server","service":"verbyflow","timestamp":"2025-07-06 18:44:12"}
{"level":"debug","message":"Broadcast to user_1751823784800 in call 9e26285c-f788-4200-93dc-fdfd651d59d3 via activeCallMap","module":"server","service":"verbyflow","timestamp":"2025-07-06 18:44:12"}
{"level":"debug","message":"Broadcast to user_1751823784800 in call 9e26285c-f788-4200-93dc-fdfd651d59d3 via wss.clients","module":"server","service":"verbyflow","timestamp":"2025-07-06 18:44:12"}
{"level":"info","message":"[TRACE] Broadcast raw audio to 2 recipients in call 9e26285c-f788-4200-93dc-fdfd651d59d3","module":"server","service":"verbyflow","timestamp":"2025-07-06 18:44:12"}
{"level":"info","message":"[TRACE] No metadata found for binary message from user user_1751823791985, using defaults","module":"server","service":"verbyflow","timestamp":"2025-07-06 18:44:12"}
{"level":"info","message":"[TRACE] Received binary WebSocket message: 41 bytes from user user_1751823784800 in call 9e26285c-f788-4200-93dc-fdfd651d59d3","module":"server","service":"verbyflow","timestamp":"2025-07-06 18:44:35"}
{"level":"info","message":"[TRACE] Broadcasting raw audio data to all clients in call 9e26285c-f788-4200-93dc-fdfd651d59d3, from user user_1751823784800","module":"server","service":"verbyflow","timestamp":"2025-07-06 18:44:35"}
{"level":"debug","message":"Broadcast to user_1751823791985 in call 9e26285c-f788-4200-93dc-fdfd651d59d3 via activeCallMap","module":"server","service":"verbyflow","timestamp":"2025-07-06 18:44:35"}
{"level":"debug","message":"Broadcast to user_1751823791985 in call 9e26285c-f788-4200-93dc-fdfd651d59d3 via wss.clients","module":"server","service":"verbyflow","timestamp":"2025-07-06 18:44:35"}
{"level":"info","message":"[TRACE] Broadcast raw audio to 2 recipients in call 9e26285c-f788-4200-93dc-fdfd651d59d3","module":"server","service":"verbyflow","timestamp":"2025-07-06 18:44:35"}
{"level":"info","message":"[TRACE] No metadata found for binary message from user user_1751823784800, using defaults","module":"server","service":"verbyflow","timestamp":"2025-07-06 18:44:35"}
{"level":"info","message":"[TRACE] Received binary WebSocket message: 41 bytes from user user_1751823791985 in call 9e26285c-f788-4200-93dc-fdfd651d59d3","module":"server","service":"verbyflow","timestamp":"2025-07-06 18:44:42"}
{"level":"info","message":"[TRACE] Broadcasting raw audio data to all clients in call 9e26285c-f788-4200-93dc-fdfd651d59d3, from user user_1751823791985","module":"server","service":"verbyflow","timestamp":"2025-07-06 18:44:42"}
{"level":"debug","message":"Broadcast to user_1751823784800 in call 9e26285c-f788-4200-93dc-fdfd651d59d3 via activeCallMap","module":"server","service":"verbyflow","timestamp":"2025-07-06 18:44:42"}
{"level":"debug","message":"Broadcast to user_1751823784800 in call 9e26285c-f788-4200-93dc-fdfd651d59d3 via wss.clients","module":"server","service":"verbyflow","timestamp":"2025-07-06 18:44:42"}
{"level":"info","message":"[TRACE] Broadcast raw audio to 2 recipients in call 9e26285c-f788-4200-93dc-fdfd651d59d3","module":"server","service":"verbyflow","timestamp":"2025-07-06 18:44:42"}
{"level":"info","message":"[TRACE] No metadata found for binary message from user user_1751823791985, using defaults","module":"server","service":"verbyflow","timestamp":"2025-07-06 18:44:42"}
{"level":"info","message":"[TRACE] Received binary WebSocket message: 41 bytes from user user_1751823784800 in call 9e26285c-f788-4200-93dc-fdfd651d59d3","module":"server","service":"verbyflow","timestamp":"2025-07-06 18:45:05"}
{"level":"info","message":"[TRACE] Broadcasting raw audio data to all clients in call 9e26285c-f788-4200-93dc-fdfd651d59d3, from user user_1751823784800","module":"server","service":"verbyflow","timestamp":"2025-07-06 18:45:05"}
{"level":"debug","message":"Broadcast to user_1751823791985 in call 9e26285c-f788-4200-93dc-fdfd651d59d3 via activeCallMap","module":"server","service":"verbyflow","timestamp":"2025-07-06 18:45:05"}
{"level":"debug","message":"Broadcast to user_1751823791985 in call 9e26285c-f788-4200-93dc-fdfd651d59d3 via wss.clients","module":"server","service":"verbyflow","timestamp":"2025-07-06 18:45:05"}
{"level":"info","message":"[TRACE] Broadcast raw audio to 2 recipients in call 9e26285c-f788-4200-93dc-fdfd651d59d3","module":"server","service":"verbyflow","timestamp":"2025-07-06 18:45:05"}
{"level":"info","message":"[TRACE] No metadata found for binary message from user user_1751823784800, using defaults","module":"server","service":"verbyflow","timestamp":"2025-07-06 18:45:05"}
{"level":"info","message":"[TRACE] Received binary WebSocket message: 41 bytes from user user_1751823791985 in call 9e26285c-f788-4200-93dc-fdfd651d59d3","module":"server","service":"verbyflow","timestamp":"2025-07-06 18:45:12"}
{"level":"info","message":"[TRACE] Broadcasting raw audio data to all clients in call 9e26285c-f788-4200-93dc-fdfd651d59d3, from user user_1751823791985","module":"server","service":"verbyflow","timestamp":"2025-07-06 18:45:12"}
{"level":"debug","message":"Broadcast to user_1751823784800 in call 9e26285c-f788-4200-93dc-fdfd651d59d3 via activeCallMap","module":"server","service":"verbyflow","timestamp":"2025-07-06 18:45:12"}
{"level":"debug","message":"Broadcast to user_1751823784800 in call 9e26285c-f788-4200-93dc-fdfd651d59d3 via wss.clients","module":"server","service":"verbyflow","timestamp":"2025-07-06 18:45:12"}
{"level":"info","message":"[TRACE] Broadcast raw audio to 2 recipients in call 9e26285c-f788-4200-93dc-fdfd651d59d3","module":"server","service":"verbyflow","timestamp":"2025-07-06 18:45:12"}
{"level":"info","message":"[TRACE] No metadata found for binary message from user user_1751823791985, using defaults","module":"server","service":"verbyflow","timestamp":"2025-07-06 18:45:12"}
{"level":"info","message":"WebSocket closed for user user_1751823784800 in call 9e26285c-f788-4200-93dc-fdfd651d59d3","module":"server","service":"verbyflow","timestamp":"2025-07-06 18:45:22"}
{"level":"info","message":"Removed user user_1751823784800 from call 9e26285c-f788-4200-93dc-fdfd651d59d3. Remaining participants: 1","module":"server","service":"verbyflow","timestamp":"2025-07-06 18:45:22"}
{"level":"debug","message":"Broadcast to user_1751823791985 in call 9e26285c-f788-4200-93dc-fdfd651d59d3 via activeCallMap","module":"server","service":"verbyflow","timestamp":"2025-07-06 18:45:22"}
{"level":"debug","message":"Broadcast to user_1751823791985 in call 9e26285c-f788-4200-93dc-fdfd651d59d3 via wss.clients","module":"server","service":"verbyflow","timestamp":"2025-07-06 18:45:22"}
{"level":"info","message":"[TRACE] WebSocket connection closed for user user_1751823784800 in call 9e26285c-f788-4200-93dc-fdfd651d59d3 with code 1005: ","module":"server","service":"verbyflow","timestamp":"2025-07-06 18:45:22"}
{"level":"info","message":"[TRACE] Active WebSocket connections remaining: 1","module":"server","service":"verbyflow","timestamp":"2025-07-06 18:45:22"}
{"level":"info","message":"[TRACE] WebSocket connection cleanup complete","module":"server","service":"verbyflow","timestamp":"2025-07-06 18:45:22"}
{"level":"info","message":"WebSocket closed for user user_1751823791985 in call 9e26285c-f788-4200-93dc-fdfd651d59d3","module":"server","service":"verbyflow","timestamp":"2025-07-06 18:45:23"}
{"level":"info","message":"Removed user user_1751823791985 from call 9e26285c-f788-4200-93dc-fdfd651d59d3. Remaining participants: 0","module":"server","service":"verbyflow","timestamp":"2025-07-06 18:45:23"}
{"level":"info","message":"Call 9e26285c-f788-4200-93dc-fdfd651d59d3 has no more participants, removing tracking","module":"server","service":"verbyflow","timestamp":"2025-07-06 18:45:23"}
{"level":"info","message":"[TRACE] WebSocket connection closed for user user_1751823791985 in call 9e26285c-f788-4200-93dc-fdfd651d59d3 with code 1005: ","module":"server","service":"verbyflow","timestamp":"2025-07-06 18:45:23"}
{"level":"info","message":"[TRACE] Active WebSocket connections remaining: 0","module":"server","service":"verbyflow","timestamp":"2025-07-06 18:45:23"}
{"level":"info","message":"[TRACE] WebSocket connection cleanup complete","module":"server","service":"verbyflow","timestamp":"2025-07-06 18:45:23"}
{"level":"info","message":"Raw WebSocket client connected: user_1751823784800 to call 9e26285c-f788-4200-93dc-fdfd651d59d3","module":"server","service":"verbyflow","timestamp":"2025-07-06 18:45:25"}
{"level":"info","message":"Added user user_1751823784800 to call 9e26285c-f788-4200-93dc-fdfd651d59d3. Total participants: 1","module":"server","service":"verbyflow","timestamp":"2025-07-06 18:45:25"}
{"level":"info","message":"Current clients in call 9e26285c-f788-4200-93dc-fdfd651d59d3 via wss.clients: user_1751823784800","module":"server","service":"verbyflow","timestamp":"2025-07-06 18:45:25"}
{"level":"info","message":"Raw WebSocket client connected: user_1751823791985 to call 9e26285c-f788-4200-93dc-fdfd651d59d3","module":"server","service":"verbyflow","timestamp":"2025-07-06 18:45:26"}
{"level":"info","message":"Added user user_1751823791985 to call 9e26285c-f788-4200-93dc-fdfd651d59d3. Total participants: 2","module":"server","service":"verbyflow","timestamp":"2025-07-06 18:45:26"}
{"level":"info","message":"Current clients in call 9e26285c-f788-4200-93dc-fdfd651d59d3 via wss.clients: user_1751823784800, user_1751823791985","module":"server","service":"verbyflow","timestamp":"2025-07-06 18:45:26"}
{"level":"debug","message":"Broadcast to user_1751823784800 in call 9e26285c-f788-4200-93dc-fdfd651d59d3 via activeCallMap","module":"server","service":"verbyflow","timestamp":"2025-07-06 18:45:26"}
{"level":"debug","message":"Broadcast to user_1751823784800 in call 9e26285c-f788-4200-93dc-fdfd651d59d3 via wss.clients","module":"server","service":"verbyflow","timestamp":"2025-07-06 18:45:26"}
{"level":"info","message":"WebSocket closed for user user_1751823784800 in call 9e26285c-f788-4200-93dc-fdfd651d59d3","module":"server","service":"verbyflow","timestamp":"2025-07-06 18:47:15"}
{"level":"info","message":"Removed user user_1751823784800 from call 9e26285c-f788-4200-93dc-fdfd651d59d3. Remaining participants: 1","module":"server","service":"verbyflow","timestamp":"2025-07-06 18:47:15"}
{"level":"debug","message":"Broadcast to user_1751823791985 in call 9e26285c-f788-4200-93dc-fdfd651d59d3 via activeCallMap","module":"server","service":"verbyflow","timestamp":"2025-07-06 18:47:15"}
{"level":"debug","message":"Broadcast to user_1751823791985 in call 9e26285c-f788-4200-93dc-fdfd651d59d3 via wss.clients","module":"server","service":"verbyflow","timestamp":"2025-07-06 18:47:15"}
{"level":"info","message":"[TRACE] WebSocket connection closed for user user_1751823784800 in call 9e26285c-f788-4200-93dc-fdfd651d59d3 with code 1001: ","module":"server","service":"verbyflow","timestamp":"2025-07-06 18:47:15"}
{"level":"info","message":"[TRACE] Active WebSocket connections remaining: 1","module":"server","service":"verbyflow","timestamp":"2025-07-06 18:47:15"}
{"level":"info","message":"[TRACE] WebSocket connection cleanup complete","module":"server","service":"verbyflow","timestamp":"2025-07-06 18:47:15"}
{"level":"info","message":"WebSocket closed for user user_1751823791985 in call 9e26285c-f788-4200-93dc-fdfd651d59d3","module":"server","service":"verbyflow","timestamp":"2025-07-06 18:47:15"}
{"level":"info","message":"Removed user user_1751823791985 from call 9e26285c-f788-4200-93dc-fdfd651d59d3. Remaining participants: 0","module":"server","service":"verbyflow","timestamp":"2025-07-06 18:47:15"}
{"level":"info","message":"Call 9e26285c-f788-4200-93dc-fdfd651d59d3 has no more participants, removing tracking","module":"server","service":"verbyflow","timestamp":"2025-07-06 18:47:15"}
{"level":"info","message":"[TRACE] WebSocket connection closed for user user_1751823791985 in call 9e26285c-f788-4200-93dc-fdfd651d59d3 with code 1001: ","module":"server","service":"verbyflow","timestamp":"2025-07-06 18:47:15"}
{"level":"info","message":"[TRACE] Active WebSocket connections remaining: 0","module":"server","service":"verbyflow","timestamp":"2025-07-06 18:47:15"}
{"level":"info","message":"[TRACE] WebSocket connection cleanup complete","module":"server","service":"verbyflow","timestamp":"2025-07-06 18:47:15"}
{"level":"info","message":"Created new call: 23115c4c-7ea6-4a87-bd48-bcb7c19f18ca by user user_1751824287759","module":"calls-api","service":"verbyflow","timestamp":"2025-07-06 18:51:27"}
{"level":"info","message":"Raw WebSocket client connected: user_1751824287759 to call 23115c4c-7ea6-4a87-bd48-bcb7c19f18ca","module":"server","service":"verbyflow","timestamp":"2025-07-06 18:51:27"}
{"level":"info","message":"Added user user_1751824287759 to call 23115c4c-7ea6-4a87-bd48-bcb7c19f18ca. Total participants: 1","module":"server","service":"verbyflow","timestamp":"2025-07-06 18:51:27"}
{"level":"info","message":"Current clients in call 23115c4c-7ea6-4a87-bd48-bcb7c19f18ca via wss.clients: user_1751824287759","module":"server","service":"verbyflow","timestamp":"2025-07-06 18:51:27"}
{"level":"debug","message":"Fetching call: 23115c4c-7ea6-4a87-bd48-bcb7c19f18ca","module":"calls-api","service":"verbyflow","timestamp":"2025-07-06 18:51:27"}
{"level":"info","message":"WebSocket closed for user user_1751824287759 in call 23115c4c-7ea6-4a87-bd48-bcb7c19f18ca","module":"server","service":"verbyflow","timestamp":"2025-07-06 18:51:27"}
{"level":"info","message":"Removed user user_1751824287759 from call 23115c4c-7ea6-4a87-bd48-bcb7c19f18ca. Remaining participants: 0","module":"server","service":"verbyflow","timestamp":"2025-07-06 18:51:27"}
{"level":"info","message":"Call 23115c4c-7ea6-4a87-bd48-bcb7c19f18ca has no more participants, removing tracking","module":"server","service":"verbyflow","timestamp":"2025-07-06 18:51:27"}
{"level":"info","message":"[TRACE] WebSocket connection closed for user user_1751824287759 in call 23115c4c-7ea6-4a87-bd48-bcb7c19f18ca with code 1000: Normal closure - setting up new connection","module":"server","service":"verbyflow","timestamp":"2025-07-06 18:51:27"}
{"level":"info","message":"[TRACE] Active WebSocket connections remaining: 0","module":"server","service":"verbyflow","timestamp":"2025-07-06 18:51:27"}
{"level":"info","message":"[TRACE] WebSocket connection cleanup complete","module":"server","service":"verbyflow","timestamp":"2025-07-06 18:51:27"}
{"level":"info","message":"Raw WebSocket client connected: user_1751824287821 to call 23115c4c-7ea6-4a87-bd48-bcb7c19f18ca","module":"server","service":"verbyflow","timestamp":"2025-07-06 18:51:27"}
{"level":"info","message":"Added user user_1751824287821 to call 23115c4c-7ea6-4a87-bd48-bcb7c19f18ca. Total participants: 1","module":"server","service":"verbyflow","timestamp":"2025-07-06 18:51:27"}
{"level":"info","message":"Current clients in call 23115c4c-7ea6-4a87-bd48-bcb7c19f18ca via wss.clients: user_1751824287821","module":"server","service":"verbyflow","timestamp":"2025-07-06 18:51:27"}
{"level":"debug","message":"Fetching call: 23115c4c-7ea6-4a87-bd48-bcb7c19f18ca","module":"calls-api","service":"verbyflow","timestamp":"2025-07-06 18:51:35"}
{"level":"info","message":"Raw WebSocket client connected: user_1751824295126 to call 23115c4c-7ea6-4a87-bd48-bcb7c19f18ca","module":"server","service":"verbyflow","timestamp":"2025-07-06 18:51:35"}
{"level":"info","message":"Added user user_1751824295126 to call 23115c4c-7ea6-4a87-bd48-bcb7c19f18ca. Total participants: 2","module":"server","service":"verbyflow","timestamp":"2025-07-06 18:51:35"}
{"level":"info","message":"Current clients in call 23115c4c-7ea6-4a87-bd48-bcb7c19f18ca via wss.clients: user_1751824287821, user_1751824295126","module":"server","service":"verbyflow","timestamp":"2025-07-06 18:51:35"}
{"level":"debug","message":"Broadcast to user_1751824287821 in call 23115c4c-7ea6-4a87-bd48-bcb7c19f18ca via activeCallMap","module":"server","service":"verbyflow","timestamp":"2025-07-06 18:51:35"}
{"level":"debug","message":"Broadcast to user_1751824287821 in call 23115c4c-7ea6-4a87-bd48-bcb7c19f18ca via wss.clients","module":"server","service":"verbyflow","timestamp":"2025-07-06 18:51:35"}
{"level":"debug","message":"Fetching call: 23115c4c-7ea6-4a87-bd48-bcb7c19f18ca","module":"calls-api","service":"verbyflow","timestamp":"2025-07-06 18:51:35"}
{"level":"info","message":"WebSocket closed for user user_1751824295126 in call 23115c4c-7ea6-4a87-bd48-bcb7c19f18ca","module":"server","service":"verbyflow","timestamp":"2025-07-06 18:51:35"}
{"level":"info","message":"Removed user user_1751824295126 from call 23115c4c-7ea6-4a87-bd48-bcb7c19f18ca. Remaining participants: 1","module":"server","service":"verbyflow","timestamp":"2025-07-06 18:51:35"}
{"level":"debug","message":"Broadcast to user_1751824287821 in call 23115c4c-7ea6-4a87-bd48-bcb7c19f18ca via activeCallMap","module":"server","service":"verbyflow","timestamp":"2025-07-06 18:51:35"}
{"level":"debug","message":"Broadcast to user_1751824287821 in call 23115c4c-7ea6-4a87-bd48-bcb7c19f18ca via wss.clients","module":"server","service":"verbyflow","timestamp":"2025-07-06 18:51:35"}
{"level":"info","message":"[TRACE] WebSocket connection closed for user user_1751824295126 in call 23115c4c-7ea6-4a87-bd48-bcb7c19f18ca with code 1000: Normal closure - setting up new connection","module":"server","service":"verbyflow","timestamp":"2025-07-06 18:51:35"}
{"level":"info","message":"[TRACE] Active WebSocket connections remaining: 1","module":"server","service":"verbyflow","timestamp":"2025-07-06 18:51:35"}
{"level":"info","message":"[TRACE] WebSocket connection cleanup complete","module":"server","service":"verbyflow","timestamp":"2025-07-06 18:51:35"}
{"level":"info","message":"Raw WebSocket client connected: user_1751824295428 to call 23115c4c-7ea6-4a87-bd48-bcb7c19f18ca","module":"server","service":"verbyflow","timestamp":"2025-07-06 18:51:35"}
{"level":"info","message":"Added user user_1751824295428 to call 23115c4c-7ea6-4a87-bd48-bcb7c19f18ca. Total participants: 2","module":"server","service":"verbyflow","timestamp":"2025-07-06 18:51:35"}
{"level":"info","message":"Current clients in call 23115c4c-7ea6-4a87-bd48-bcb7c19f18ca via wss.clients: user_1751824287821, user_1751824295428","module":"server","service":"verbyflow","timestamp":"2025-07-06 18:51:35"}
{"level":"debug","message":"Broadcast to user_1751824287821 in call 23115c4c-7ea6-4a87-bd48-bcb7c19f18ca via activeCallMap","module":"server","service":"verbyflow","timestamp":"2025-07-06 18:51:35"}
{"level":"debug","message":"Broadcast to user_1751824287821 in call 23115c4c-7ea6-4a87-bd48-bcb7c19f18ca via wss.clients","module":"server","service":"verbyflow","timestamp":"2025-07-06 18:51:35"}
{"level":"info","message":"[TRACE] Received binary WebSocket message: 123 bytes from user user_1751824295428 in call 23115c4c-7ea6-4a87-bd48-bcb7c19f18ca","module":"server","service":"verbyflow","timestamp":"2025-07-06 18:51:38"}
{"level":"info","message":"[TRACE] Broadcasting raw audio data to all clients in call 23115c4c-7ea6-4a87-bd48-bcb7c19f18ca, from user user_1751824295428","module":"server","service":"verbyflow","timestamp":"2025-07-06 18:51:38"}
{"level":"debug","message":"Broadcast to user_1751824287821 in call 23115c4c-7ea6-4a87-bd48-bcb7c19f18ca via activeCallMap","module":"server","service":"verbyflow","timestamp":"2025-07-06 18:51:38"}
{"level":"debug","message":"Broadcast to user_1751824287821 in call 23115c4c-7ea6-4a87-bd48-bcb7c19f18ca via wss.clients","module":"server","service":"verbyflow","timestamp":"2025-07-06 18:51:38"}
{"level":"info","message":"[TRACE] Broadcast raw audio to 2 recipients in call 23115c4c-7ea6-4a87-bd48-bcb7c19f18ca","module":"server","service":"verbyflow","timestamp":"2025-07-06 18:51:38"}
{"level":"info","message":"[TRACE] No metadata found for binary message from user user_1751824295428, using defaults","module":"server","service":"verbyflow","timestamp":"2025-07-06 18:51:38"}
{"level":"info","message":"[TRACE] Initialized new audio buffer for user user_1751824295428","module":"server","service":"verbyflow","timestamp":"2025-07-06 18:51:38"}
{"level":"info","message":"[TRACE] Received binary WebSocket message: 641 bytes from user user_1751824295428 in call 23115c4c-7ea6-4a87-bd48-bcb7c19f18ca","module":"server","service":"verbyflow","timestamp":"2025-07-06 18:51:38"}
{"level":"info","message":"[TRACE] Broadcasting raw audio data to all clients in call 23115c4c-7ea6-4a87-bd48-bcb7c19f18ca, from user user_1751824295428","module":"server","service":"verbyflow","timestamp":"2025-07-06 18:51:38"}
{"level":"debug","message":"Broadcast to user_1751824287821 in call 23115c4c-7ea6-4a87-bd48-bcb7c19f18ca via activeCallMap","module":"server","service":"verbyflow","timestamp":"2025-07-06 18:51:38"}
{"level":"debug","message":"Broadcast to user_1751824287821 in call 23115c4c-7ea6-4a87-bd48-bcb7c19f18ca via wss.clients","module":"server","service":"verbyflow","timestamp":"2025-07-06 18:51:38"}
{"level":"info","message":"[TRACE] Broadcast raw audio to 2 recipients in call 23115c4c-7ea6-4a87-bd48-bcb7c19f18ca","module":"server","service":"verbyflow","timestamp":"2025-07-06 18:51:38"}
{"level":"info","message":"[TRACE] No metadata found for binary message from user user_1751824295428, using defaults","module":"server","service":"verbyflow","timestamp":"2025-07-06 18:51:38"}
{"level":"info","message":"[TRACE] Received binary WebSocket message: 123 bytes from user user_1751824295428 in call 23115c4c-7ea6-4a87-bd48-bcb7c19f18ca","module":"server","service":"verbyflow","timestamp":"2025-07-06 18:51:39"}
{"level":"info","message":"[TRACE] Broadcasting raw audio data to all clients in call 23115c4c-7ea6-4a87-bd48-bcb7c19f18ca, from user user_1751824295428","module":"server","service":"verbyflow","timestamp":"2025-07-06 18:51:39"}
{"level":"debug","message":"Broadcast to user_1751824287821 in call 23115c4c-7ea6-4a87-bd48-bcb7c19f18ca via activeCallMap","module":"server","service":"verbyflow","timestamp":"2025-07-06 18:51:39"}
{"level":"debug","message":"Broadcast to user_1751824287821 in call 23115c4c-7ea6-4a87-bd48-bcb7c19f18ca via wss.clients","module":"server","service":"verbyflow","timestamp":"2025-07-06 18:51:39"}
{"level":"info","message":"[TRACE] Broadcast raw audio to 2 recipients in call 23115c4c-7ea6-4a87-bd48-bcb7c19f18ca","module":"server","service":"verbyflow","timestamp":"2025-07-06 18:51:39"}
{"level":"info","message":"[TRACE] No metadata found for binary message from user user_1751824295428, using defaults","module":"server","service":"verbyflow","timestamp":"2025-07-06 18:51:39"}
{"level":"info","message":"[TRACE] Received binary WebSocket message: 34045 bytes from user user_1751824295428 in call 23115c4c-7ea6-4a87-bd48-bcb7c19f18ca","module":"server","service":"verbyflow","timestamp":"2025-07-06 18:51:39"}
{"level":"info","message":"[TRACE] Broadcasting raw audio data to all clients in call 23115c4c-7ea6-4a87-bd48-bcb7c19f18ca, from user user_1751824295428","module":"server","service":"verbyflow","timestamp":"2025-07-06 18:51:39"}
{"level":"debug","message":"Broadcast to user_1751824287821 in call 23115c4c-7ea6-4a87-bd48-bcb7c19f18ca via activeCallMap","module":"server","service":"verbyflow","timestamp":"2025-07-06 18:51:39"}
{"level":"debug","message":"Broadcast to user_1751824287821 in call 23115c4c-7ea6-4a87-bd48-bcb7c19f18ca via wss.clients","module":"server","service":"verbyflow","timestamp":"2025-07-06 18:51:39"}
{"level":"info","message":"[TRACE] Broadcast raw audio to 2 recipients in call 23115c4c-7ea6-4a87-bd48-bcb7c19f18ca","module":"server","service":"verbyflow","timestamp":"2025-07-06 18:51:39"}
{"level":"info","message":"[TRACE] No metadata found for binary message from user user_1751824295428, using defaults","module":"server","service":"verbyflow","timestamp":"2025-07-06 18:51:39"}
{"level":"info","message":"[TRACE] Received binary WebSocket message: 123 bytes from user user_1751824295428 in call 23115c4c-7ea6-4a87-bd48-bcb7c19f18ca","module":"server","service":"verbyflow","timestamp":"2025-07-06 18:51:40"}
{"level":"info","message":"[TRACE] Broadcasting raw audio data to all clients in call 23115c4c-7ea6-4a87-bd48-bcb7c19f18ca, from user user_1751824295428","module":"server","service":"verbyflow","timestamp":"2025-07-06 18:51:40"}
{"level":"debug","message":"Broadcast to user_1751824287821 in call 23115c4c-7ea6-4a87-bd48-bcb7c19f18ca via activeCallMap","module":"server","service":"verbyflow","timestamp":"2025-07-06 18:51:40"}
{"level":"debug","message":"Broadcast to user_1751824287821 in call 23115c4c-7ea6-4a87-bd48-bcb7c19f18ca via wss.clients","module":"server","service":"verbyflow","timestamp":"2025-07-06 18:51:40"}
{"level":"info","message":"[TRACE] Broadcast raw audio to 2 recipients in call 23115c4c-7ea6-4a87-bd48-bcb7c19f18ca","module":"server","service":"verbyflow","timestamp":"2025-07-06 18:51:40"}
{"level":"info","message":"[TRACE] No metadata found for binary message from user user_1751824295428, using defaults","module":"server","service":"verbyflow","timestamp":"2025-07-06 18:51:40"}
{"level":"info","message":"[TRACE] Silence detected for user user_1751824295428 after 2033ms","module":"server","service":"verbyflow","timestamp":"2025-07-06 18:51:40"}
{"level":"info","message":"[TRACE] Processing buffered audio (35055 bytes) after natural pause","module":"server","service":"verbyflow","timestamp":"2025-07-06 18:51:40"}
{"level":"info","message":"[TRACE] Processing combined audio of 35055 bytes for transcription","module":"server","service":"verbyflow","timestamp":"2025-07-06 18:51:40"}
{"level":"info","message":"[TRACE] processAudioForTranscription started for user user_1751824295428 in call 23115c4c-7ea6-4a87-bd48-bcb7c19f18ca","module":"server","service":"verbyflow","timestamp":"2025-07-06 18:51:40"}
{"level":"info","message":"[TRACE] Audio data size: 35055 bytes, metadata: {\"type\":\"audio_data\",\"timestamp\":1751824300050,\"format\":\"webm\",\"mimeType\":\"audio/webm\"}","module":"server","service":"verbyflow","timestamp":"2025-07-06 18:51:40"}
{"level":"info","message":"[TRACE] Processing audio format: webm (audio/webm)","module":"server","service":"verbyflow","timestamp":"2025-07-06 18:51:40"}
{"level":"info","message":"[TRACE] Stored webm header (4096 bytes) for user user_1751824295428","module":"server","service":"verbyflow","timestamp":"2025-07-06 18:51:40"}
{"level":"info","message":"[TRACE] Saving audio data to temp file: C:\\Users\\Jarvis\\Documents\\verby\\verbyflow\\backend\\temp\\user_1751824295428-f5db758b-f7b7-474c-b477-5b809cc49cb2.webm","module":"server","service":"verbyflow","timestamp":"2025-07-06 18:51:40"}
{"level":"info","message":"[TRACE] Successfully wrote 35055 bytes to C:\\Users\\Jarvis\\Documents\\verby\\verbyflow\\backend\\temp\\user_1751824295428-f5db758b-f7b7-474c-b477-5b809cc49cb2.webm","module":"server","service":"verbyflow","timestamp":"2025-07-06 18:51:40"}
{"level":"info","message":"[TRACE] File stats: exists=true, size=35055 bytes","module":"server","service":"verbyflow","timestamp":"2025-07-06 18:51:40"}
{"level":"info","message":"[TRACE] Detecting audio format for C:\\Users\\Jarvis\\Documents\\verby\\verbyflow\\backend\\temp\\user_1751824295428-f5db758b-f7b7-474c-b477-5b809cc49cb2.webm","module":"server","service":"verbyflow","timestamp":"2025-07-06 18:51:40"}
{"level":"info","message":"[TRACE] Received binary WebSocket message: 16539 bytes from user user_1751824295428 in call 23115c4c-7ea6-4a87-bd48-bcb7c19f18ca","module":"server","service":"verbyflow","timestamp":"2025-07-06 18:51:40"}
{"level":"info","message":"[TRACE] Broadcasting raw audio data to all clients in call 23115c4c-7ea6-4a87-bd48-bcb7c19f18ca, from user user_1751824295428","module":"server","service":"verbyflow","timestamp":"2025-07-06 18:51:40"}
{"level":"debug","message":"Broadcast to user_1751824287821 in call 23115c4c-7ea6-4a87-bd48-bcb7c19f18ca via activeCallMap","module":"server","service":"verbyflow","timestamp":"2025-07-06 18:51:40"}
{"level":"debug","message":"Broadcast to user_1751824287821 in call 23115c4c-7ea6-4a87-bd48-bcb7c19f18ca via wss.clients","module":"server","service":"verbyflow","timestamp":"2025-07-06 18:51:40"}
{"level":"info","message":"[TRACE] Broadcast raw audio to 2 recipients in call 23115c4c-7ea6-4a87-bd48-bcb7c19f18ca","module":"server","service":"verbyflow","timestamp":"2025-07-06 18:51:40"}
{"level":"info","message":"[TRACE] No metadata found for binary message from user user_1751824295428, using defaults","module":"server","service":"verbyflow","timestamp":"2025-07-06 18:51:40"}
{"level":"warn","message":"Failed to detect format using ffprobe: Command failed: \"C:\\Users\\Jarvis\\Documents\\verby\\verbyflow\\backend\\node_modules\\ffprobe-static\\ffmpeg.exe\" -v error -show_entries format=format_name -of default=noprint_wrappers=1:nokey=1 \"C:\\Users\\Jarvis\\Documents\\verby\\verbyflow\\backend\\temp\\user_1751824295428-f5db758b-f7b7-474c-b477-5b809cc49cb2.webm\"\nThe system cannot find the path specified.\r\n","module":"audio-utils","service":"verbyflow","timestamp":"2025-07-06 18:51:40"}
{"level":"info","message":"[TRACE] Detected audio format: webm","module":"server","service":"verbyflow","timestamp":"2025-07-06 18:51:40"}
{"level":"debug","message":"Using file extension to determine format: webm","module":"audio-utils","service":"verbyflow","timestamp":"2025-07-06 18:51:40"}
{"level":"debug","message":"Converting webm format to WAV format for Whisper API","module":"audio-utils","service":"verbyflow","timestamp":"2025-07-06 18:51:40"}
{"level":"info","message":"Running Whisper-compatible conversion command: \"C:\\Users\\Jarvis\\Documents\\verby\\verbyflow\\backend\\node_modules\\ffmpeg-static\\ffmpeg.exe\" -i \"C:\\Users\\Jarvis\\Documents\\verby\\verbyflow\\backend\\temp\\user_1751824295428-f5db758b-f7b7-474c-b477-5b809cc49cb2.webm.webm\" -acodec pcm_s16le -ac 1 -ar 16000 \"C:\\Users\\Jarvis\\Documents\\verby\\verbyflow\\backend\\temp\\user_1751824295428-f5db758b-f7b7-474c-b477-5b809cc49cb2.wav\" -y","module":"audio-utils","service":"verbyflow","timestamp":"2025-07-06 18:51:40"}
{"level":"info","message":"[TRACE] Converting audio format if needed","module":"server","service":"verbyflow","timestamp":"2025-07-06 18:51:40"}
{"level":"error","message":"Error in primary conversion method: Command failed: \"C:\\Users\\Jarvis\\Documents\\verby\\verbyflow\\backend\\node_modules\\ffmpeg-static\\ffmpeg.exe\" -i \"C:\\Users\\Jarvis\\Documents\\verby\\verbyflow\\backend\\temp\\user_1751824295428-f5db758b-f7b7-474c-b477-5b809cc49cb2.webm.webm\" -acodec pcm_s16le -ac 1 -ar 16000 \"C:\\Users\\Jarvis\\Documents\\verby\\verbyflow\\backend\\temp\\user_1751824295428-f5db758b-f7b7-474c-b477-5b809cc49cb2.wav\" -y\nffmpeg version 6.0-essentials_build-www.gyan.dev Copyright (c) 2000-2023 the FFmpeg developers\r\n  built with gcc 12.2.0 (Rev10, Built by MSYS2 project)\r\n  configuration: --enable-gpl --enable-version3 --enable-static --disable-w32threads --disable-autodetect --enable-fontconfig --enable-iconv --enable-gnutls --enable-libxml2 --enable-gmp --enable-bzlib --enable-lzma --enable-zlib --enable-libsrt --enable-libssh --enable-libzmq --enable-avisynth --enable-sdl2 --enable-libwebp --enable-libx264 --enable-libx265 --enable-libxvid --enable-libaom --enable-libopenjpeg --enable-libvpx --enable-mediafoundation --enable-libass --enable-libfreetype --enable-libfribidi --enable-libvidstab --enable-libvmaf --enable-libzimg --enable-amf --enable-cuda-llvm --enable-cuvid --enable-ffnvcodec --enable-nvdec --enable-nvenc --enable-d3d11va --enable-dxva2 --enable-libvpl --enable-libgme --enable-libopenmpt --enable-libopencore-amrwb --enable-libmp3lame --enable-libtheora --enable-libvo-amrwbenc --enable-libgsm --enable-libopencore-amrnb --enable-libopus --enable-libspeex --enable-libvorbis --enable-librubberband\r\n  libavutil      58.  2.100 / 58.  2.100\r\n  libavcodec     60.  3.100 / 60.  3.100\r\n  libavformat    60.  3.100 / 60.  3.100\r\n  libavdevice    60.  1.100 / 60.  1.100\r\n  libavfilter     9.  3.100 /  9.  3.100\r\n  libswscale      7.  1.100 /  7.  1.100\r\n  libswresample   4. 10.100 /  4. 10.100\r\n  libpostproc    57.  1.100 / 57.  1.100\r\n[matroska,webm @ 000001b1264a14c0] Format matroska,webm detected only with low score of 1, misdetection possible!\r\n[matroska,webm @ 000001b1264a14c0] EBML header parsing failed\r\nC:\\Users\\Jarvis\\Documents\\verby\\verbyflow\\backend\\temp\\user_1751824295428-f5db758b-f7b7-474c-b477-5b809cc49cb2.webm.webm: Invalid data found when processing input\r\n","module":"audio-utils","service":"verbyflow","timestamp":"2025-07-06 18:51:40"}
{"level":"info","message":"Attempting alternative WebM conversion approach","module":"audio-utils","service":"verbyflow","timestamp":"2025-07-06 18:51:40"}
{"level":"error","message":"Alternative conversion failed: Command failed: \"C:\\Users\\Jarvis\\Documents\\verby\\verbyflow\\backend\\node_modules\\ffmpeg-static\\ffmpeg.exe\" -i \"C:\\Users\\Jarvis\\Documents\\verby\\verbyflow\\backend\\temp\\user_1751824295428-f5db758b-f7b7-474c-b477-5b809cc49cb2.webm\" -f s16le -acodec pcm_s16le -ac 1 -ar 16000 \"C:\\Users\\Jarvis\\Documents\\verby\\verbyflow\\backend\\temp\\user_1751824295428-f5db758b-f7b7-474c-b477-5b809cc49cb2.webm.pcm\" -y\nffmpeg version 6.0-essentials_build-www.gyan.dev Copyright (c) 2000-2023 the FFmpeg developers\r\n  built with gcc 12.2.0 (Rev10, Built by MSYS2 project)\r\n  configuration: --enable-gpl --enable-version3 --enable-static --disable-w32threads --disable-autodetect --enable-fontconfig --enable-iconv --enable-gnutls --enable-libxml2 --enable-gmp --enable-bzlib --enable-lzma --enable-zlib --enable-libsrt --enable-libssh --enable-libzmq --enable-avisynth --enable-sdl2 --enable-libwebp --enable-libx264 --enable-libx265 --enable-libxvid --enable-libaom --enable-libopenjpeg --enable-libvpx --enable-mediafoundation --enable-libass --enable-libfreetype --enable-libfribidi --enable-libvidstab --enable-libvmaf --enable-libzimg --enable-amf --enable-cuda-llvm --enable-cuvid --enable-ffnvcodec --enable-nvdec --enable-nvenc --enable-d3d11va --enable-dxva2 --enable-libvpl --enable-libgme --enable-libopenmpt --enable-libopencore-amrwb --enable-libmp3lame --enable-libtheora --enable-libvo-amrwbenc --enable-libgsm --enable-libopencore-amrnb --enable-libopus --enable-libspeex --enable-libvorbis --enable-librubberband\r\n  libavutil      58.  2.100 / 58.  2.100\r\n  libavcodec     60.  3.100 / 60.  3.100\r\n  libavformat    60.  3.100 / 60.  3.100\r\n  libavdevice    60.  1.100 / 60.  1.100\r\n  libavfilter     9.  3.100 /  9.  3.100\r\n  libswscale      7.  1.100 /  7.  1.100\r\n  libswresample   4. 10.100 /  4. 10.100\r\n  libpostproc    57.  1.100 / 57.  1.100\r\n[matroska,webm @ 0000022e40cd1500] Format matroska,webm detected only with low score of 1, misdetection possible!\r\n[matroska,webm @ 0000022e40cd1500] EBML header parsing failed\r\nC:\\Users\\Jarvis\\Documents\\verby\\verbyflow\\backend\\temp\\user_1751824295428-f5db758b-f7b7-474c-b477-5b809cc49cb2.webm: Invalid data found when processing input\r\n","module":"audio-utils","service":"verbyflow","timestamp":"2025-07-06 18:51:40"}
{"level":"warn","message":"Trying final conversion approach with format forcing","module":"audio-utils","service":"verbyflow","timestamp":"2025-07-06 18:51:40"}
{"level":"error","message":"Final conversion attempt failed: Command failed: \"C:\\Users\\Jarvis\\Documents\\verby\\verbyflow\\backend\\node_modules\\ffmpeg-static\\ffmpeg.exe\" -f webm -i \"C:\\Users\\Jarvis\\Documents\\verby\\verbyflow\\backend\\temp\\user_1751824295428-f5db758b-f7b7-474c-b477-5b809cc49cb2.webm\" -acodec pcm_s16le -ac 1 -ar 16000 \"C:\\Users\\Jarvis\\Documents\\verby\\verbyflow\\backend\\temp\\user_1751824295428-f5db758b-f7b7-474c-b477-5b809cc49cb2.wav\" -y\nffmpeg version 6.0-essentials_build-www.gyan.dev Copyright (c) 2000-2023 the FFmpeg developers\r\n  built with gcc 12.2.0 (Rev10, Built by MSYS2 project)\r\n  configuration: --enable-gpl --enable-version3 --enable-static --disable-w32threads --disable-autodetect --enable-fontconfig --enable-iconv --enable-gnutls --enable-libxml2 --enable-gmp --enable-bzlib --enable-lzma --enable-zlib --enable-libsrt --enable-libssh --enable-libzmq --enable-avisynth --enable-sdl2 --enable-libwebp --enable-libx264 --enable-libx265 --enable-libxvid --enable-libaom --enable-libopenjpeg --enable-libvpx --enable-mediafoundation --enable-libass --enable-libfreetype --enable-libfribidi --enable-libvidstab --enable-libvmaf --enable-libzimg --enable-amf --enable-cuda-llvm --enable-cuvid --enable-ffnvcodec --enable-nvdec --enable-nvenc --enable-d3d11va --enable-dxva2 --enable-libvpl --enable-libgme --enable-libopenmpt --enable-libopencore-amrwb --enable-libmp3lame --enable-libtheora --enable-libvo-amrwbenc --enable-libgsm --enable-libopencore-amrnb --enable-libopus --enable-libspeex --enable-libvorbis --enable-librubberband\r\n  libavutil      58.  2.100 / 58.  2.100\r\n  libavcodec     60.  3.100 / 60.  3.100\r\n  libavformat    60.  3.100 / 60.  3.100\r\n  libavdevice    60.  1.100 / 60.  1.100\r\n  libavfilter     9.  3.100 /  9.  3.100\r\n  libswscale      7.  1.100 /  7.  1.100\r\n  libswresample   4. 10.100 /  4. 10.100\r\n  libpostproc    57.  1.100 / 57.  1.100\r\n[matroska,webm @ 0000016353341580] EBML header parsing failed\r\nC:\\Users\\Jarvis\\Documents\\verby\\verbyflow\\backend\\temp\\user_1751824295428-f5db758b-f7b7-474c-b477-5b809cc49cb2.webm: Invalid data found when processing input\r\n","module":"audio-utils","service":"verbyflow","timestamp":"2025-07-06 18:51:40"}
{"level":"warn","message":"Creating test WAV file for debugging purposes","module":"audio-utils","service":"verbyflow","timestamp":"2025-07-06 18:51:40"}
{"level":"warn","message":"Using silent test WAV file for debugging","module":"audio-utils","service":"verbyflow","timestamp":"2025-07-06 18:51:40"}
{"level":"info","message":"[TRACE] Processed file path: C:\\Users\\Jarvis\\Documents\\verby\\verbyflow\\backend\\temp\\user_1751824295428-f5db758b-f7b7-474c-b477-5b809cc49cb2.wav, is converted=true","module":"server","service":"verbyflow","timestamp":"2025-07-06 18:51:40"}
{"level":"debug","message":"Transcribing audio file: user_1751824295428-f5db758b-f7b7-474c-b477-5b809cc49cb2.wav (32078 bytes)","module":"whisper-service","service":"verbyflow","timestamp":"2025-07-06 18:51:40"}
{"level":"info","message":"[TRACE] Calling Whisper API for transcription with file: C:\\Users\\Jarvis\\Documents\\verby\\verbyflow\\backend\\temp\\user_1751824295428-f5db758b-f7b7-474c-b477-5b809cc49cb2.wav","module":"server","service":"verbyflow","timestamp":"2025-07-06 18:51:40"}
{"level":"info","message":"Using API key starting with: sk-proj-nt... (length: 164)","module":"whisper-service","service":"verbyflow","timestamp":"2025-07-06 18:51:40"}
{"level":"info","message":"[TRACE] Received binary WebSocket message: 122 bytes from user user_1751824295428 in call 23115c4c-7ea6-4a87-bd48-bcb7c19f18ca","module":"server","service":"verbyflow","timestamp":"2025-07-06 18:51:41"}
{"level":"info","message":"[TRACE] Broadcasting raw audio data to all clients in call 23115c4c-7ea6-4a87-bd48-bcb7c19f18ca, from user user_1751824295428","module":"server","service":"verbyflow","timestamp":"2025-07-06 18:51:41"}
{"level":"debug","message":"Broadcast to user_1751824287821 in call 23115c4c-7ea6-4a87-bd48-bcb7c19f18ca via activeCallMap","module":"server","service":"verbyflow","timestamp":"2025-07-06 18:51:41"}
{"level":"debug","message":"Broadcast to user_1751824287821 in call 23115c4c-7ea6-4a87-bd48-bcb7c19f18ca via wss.clients","module":"server","service":"verbyflow","timestamp":"2025-07-06 18:51:41"}
{"level":"info","message":"[TRACE] Broadcast raw audio to 2 recipients in call 23115c4c-7ea6-4a87-bd48-bcb7c19f18ca","module":"server","service":"verbyflow","timestamp":"2025-07-06 18:51:41"}
{"level":"info","message":"[TRACE] No metadata found for binary message from user user_1751824295428, using defaults","module":"server","service":"verbyflow","timestamp":"2025-07-06 18:51:41"}
{"level":"info","message":"[TRACE] Received binary WebSocket message: 16539 bytes from user user_1751824295428 in call 23115c4c-7ea6-4a87-bd48-bcb7c19f18ca","module":"server","service":"verbyflow","timestamp":"2025-07-06 18:51:41"}
{"level":"info","message":"[TRACE] Broadcasting raw audio data to all clients in call 23115c4c-7ea6-4a87-bd48-bcb7c19f18ca, from user user_1751824295428","module":"server","service":"verbyflow","timestamp":"2025-07-06 18:51:41"}
{"level":"debug","message":"Broadcast to user_1751824287821 in call 23115c4c-7ea6-4a87-bd48-bcb7c19f18ca via activeCallMap","module":"server","service":"verbyflow","timestamp":"2025-07-06 18:51:41"}
{"level":"debug","message":"Broadcast to user_1751824287821 in call 23115c4c-7ea6-4a87-bd48-bcb7c19f18ca via wss.clients","module":"server","service":"verbyflow","timestamp":"2025-07-06 18:51:41"}
{"level":"info","message":"[TRACE] Broadcast raw audio to 2 recipients in call 23115c4c-7ea6-4a87-bd48-bcb7c19f18ca","module":"server","service":"verbyflow","timestamp":"2025-07-06 18:51:41"}
{"level":"info","message":"[TRACE] No metadata found for binary message from user user_1751824295428, using defaults","module":"server","service":"verbyflow","timestamp":"2025-07-06 18:51:41"}
{"level":"info","message":"[TRACE] Received binary WebSocket message: 123 bytes from user user_1751824295428 in call 23115c4c-7ea6-4a87-bd48-bcb7c19f18ca","module":"server","service":"verbyflow","timestamp":"2025-07-06 18:51:42"}
{"level":"info","message":"[TRACE] Broadcasting raw audio data to all clients in call 23115c4c-7ea6-4a87-bd48-bcb7c19f18ca, from user user_1751824295428","module":"server","service":"verbyflow","timestamp":"2025-07-06 18:51:42"}
{"level":"debug","message":"Broadcast to user_1751824287821 in call 23115c4c-7ea6-4a87-bd48-bcb7c19f18ca via activeCallMap","module":"server","service":"verbyflow","timestamp":"2025-07-06 18:51:42"}
{"level":"debug","message":"Broadcast to user_1751824287821 in call 23115c4c-7ea6-4a87-bd48-bcb7c19f18ca via wss.clients","module":"server","service":"verbyflow","timestamp":"2025-07-06 18:51:42"}
{"level":"info","message":"[TRACE] Broadcast raw audio to 2 recipients in call 23115c4c-7ea6-4a87-bd48-bcb7c19f18ca","module":"server","service":"verbyflow","timestamp":"2025-07-06 18:51:42"}
{"level":"info","message":"[TRACE] No metadata found for binary message from user user_1751824295428, using defaults","module":"server","service":"verbyflow","timestamp":"2025-07-06 18:51:42"}
{"level":"info","message":"[TRACE] Received binary WebSocket message: 16539 bytes from user user_1751824295428 in call 23115c4c-7ea6-4a87-bd48-bcb7c19f18ca","module":"server","service":"verbyflow","timestamp":"2025-07-06 18:51:42"}
{"level":"info","message":"[TRACE] Broadcasting raw audio data to all clients in call 23115c4c-7ea6-4a87-bd48-bcb7c19f18ca, from user user_1751824295428","module":"server","service":"verbyflow","timestamp":"2025-07-06 18:51:42"}
{"level":"debug","message":"Broadcast to user_1751824287821 in call 23115c4c-7ea6-4a87-bd48-bcb7c19f18ca via activeCallMap","module":"server","service":"verbyflow","timestamp":"2025-07-06 18:51:42"}
{"level":"debug","message":"Broadcast to user_1751824287821 in call 23115c4c-7ea6-4a87-bd48-bcb7c19f18ca via wss.clients","module":"server","service":"verbyflow","timestamp":"2025-07-06 18:51:42"}
{"level":"info","message":"[TRACE] Broadcast raw audio to 2 recipients in call 23115c4c-7ea6-4a87-bd48-bcb7c19f18ca","module":"server","service":"verbyflow","timestamp":"2025-07-06 18:51:42"}
{"level":"info","message":"[TRACE] No metadata found for binary message from user user_1751824295428, using defaults","module":"server","service":"verbyflow","timestamp":"2025-07-06 18:51:42"}
{"level":"debug","message":"Transcription completed successfully: \"you...\"","module":"whisper-service","service":"verbyflow","timestamp":"2025-07-06 18:51:42"}
{"level":"info","message":"[TRACE] Whisper API response received: {\"text\":\"you\",\"usage\":{\"type\":\"duration\",\"seconds\":1}}","module":"server","service":"verbyflow","timestamp":"2025-07-06 18:51:42"}
{"level":"info","message":"[TRACE] Successfully transcribed audio: \"you\"","module":"server","service":"verbyflow","timestamp":"2025-07-06 18:51:42"}
{"level":"info","message":"[TRACE] Broadcasting transcription to all WebSocket clients in call: 23115c4c-7ea6-4a87-bd48-bcb7c19f18ca","module":"server","service":"verbyflow","timestamp":"2025-07-06 18:51:42"}
{"level":"info","message":"[TRACE] Cleaning up temporary files","module":"server","service":"verbyflow","timestamp":"2025-07-06 18:51:42"}
{"level":"info","message":"[TRACE] Removed temp file: C:\\Users\\Jarvis\\Documents\\verby\\verbyflow\\backend\\temp\\user_1751824295428-f5db758b-f7b7-474c-b477-5b809cc49cb2.webm","module":"server","service":"verbyflow","timestamp":"2025-07-06 18:51:42"}
{"level":"info","message":"[TRACE] Removed processed file: C:\\Users\\Jarvis\\Documents\\verby\\verbyflow\\backend\\temp\\user_1751824295428-f5db758b-f7b7-474c-b477-5b809cc49cb2.wav","module":"server","service":"verbyflow","timestamp":"2025-07-06 18:51:42"}
{"level":"info","message":"[TRACE] Received binary WebSocket message: 123 bytes from user user_1751824295428 in call 23115c4c-7ea6-4a87-bd48-bcb7c19f18ca","module":"server","service":"verbyflow","timestamp":"2025-07-06 18:51:43"}
{"level":"info","message":"[TRACE] Broadcasting raw audio data to all clients in call 23115c4c-7ea6-4a87-bd48-bcb7c19f18ca, from user user_1751824295428","module":"server","service":"verbyflow","timestamp":"2025-07-06 18:51:43"}
{"level":"debug","message":"Broadcast to user_1751824287821 in call 23115c4c-7ea6-4a87-bd48-bcb7c19f18ca via activeCallMap","module":"server","service":"verbyflow","timestamp":"2025-07-06 18:51:43"}
{"level":"debug","message":"Broadcast to user_1751824287821 in call 23115c4c-7ea6-4a87-bd48-bcb7c19f18ca via wss.clients","module":"server","service":"verbyflow","timestamp":"2025-07-06 18:51:43"}
{"level":"info","message":"[TRACE] Broadcast raw audio to 2 recipients in call 23115c4c-7ea6-4a87-bd48-bcb7c19f18ca","module":"server","service":"verbyflow","timestamp":"2025-07-06 18:51:43"}
{"level":"info","message":"[TRACE] No metadata found for binary message from user user_1751824295428, using defaults","module":"server","service":"verbyflow","timestamp":"2025-07-06 18:51:43"}
{"level":"info","message":"[TRACE] Received binary WebSocket message: 16539 bytes from user user_1751824295428 in call 23115c4c-7ea6-4a87-bd48-bcb7c19f18ca","module":"server","service":"verbyflow","timestamp":"2025-07-06 18:51:43"}
{"level":"info","message":"[TRACE] Broadcasting raw audio data to all clients in call 23115c4c-7ea6-4a87-bd48-bcb7c19f18ca, from user user_1751824295428","module":"server","service":"verbyflow","timestamp":"2025-07-06 18:51:43"}
{"level":"debug","message":"Broadcast to user_1751824287821 in call 23115c4c-7ea6-4a87-bd48-bcb7c19f18ca via activeCallMap","module":"server","service":"verbyflow","timestamp":"2025-07-06 18:51:43"}
{"level":"debug","message":"Broadcast to user_1751824287821 in call 23115c4c-7ea6-4a87-bd48-bcb7c19f18ca via wss.clients","module":"server","service":"verbyflow","timestamp":"2025-07-06 18:51:43"}
{"level":"info","message":"[TRACE] Broadcast raw audio to 2 recipients in call 23115c4c-7ea6-4a87-bd48-bcb7c19f18ca","module":"server","service":"verbyflow","timestamp":"2025-07-06 18:51:43"}
{"level":"info","message":"[TRACE] No metadata found for binary message from user user_1751824295428, using defaults","module":"server","service":"verbyflow","timestamp":"2025-07-06 18:51:43"}
{"level":"info","message":"[TRACE] Received binary WebSocket message: 123 bytes from user user_1751824295428 in call 23115c4c-7ea6-4a87-bd48-bcb7c19f18ca","module":"server","service":"verbyflow","timestamp":"2025-07-06 18:51:44"}
{"level":"info","message":"[TRACE] Broadcasting raw audio data to all clients in call 23115c4c-7ea6-4a87-bd48-bcb7c19f18ca, from user user_1751824295428","module":"server","service":"verbyflow","timestamp":"2025-07-06 18:51:44"}
{"level":"debug","message":"Broadcast to user_1751824287821 in call 23115c4c-7ea6-4a87-bd48-bcb7c19f18ca via activeCallMap","module":"server","service":"verbyflow","timestamp":"2025-07-06 18:51:44"}
{"level":"debug","message":"Broadcast to user_1751824287821 in call 23115c4c-7ea6-4a87-bd48-bcb7c19f18ca via wss.clients","module":"server","service":"verbyflow","timestamp":"2025-07-06 18:51:44"}
{"level":"info","message":"[TRACE] Broadcast raw audio to 2 recipients in call 23115c4c-7ea6-4a87-bd48-bcb7c19f18ca","module":"server","service":"verbyflow","timestamp":"2025-07-06 18:51:44"}
{"level":"info","message":"[TRACE] No metadata found for binary message from user user_1751824295428, using defaults","module":"server","service":"verbyflow","timestamp":"2025-07-06 18:51:44"}
{"level":"info","message":"[TRACE] Received binary WebSocket message: 16539 bytes from user user_1751824295428 in call 23115c4c-7ea6-4a87-bd48-bcb7c19f18ca","module":"server","service":"verbyflow","timestamp":"2025-07-06 18:51:44"}
{"level":"info","message":"[TRACE] Broadcasting raw audio data to all clients in call 23115c4c-7ea6-4a87-bd48-bcb7c19f18ca, from user user_1751824295428","module":"server","service":"verbyflow","timestamp":"2025-07-06 18:51:44"}
{"level":"debug","message":"Broadcast to user_1751824287821 in call 23115c4c-7ea6-4a87-bd48-bcb7c19f18ca via activeCallMap","module":"server","service":"verbyflow","timestamp":"2025-07-06 18:51:44"}
{"level":"debug","message":"Broadcast to user_1751824287821 in call 23115c4c-7ea6-4a87-bd48-bcb7c19f18ca via wss.clients","module":"server","service":"verbyflow","timestamp":"2025-07-06 18:51:44"}
{"level":"info","message":"[TRACE] Broadcast raw audio to 2 recipients in call 23115c4c-7ea6-4a87-bd48-bcb7c19f18ca","module":"server","service":"verbyflow","timestamp":"2025-07-06 18:51:44"}
{"level":"info","message":"[TRACE] No metadata found for binary message from user user_1751824295428, using defaults","module":"server","service":"verbyflow","timestamp":"2025-07-06 18:51:44"}
{"level":"info","message":"[TRACE] Received binary WebSocket message: 122 bytes from user user_1751824295428 in call 23115c4c-7ea6-4a87-bd48-bcb7c19f18ca","module":"server","service":"verbyflow","timestamp":"2025-07-06 18:51:45"}
{"level":"info","message":"[TRACE] Broadcasting raw audio data to all clients in call 23115c4c-7ea6-4a87-bd48-bcb7c19f18ca, from user user_1751824295428","module":"server","service":"verbyflow","timestamp":"2025-07-06 18:51:45"}
{"level":"debug","message":"Broadcast to user_1751824287821 in call 23115c4c-7ea6-4a87-bd48-bcb7c19f18ca via activeCallMap","module":"server","service":"verbyflow","timestamp":"2025-07-06 18:51:45"}
{"level":"debug","message":"Broadcast to user_1751824287821 in call 23115c4c-7ea6-4a87-bd48-bcb7c19f18ca via wss.clients","module":"server","service":"verbyflow","timestamp":"2025-07-06 18:51:45"}
{"level":"info","message":"[TRACE] Broadcast raw audio to 2 recipients in call 23115c4c-7ea6-4a87-bd48-bcb7c19f18ca","module":"server","service":"verbyflow","timestamp":"2025-07-06 18:51:45"}
{"level":"info","message":"[TRACE] No metadata found for binary message from user user_1751824295428, using defaults","module":"server","service":"verbyflow","timestamp":"2025-07-06 18:51:45"}
{"level":"info","message":"[TRACE] Received binary WebSocket message: 16539 bytes from user user_1751824295428 in call 23115c4c-7ea6-4a87-bd48-bcb7c19f18ca","module":"server","service":"verbyflow","timestamp":"2025-07-06 18:51:45"}
{"level":"info","message":"[TRACE] Broadcasting raw audio data to all clients in call 23115c4c-7ea6-4a87-bd48-bcb7c19f18ca, from user user_1751824295428","module":"server","service":"verbyflow","timestamp":"2025-07-06 18:51:45"}
{"level":"debug","message":"Broadcast to user_1751824287821 in call 23115c4c-7ea6-4a87-bd48-bcb7c19f18ca via activeCallMap","module":"server","service":"verbyflow","timestamp":"2025-07-06 18:51:45"}
{"level":"debug","message":"Broadcast to user_1751824287821 in call 23115c4c-7ea6-4a87-bd48-bcb7c19f18ca via wss.clients","module":"server","service":"verbyflow","timestamp":"2025-07-06 18:51:45"}
{"level":"info","message":"[TRACE] Broadcast raw audio to 2 recipients in call 23115c4c-7ea6-4a87-bd48-bcb7c19f18ca","module":"server","service":"verbyflow","timestamp":"2025-07-06 18:51:45"}
{"level":"info","message":"[TRACE] No metadata found for binary message from user user_1751824295428, using defaults","module":"server","service":"verbyflow","timestamp":"2025-07-06 18:51:45"}
{"level":"info","message":"[TRACE] Received binary WebSocket message: 123 bytes from user user_1751824295428 in call 23115c4c-7ea6-4a87-bd48-bcb7c19f18ca","module":"server","service":"verbyflow","timestamp":"2025-07-06 18:51:46"}
{"level":"info","message":"[TRACE] Broadcasting raw audio data to all clients in call 23115c4c-7ea6-4a87-bd48-bcb7c19f18ca, from user user_1751824295428","module":"server","service":"verbyflow","timestamp":"2025-07-06 18:51:46"}
{"level":"debug","message":"Broadcast to user_1751824287821 in call 23115c4c-7ea6-4a87-bd48-bcb7c19f18ca via activeCallMap","module":"server","service":"verbyflow","timestamp":"2025-07-06 18:51:46"}
{"level":"debug","message":"Broadcast to user_1751824287821 in call 23115c4c-7ea6-4a87-bd48-bcb7c19f18ca via wss.clients","module":"server","service":"verbyflow","timestamp":"2025-07-06 18:51:46"}
{"level":"info","message":"[TRACE] Broadcast raw audio to 2 recipients in call 23115c4c-7ea6-4a87-bd48-bcb7c19f18ca","module":"server","service":"verbyflow","timestamp":"2025-07-06 18:51:46"}
{"level":"info","message":"[TRACE] No metadata found for binary message from user user_1751824295428, using defaults","module":"server","service":"verbyflow","timestamp":"2025-07-06 18:51:46"}
{"level":"info","message":"[TRACE] Received binary WebSocket message: 16539 bytes from user user_1751824295428 in call 23115c4c-7ea6-4a87-bd48-bcb7c19f18ca","module":"server","service":"verbyflow","timestamp":"2025-07-06 18:51:46"}
{"level":"info","message":"[TRACE] Broadcasting raw audio data to all clients in call 23115c4c-7ea6-4a87-bd48-bcb7c19f18ca, from user user_1751824295428","module":"server","service":"verbyflow","timestamp":"2025-07-06 18:51:46"}
{"level":"debug","message":"Broadcast to user_1751824287821 in call 23115c4c-7ea6-4a87-bd48-bcb7c19f18ca via activeCallMap","module":"server","service":"verbyflow","timestamp":"2025-07-06 18:51:46"}
{"level":"debug","message":"Broadcast to user_1751824287821 in call 23115c4c-7ea6-4a87-bd48-bcb7c19f18ca via wss.clients","module":"server","service":"verbyflow","timestamp":"2025-07-06 18:51:46"}
{"level":"info","message":"[TRACE] Broadcast raw audio to 2 recipients in call 23115c4c-7ea6-4a87-bd48-bcb7c19f18ca","module":"server","service":"verbyflow","timestamp":"2025-07-06 18:51:46"}
{"level":"info","message":"[TRACE] No metadata found for binary message from user user_1751824295428, using defaults","module":"server","service":"verbyflow","timestamp":"2025-07-06 18:51:46"}
{"level":"info","message":"[TRACE] Received binary WebSocket message: 123 bytes from user user_1751824295428 in call 23115c4c-7ea6-4a87-bd48-bcb7c19f18ca","module":"server","service":"verbyflow","timestamp":"2025-07-06 18:51:47"}
{"level":"info","message":"[TRACE] Broadcasting raw audio data to all clients in call 23115c4c-7ea6-4a87-bd48-bcb7c19f18ca, from user user_1751824295428","module":"server","service":"verbyflow","timestamp":"2025-07-06 18:51:47"}
{"level":"debug","message":"Broadcast to user_1751824287821 in call 23115c4c-7ea6-4a87-bd48-bcb7c19f18ca via activeCallMap","module":"server","service":"verbyflow","timestamp":"2025-07-06 18:51:47"}
{"level":"debug","message":"Broadcast to user_1751824287821 in call 23115c4c-7ea6-4a87-bd48-bcb7c19f18ca via wss.clients","module":"server","service":"verbyflow","timestamp":"2025-07-06 18:51:47"}
{"level":"info","message":"[TRACE] Broadcast raw audio to 2 recipients in call 23115c4c-7ea6-4a87-bd48-bcb7c19f18ca","module":"server","service":"verbyflow","timestamp":"2025-07-06 18:51:47"}
{"level":"info","message":"[TRACE] No metadata found for binary message from user user_1751824295428, using defaults","module":"server","service":"verbyflow","timestamp":"2025-07-06 18:51:47"}
{"level":"info","message":"[TRACE] Received binary WebSocket message: 16539 bytes from user user_1751824295428 in call 23115c4c-7ea6-4a87-bd48-bcb7c19f18ca","module":"server","service":"verbyflow","timestamp":"2025-07-06 18:51:47"}
{"level":"info","message":"[TRACE] Broadcasting raw audio data to all clients in call 23115c4c-7ea6-4a87-bd48-bcb7c19f18ca, from user user_1751824295428","module":"server","service":"verbyflow","timestamp":"2025-07-06 18:51:47"}
{"level":"debug","message":"Broadcast to user_1751824287821 in call 23115c4c-7ea6-4a87-bd48-bcb7c19f18ca via activeCallMap","module":"server","service":"verbyflow","timestamp":"2025-07-06 18:51:47"}
{"level":"debug","message":"Broadcast to user_1751824287821 in call 23115c4c-7ea6-4a87-bd48-bcb7c19f18ca via wss.clients","module":"server","service":"verbyflow","timestamp":"2025-07-06 18:51:47"}
{"level":"info","message":"[TRACE] Broadcast raw audio to 2 recipients in call 23115c4c-7ea6-4a87-bd48-bcb7c19f18ca","module":"server","service":"verbyflow","timestamp":"2025-07-06 18:51:47"}
{"level":"info","message":"[TRACE] No metadata found for binary message from user user_1751824295428, using defaults","module":"server","service":"verbyflow","timestamp":"2025-07-06 18:51:47"}
{"level":"info","message":"[TRACE] Received binary WebSocket message: 123 bytes from user user_1751824295428 in call 23115c4c-7ea6-4a87-bd48-bcb7c19f18ca","module":"server","service":"verbyflow","timestamp":"2025-07-06 18:51:48"}
{"level":"info","message":"[TRACE] Broadcasting raw audio data to all clients in call 23115c4c-7ea6-4a87-bd48-bcb7c19f18ca, from user user_1751824295428","module":"server","service":"verbyflow","timestamp":"2025-07-06 18:51:48"}
{"level":"debug","message":"Broadcast to user_1751824287821 in call 23115c4c-7ea6-4a87-bd48-bcb7c19f18ca via activeCallMap","module":"server","service":"verbyflow","timestamp":"2025-07-06 18:51:48"}
{"level":"debug","message":"Broadcast to user_1751824287821 in call 23115c4c-7ea6-4a87-bd48-bcb7c19f18ca via wss.clients","module":"server","service":"verbyflow","timestamp":"2025-07-06 18:51:48"}
{"level":"info","message":"[TRACE] Broadcast raw audio to 2 recipients in call 23115c4c-7ea6-4a87-bd48-bcb7c19f18ca","module":"server","service":"verbyflow","timestamp":"2025-07-06 18:51:48"}
{"level":"info","message":"[TRACE] No metadata found for binary message from user user_1751824295428, using defaults","module":"server","service":"verbyflow","timestamp":"2025-07-06 18:51:48"}
{"level":"info","message":"[TRACE] Received binary WebSocket message: 16539 bytes from user user_1751824295428 in call 23115c4c-7ea6-4a87-bd48-bcb7c19f18ca","module":"server","service":"verbyflow","timestamp":"2025-07-06 18:51:48"}
{"level":"info","message":"[TRACE] Broadcasting raw audio data to all clients in call 23115c4c-7ea6-4a87-bd48-bcb7c19f18ca, from user user_1751824295428","module":"server","service":"verbyflow","timestamp":"2025-07-06 18:51:48"}
{"level":"debug","message":"Broadcast to user_1751824287821 in call 23115c4c-7ea6-4a87-bd48-bcb7c19f18ca via activeCallMap","module":"server","service":"verbyflow","timestamp":"2025-07-06 18:51:48"}
{"level":"debug","message":"Broadcast to user_1751824287821 in call 23115c4c-7ea6-4a87-bd48-bcb7c19f18ca via wss.clients","module":"server","service":"verbyflow","timestamp":"2025-07-06 18:51:48"}
{"level":"info","message":"[TRACE] Broadcast raw audio to 2 recipients in call 23115c4c-7ea6-4a87-bd48-bcb7c19f18ca","module":"server","service":"verbyflow","timestamp":"2025-07-06 18:51:48"}
{"level":"info","message":"[TRACE] No metadata found for binary message from user user_1751824295428, using defaults","module":"server","service":"verbyflow","timestamp":"2025-07-06 18:51:48"}
{"level":"info","message":"[TRACE] Received binary WebSocket message: 123 bytes from user user_1751824295428 in call 23115c4c-7ea6-4a87-bd48-bcb7c19f18ca","module":"server","service":"verbyflow","timestamp":"2025-07-06 18:51:49"}
{"level":"info","message":"[TRACE] Broadcasting raw audio data to all clients in call 23115c4c-7ea6-4a87-bd48-bcb7c19f18ca, from user user_1751824295428","module":"server","service":"verbyflow","timestamp":"2025-07-06 18:51:49"}
{"level":"debug","message":"Broadcast to user_1751824287821 in call 23115c4c-7ea6-4a87-bd48-bcb7c19f18ca via activeCallMap","module":"server","service":"verbyflow","timestamp":"2025-07-06 18:51:49"}
{"level":"debug","message":"Broadcast to user_1751824287821 in call 23115c4c-7ea6-4a87-bd48-bcb7c19f18ca via wss.clients","module":"server","service":"verbyflow","timestamp":"2025-07-06 18:51:49"}
{"level":"info","message":"[TRACE] Broadcast raw audio to 2 recipients in call 23115c4c-7ea6-4a87-bd48-bcb7c19f18ca","module":"server","service":"verbyflow","timestamp":"2025-07-06 18:51:49"}
{"level":"info","message":"[TRACE] No metadata found for binary message from user user_1751824295428, using defaults","module":"server","service":"verbyflow","timestamp":"2025-07-06 18:51:49"}
{"level":"info","message":"[TRACE] Received binary WebSocket message: 16539 bytes from user user_1751824295428 in call 23115c4c-7ea6-4a87-bd48-bcb7c19f18ca","module":"server","service":"verbyflow","timestamp":"2025-07-06 18:51:49"}
{"level":"info","message":"[TRACE] Broadcasting raw audio data to all clients in call 23115c4c-7ea6-4a87-bd48-bcb7c19f18ca, from user user_1751824295428","module":"server","service":"verbyflow","timestamp":"2025-07-06 18:51:49"}
{"level":"debug","message":"Broadcast to user_1751824287821 in call 23115c4c-7ea6-4a87-bd48-bcb7c19f18ca via activeCallMap","module":"server","service":"verbyflow","timestamp":"2025-07-06 18:51:49"}
{"level":"debug","message":"Broadcast to user_1751824287821 in call 23115c4c-7ea6-4a87-bd48-bcb7c19f18ca via wss.clients","module":"server","service":"verbyflow","timestamp":"2025-07-06 18:51:49"}
{"level":"info","message":"[TRACE] Broadcast raw audio to 2 recipients in call 23115c4c-7ea6-4a87-bd48-bcb7c19f18ca","module":"server","service":"verbyflow","timestamp":"2025-07-06 18:51:49"}
{"level":"info","message":"[TRACE] No metadata found for binary message from user user_1751824295428, using defaults","module":"server","service":"verbyflow","timestamp":"2025-07-06 18:51:49"}
{"level":"info","message":"[TRACE] Received binary WebSocket message: 122 bytes from user user_1751824295428 in call 23115c4c-7ea6-4a87-bd48-bcb7c19f18ca","module":"server","service":"verbyflow","timestamp":"2025-07-06 18:51:50"}
{"level":"info","message":"[TRACE] Broadcasting raw audio data to all clients in call 23115c4c-7ea6-4a87-bd48-bcb7c19f18ca, from user user_1751824295428","module":"server","service":"verbyflow","timestamp":"2025-07-06 18:51:50"}
{"level":"debug","message":"Broadcast to user_1751824287821 in call 23115c4c-7ea6-4a87-bd48-bcb7c19f18ca via activeCallMap","module":"server","service":"verbyflow","timestamp":"2025-07-06 18:51:50"}
{"level":"debug","message":"Broadcast to user_1751824287821 in call 23115c4c-7ea6-4a87-bd48-bcb7c19f18ca via wss.clients","module":"server","service":"verbyflow","timestamp":"2025-07-06 18:51:50"}
{"level":"info","message":"[TRACE] Broadcast raw audio to 2 recipients in call 23115c4c-7ea6-4a87-bd48-bcb7c19f18ca","module":"server","service":"verbyflow","timestamp":"2025-07-06 18:51:50"}
{"level":"info","message":"[TRACE] No metadata found for binary message from user user_1751824295428, using defaults","module":"server","service":"verbyflow","timestamp":"2025-07-06 18:51:50"}
{"level":"info","message":"[TRACE] Received binary WebSocket message: 16539 bytes from user user_1751824295428 in call 23115c4c-7ea6-4a87-bd48-bcb7c19f18ca","module":"server","service":"verbyflow","timestamp":"2025-07-06 18:51:50"}
{"level":"info","message":"[TRACE] Broadcasting raw audio data to all clients in call 23115c4c-7ea6-4a87-bd48-bcb7c19f18ca, from user user_1751824295428","module":"server","service":"verbyflow","timestamp":"2025-07-06 18:51:50"}
{"level":"debug","message":"Broadcast to user_1751824287821 in call 23115c4c-7ea6-4a87-bd48-bcb7c19f18ca via activeCallMap","module":"server","service":"verbyflow","timestamp":"2025-07-06 18:51:50"}
{"level":"debug","message":"Broadcast to user_1751824287821 in call 23115c4c-7ea6-4a87-bd48-bcb7c19f18ca via wss.clients","module":"server","service":"verbyflow","timestamp":"2025-07-06 18:51:50"}
{"level":"info","message":"[TRACE] Broadcast raw audio to 2 recipients in call 23115c4c-7ea6-4a87-bd48-bcb7c19f18ca","module":"server","service":"verbyflow","timestamp":"2025-07-06 18:51:50"}
{"level":"info","message":"[TRACE] No metadata found for binary message from user user_1751824295428, using defaults","module":"server","service":"verbyflow","timestamp":"2025-07-06 18:51:50"}
{"level":"info","message":"[TRACE] Received binary WebSocket message: 123 bytes from user user_1751824295428 in call 23115c4c-7ea6-4a87-bd48-bcb7c19f18ca","module":"server","service":"verbyflow","timestamp":"2025-07-06 18:51:50"}
{"level":"info","message":"[TRACE] Broadcasting raw audio data to all clients in call 23115c4c-7ea6-4a87-bd48-bcb7c19f18ca, from user user_1751824295428","module":"server","service":"verbyflow","timestamp":"2025-07-06 18:51:50"}
{"level":"debug","message":"Broadcast to user_1751824287821 in call 23115c4c-7ea6-4a87-bd48-bcb7c19f18ca via activeCallMap","module":"server","service":"verbyflow","timestamp":"2025-07-06 18:51:50"}
{"level":"debug","message":"Broadcast to user_1751824287821 in call 23115c4c-7ea6-4a87-bd48-bcb7c19f18ca via wss.clients","module":"server","service":"verbyflow","timestamp":"2025-07-06 18:51:50"}
{"level":"info","message":"[TRACE] Broadcast raw audio to 2 recipients in call 23115c4c-7ea6-4a87-bd48-bcb7c19f18ca","module":"server","service":"verbyflow","timestamp":"2025-07-06 18:51:50"}
{"level":"info","message":"[TRACE] No metadata found for binary message from user user_1751824295428, using defaults","module":"server","service":"verbyflow","timestamp":"2025-07-06 18:51:50"}
{"level":"info","message":"[TRACE] Received binary WebSocket message: 3001 bytes from user user_1751824295428 in call 23115c4c-7ea6-4a87-bd48-bcb7c19f18ca","module":"server","service":"verbyflow","timestamp":"2025-07-06 18:51:50"}
{"level":"info","message":"[TRACE] Broadcasting raw audio data to all clients in call 23115c4c-7ea6-4a87-bd48-bcb7c19f18ca, from user user_1751824295428","module":"server","service":"verbyflow","timestamp":"2025-07-06 18:51:50"}
{"level":"debug","message":"Broadcast to user_1751824287821 in call 23115c4c-7ea6-4a87-bd48-bcb7c19f18ca via activeCallMap","module":"server","service":"verbyflow","timestamp":"2025-07-06 18:51:50"}
{"level":"debug","message":"Broadcast to user_1751824287821 in call 23115c4c-7ea6-4a87-bd48-bcb7c19f18ca via wss.clients","module":"server","service":"verbyflow","timestamp":"2025-07-06 18:51:50"}
{"level":"info","message":"[TRACE] Broadcast raw audio to 2 recipients in call 23115c4c-7ea6-4a87-bd48-bcb7c19f18ca","module":"server","service":"verbyflow","timestamp":"2025-07-06 18:51:50"}
{"level":"info","message":"[TRACE] No metadata found for binary message from user user_1751824295428, using defaults","module":"server","service":"verbyflow","timestamp":"2025-07-06 18:51:50"}
{"level":"info","message":"[TRACE] Received binary WebSocket message: 41 bytes from user user_1751824287821 in call 23115c4c-7ea6-4a87-bd48-bcb7c19f18ca","module":"server","service":"verbyflow","timestamp":"2025-07-06 18:51:57"}
{"level":"info","message":"[TRACE] Broadcasting raw audio data to all clients in call 23115c4c-7ea6-4a87-bd48-bcb7c19f18ca, from user user_1751824287821","module":"server","service":"verbyflow","timestamp":"2025-07-06 18:51:57"}
{"level":"debug","message":"Broadcast to user_1751824295428 in call 23115c4c-7ea6-4a87-bd48-bcb7c19f18ca via activeCallMap","module":"server","service":"verbyflow","timestamp":"2025-07-06 18:51:57"}
{"level":"debug","message":"Broadcast to user_1751824295428 in call 23115c4c-7ea6-4a87-bd48-bcb7c19f18ca via wss.clients","module":"server","service":"verbyflow","timestamp":"2025-07-06 18:51:57"}
{"level":"info","message":"[TRACE] Broadcast raw audio to 2 recipients in call 23115c4c-7ea6-4a87-bd48-bcb7c19f18ca","module":"server","service":"verbyflow","timestamp":"2025-07-06 18:51:57"}
{"level":"info","message":"[TRACE] No metadata found for binary message from user user_1751824287821, using defaults","module":"server","service":"verbyflow","timestamp":"2025-07-06 18:51:57"}
{"level":"info","message":"[TRACE] Initialized new audio buffer for user user_1751824287821","module":"server","service":"verbyflow","timestamp":"2025-07-06 18:51:57"}
{"level":"info","message":"[TRACE] Received binary WebSocket message: 41 bytes from user user_1751824295428 in call 23115c4c-7ea6-4a87-bd48-bcb7c19f18ca","module":"server","service":"verbyflow","timestamp":"2025-07-06 18:52:05"}
{"level":"info","message":"[TRACE] Broadcasting raw audio data to all clients in call 23115c4c-7ea6-4a87-bd48-bcb7c19f18ca, from user user_1751824295428","module":"server","service":"verbyflow","timestamp":"2025-07-06 18:52:05"}
{"level":"debug","message":"Broadcast to user_1751824287821 in call 23115c4c-7ea6-4a87-bd48-bcb7c19f18ca via activeCallMap","module":"server","service":"verbyflow","timestamp":"2025-07-06 18:52:05"}
{"level":"debug","message":"Broadcast to user_1751824287821 in call 23115c4c-7ea6-4a87-bd48-bcb7c19f18ca via wss.clients","module":"server","service":"verbyflow","timestamp":"2025-07-06 18:52:05"}
{"level":"info","message":"[TRACE] Broadcast raw audio to 2 recipients in call 23115c4c-7ea6-4a87-bd48-bcb7c19f18ca","module":"server","service":"verbyflow","timestamp":"2025-07-06 18:52:05"}
{"level":"info","message":"[TRACE] No metadata found for binary message from user user_1751824295428, using defaults","module":"server","service":"verbyflow","timestamp":"2025-07-06 18:52:05"}
{"level":"info","message":"[TRACE] Received binary WebSocket message: 41 bytes from user user_1751824287821 in call 23115c4c-7ea6-4a87-bd48-bcb7c19f18ca","module":"server","service":"verbyflow","timestamp":"2025-07-06 18:52:28"}
{"level":"info","message":"[TRACE] Broadcasting raw audio data to all clients in call 23115c4c-7ea6-4a87-bd48-bcb7c19f18ca, from user user_1751824287821","module":"server","service":"verbyflow","timestamp":"2025-07-06 18:52:28"}
{"level":"debug","message":"Broadcast to user_1751824295428 in call 23115c4c-7ea6-4a87-bd48-bcb7c19f18ca via activeCallMap","module":"server","service":"verbyflow","timestamp":"2025-07-06 18:52:28"}
{"level":"debug","message":"Broadcast to user_1751824295428 in call 23115c4c-7ea6-4a87-bd48-bcb7c19f18ca via wss.clients","module":"server","service":"verbyflow","timestamp":"2025-07-06 18:52:28"}
{"level":"info","message":"[TRACE] Broadcast raw audio to 2 recipients in call 23115c4c-7ea6-4a87-bd48-bcb7c19f18ca","module":"server","service":"verbyflow","timestamp":"2025-07-06 18:52:28"}
{"level":"info","message":"[TRACE] No metadata found for binary message from user user_1751824287821, using defaults","module":"server","service":"verbyflow","timestamp":"2025-07-06 18:52:28"}
{"level":"info","message":"[TRACE] Silence detected for user user_1751824287821 after 30554ms","module":"server","service":"verbyflow","timestamp":"2025-07-06 18:52:28"}
{"level":"info","message":"[TRACE] Buffer too small (82 bytes < 8000 bytes), skipping transcription","module":"server","service":"verbyflow","timestamp":"2025-07-06 18:52:28"}
{"level":"info","message":"[TRACE] Received binary WebSocket message: 41 bytes from user user_1751824295428 in call 23115c4c-7ea6-4a87-bd48-bcb7c19f18ca","module":"server","service":"verbyflow","timestamp":"2025-07-06 18:52:36"}
{"level":"info","message":"[TRACE] Broadcasting raw audio data to all clients in call 23115c4c-7ea6-4a87-bd48-bcb7c19f18ca, from user user_1751824295428","module":"server","service":"verbyflow","timestamp":"2025-07-06 18:52:36"}
{"level":"debug","message":"Broadcast to user_1751824287821 in call 23115c4c-7ea6-4a87-bd48-bcb7c19f18ca via activeCallMap","module":"server","service":"verbyflow","timestamp":"2025-07-06 18:52:36"}
{"level":"debug","message":"Broadcast to user_1751824287821 in call 23115c4c-7ea6-4a87-bd48-bcb7c19f18ca via wss.clients","module":"server","service":"verbyflow","timestamp":"2025-07-06 18:52:36"}
{"level":"info","message":"[TRACE] Broadcast raw audio to 2 recipients in call 23115c4c-7ea6-4a87-bd48-bcb7c19f18ca","module":"server","service":"verbyflow","timestamp":"2025-07-06 18:52:36"}
{"level":"info","message":"[TRACE] No metadata found for binary message from user user_1751824295428, using defaults","module":"server","service":"verbyflow","timestamp":"2025-07-06 18:52:36"}
{"level":"info","message":"WebSocket closed for user user_1751824295428 in call 23115c4c-7ea6-4a87-bd48-bcb7c19f18ca","module":"server","service":"verbyflow","timestamp":"2025-07-06 18:52:48"}
{"level":"info","message":"Removed user user_1751824295428 from call 23115c4c-7ea6-4a87-bd48-bcb7c19f18ca. Remaining participants: 1","module":"server","service":"verbyflow","timestamp":"2025-07-06 18:52:48"}
{"level":"debug","message":"Broadcast to user_1751824287821 in call 23115c4c-7ea6-4a87-bd48-bcb7c19f18ca via activeCallMap","module":"server","service":"verbyflow","timestamp":"2025-07-06 18:52:48"}
{"level":"debug","message":"Broadcast to user_1751824287821 in call 23115c4c-7ea6-4a87-bd48-bcb7c19f18ca via wss.clients","module":"server","service":"verbyflow","timestamp":"2025-07-06 18:52:48"}
{"level":"info","message":"[TRACE] WebSocket connection closed for user user_1751824295428 in call 23115c4c-7ea6-4a87-bd48-bcb7c19f18ca with code 1005: ","module":"server","service":"verbyflow","timestamp":"2025-07-06 18:52:48"}
{"level":"info","message":"[TRACE] Active WebSocket connections remaining: 1","module":"server","service":"verbyflow","timestamp":"2025-07-06 18:52:48"}
{"level":"info","message":"[TRACE] WebSocket connection cleanup complete","module":"server","service":"verbyflow","timestamp":"2025-07-06 18:52:48"}
{"level":"info","message":"WebSocket closed for user user_1751824287821 in call 23115c4c-7ea6-4a87-bd48-bcb7c19f18ca","module":"server","service":"verbyflow","timestamp":"2025-07-06 18:52:50"}
{"level":"info","message":"Removed user user_1751824287821 from call 23115c4c-7ea6-4a87-bd48-bcb7c19f18ca. Remaining participants: 0","module":"server","service":"verbyflow","timestamp":"2025-07-06 18:52:50"}
{"level":"info","message":"Call 23115c4c-7ea6-4a87-bd48-bcb7c19f18ca has no more participants, removing tracking","module":"server","service":"verbyflow","timestamp":"2025-07-06 18:52:50"}
{"level":"info","message":"[TRACE] WebSocket connection closed for user user_1751824287821 in call 23115c4c-7ea6-4a87-bd48-bcb7c19f18ca with code 1005: ","module":"server","service":"verbyflow","timestamp":"2025-07-06 18:52:50"}
{"level":"info","message":"[TRACE] Active WebSocket connections remaining: 0","module":"server","service":"verbyflow","timestamp":"2025-07-06 18:52:50"}
{"level":"info","message":"[TRACE] WebSocket connection cleanup complete","module":"server","service":"verbyflow","timestamp":"2025-07-06 18:52:50"}
{"level":"info","message":"Raw WebSocket client connected: user_1751824295428 to call 23115c4c-7ea6-4a87-bd48-bcb7c19f18ca","module":"server","service":"verbyflow","timestamp":"2025-07-06 18:52:51"}
{"level":"info","message":"Added user user_1751824295428 to call 23115c4c-7ea6-4a87-bd48-bcb7c19f18ca. Total participants: 1","module":"server","service":"verbyflow","timestamp":"2025-07-06 18:52:51"}
{"level":"info","message":"Current clients in call 23115c4c-7ea6-4a87-bd48-bcb7c19f18ca via wss.clients: user_1751824295428","module":"server","service":"verbyflow","timestamp":"2025-07-06 18:52:51"}
{"level":"info","message":"Raw WebSocket client connected: user_1751824287821 to call 23115c4c-7ea6-4a87-bd48-bcb7c19f18ca","module":"server","service":"verbyflow","timestamp":"2025-07-06 18:52:53"}
{"level":"info","message":"Added user user_1751824287821 to call 23115c4c-7ea6-4a87-bd48-bcb7c19f18ca. Total participants: 2","module":"server","service":"verbyflow","timestamp":"2025-07-06 18:52:53"}
{"level":"info","message":"Current clients in call 23115c4c-7ea6-4a87-bd48-bcb7c19f18ca via wss.clients: user_1751824295428, user_1751824287821","module":"server","service":"verbyflow","timestamp":"2025-07-06 18:52:53"}
{"level":"debug","message":"Broadcast to user_1751824295428 in call 23115c4c-7ea6-4a87-bd48-bcb7c19f18ca via activeCallMap","module":"server","service":"verbyflow","timestamp":"2025-07-06 18:52:53"}
{"level":"debug","message":"Broadcast to user_1751824295428 in call 23115c4c-7ea6-4a87-bd48-bcb7c19f18ca via wss.clients","module":"server","service":"verbyflow","timestamp":"2025-07-06 18:52:53"}
{"level":"info","message":"WebSocket closed for user user_1751824287821 in call 23115c4c-7ea6-4a87-bd48-bcb7c19f18ca","module":"server","service":"verbyflow","timestamp":"2025-07-06 18:56:36"}
{"level":"info","message":"Removed user user_1751824287821 from call 23115c4c-7ea6-4a87-bd48-bcb7c19f18ca. Remaining participants: 1","module":"server","service":"verbyflow","timestamp":"2025-07-06 18:56:36"}
{"level":"debug","message":"Broadcast to user_1751824295428 in call 23115c4c-7ea6-4a87-bd48-bcb7c19f18ca via activeCallMap","module":"server","service":"verbyflow","timestamp":"2025-07-06 18:56:36"}
{"level":"debug","message":"Broadcast to user_1751824295428 in call 23115c4c-7ea6-4a87-bd48-bcb7c19f18ca via wss.clients","module":"server","service":"verbyflow","timestamp":"2025-07-06 18:56:36"}
{"level":"info","message":"[TRACE] WebSocket connection closed for user user_1751824287821 in call 23115c4c-7ea6-4a87-bd48-bcb7c19f18ca with code 1001: ","module":"server","service":"verbyflow","timestamp":"2025-07-06 18:56:36"}
{"level":"info","message":"[TRACE] Active WebSocket connections remaining: 1","module":"server","service":"verbyflow","timestamp":"2025-07-06 18:56:36"}
{"level":"info","message":"[TRACE] WebSocket connection cleanup complete","module":"server","service":"verbyflow","timestamp":"2025-07-06 18:56:36"}
{"level":"info","message":"WebSocket closed for user user_1751824295428 in call 23115c4c-7ea6-4a87-bd48-bcb7c19f18ca","module":"server","service":"verbyflow","timestamp":"2025-07-06 18:56:37"}
{"level":"info","message":"Removed user user_1751824295428 from call 23115c4c-7ea6-4a87-bd48-bcb7c19f18ca. Remaining participants: 0","module":"server","service":"verbyflow","timestamp":"2025-07-06 18:56:37"}
{"level":"info","message":"Call 23115c4c-7ea6-4a87-bd48-bcb7c19f18ca has no more participants, removing tracking","module":"server","service":"verbyflow","timestamp":"2025-07-06 18:56:37"}
{"level":"info","message":"[TRACE] WebSocket connection closed for user user_1751824295428 in call 23115c4c-7ea6-4a87-bd48-bcb7c19f18ca with code 1001: ","module":"server","service":"verbyflow","timestamp":"2025-07-06 18:56:37"}
{"level":"info","message":"[TRACE] Active WebSocket connections remaining: 0","module":"server","service":"verbyflow","timestamp":"2025-07-06 18:56:37"}
{"level":"info","message":"[TRACE] WebSocket connection cleanup complete","module":"server","service":"verbyflow","timestamp":"2025-07-06 18:56:37"}
{"level":"info","message":"OPENAI_API_KEY is properly set, length: 164","module":"whisper-service","service":"verbyflow","timestamp":"2025-07-06 18:57:28"}
{"level":"info","message":"Using ffmpeg from path: C:\\Users\\Jarvis\\Documents\\verby\\verbyflow\\backend\\node_modules\\ffmpeg-static\\ffmpeg.exe","module":"audio-utils","service":"verbyflow","timestamp":"2025-07-06 18:57:28"}
{"level":"info","message":"VerbyFlow backend server running on port 3000","module":"server","service":"verbyflow","timestamp":"2025-07-06 18:57:28"}
{"level":"info","message":"OPENAI_API_KEY is properly set, length: 164","module":"whisper-service","service":"verbyflow","timestamp":"2025-07-06 18:58:49"}
{"level":"info","message":"Using ffmpeg from path: C:\\Users\\Jarvis\\Documents\\verby\\verbyflow\\backend\\node_modules\\ffmpeg-static\\ffmpeg.exe","module":"audio-utils","service":"verbyflow","timestamp":"2025-07-06 18:58:49"}
{"level":"info","message":"VerbyFlow backend server running on port 3000","module":"server","service":"verbyflow","timestamp":"2025-07-06 18:58:49"}
{"level":"info","message":"Created new call: ce6bf41a-dc27-4e45-be9a-f2b977548ae9 by user user_1751824768119","module":"calls-api","service":"verbyflow","timestamp":"2025-07-06 18:59:28"}
{"level":"info","message":"Raw WebSocket client connected: user_1751824768119 to call ce6bf41a-dc27-4e45-be9a-f2b977548ae9","module":"server","service":"verbyflow","timestamp":"2025-07-06 18:59:28"}
{"level":"info","message":"Added user user_1751824768119 to call ce6bf41a-dc27-4e45-be9a-f2b977548ae9. Total participants: 1","module":"server","service":"verbyflow","timestamp":"2025-07-06 18:59:28"}
{"level":"info","message":"Current clients in call ce6bf41a-dc27-4e45-be9a-f2b977548ae9 via wss.clients: user_1751824768119","module":"server","service":"verbyflow","timestamp":"2025-07-06 18:59:28"}
{"level":"debug","message":"Fetching call: ce6bf41a-dc27-4e45-be9a-f2b977548ae9","module":"calls-api","service":"verbyflow","timestamp":"2025-07-06 18:59:28"}
{"level":"info","message":"WebSocket closed for user user_1751824768119 in call ce6bf41a-dc27-4e45-be9a-f2b977548ae9","module":"server","service":"verbyflow","timestamp":"2025-07-06 18:59:28"}
{"level":"info","message":"Removed user user_1751824768119 from call ce6bf41a-dc27-4e45-be9a-f2b977548ae9. Remaining participants: 0","module":"server","service":"verbyflow","timestamp":"2025-07-06 18:59:28"}
{"level":"info","message":"Call ce6bf41a-dc27-4e45-be9a-f2b977548ae9 has no more participants, removing tracking","module":"server","service":"verbyflow","timestamp":"2025-07-06 18:59:28"}
{"level":"info","message":"[TRACE] WebSocket connection closed for user user_1751824768119 in call ce6bf41a-dc27-4e45-be9a-f2b977548ae9 with code 1000: Normal closure - setting up new connection","module":"server","service":"verbyflow","timestamp":"2025-07-06 18:59:28"}
{"level":"info","message":"[TRACE] Active WebSocket connections remaining: 0","module":"server","service":"verbyflow","timestamp":"2025-07-06 18:59:28"}
{"level":"info","message":"[TRACE] WebSocket connection cleanup complete","module":"server","service":"verbyflow","timestamp":"2025-07-06 18:59:28"}
{"level":"info","message":"Raw WebSocket client connected: user_1751824768478 to call ce6bf41a-dc27-4e45-be9a-f2b977548ae9","module":"server","service":"verbyflow","timestamp":"2025-07-06 18:59:28"}
{"level":"info","message":"Added user user_1751824768478 to call ce6bf41a-dc27-4e45-be9a-f2b977548ae9. Total participants: 1","module":"server","service":"verbyflow","timestamp":"2025-07-06 18:59:28"}
{"level":"info","message":"Current clients in call ce6bf41a-dc27-4e45-be9a-f2b977548ae9 via wss.clients: user_1751824768478","module":"server","service":"verbyflow","timestamp":"2025-07-06 18:59:28"}
{"level":"debug","message":"Fetching call: ce6bf41a-dc27-4e45-be9a-f2b977548ae9","module":"calls-api","service":"verbyflow","timestamp":"2025-07-06 18:59:36"}
{"level":"info","message":"Raw WebSocket client connected: user_1751824776275 to call ce6bf41a-dc27-4e45-be9a-f2b977548ae9","module":"server","service":"verbyflow","timestamp":"2025-07-06 18:59:36"}
{"level":"info","message":"Added user user_1751824776275 to call ce6bf41a-dc27-4e45-be9a-f2b977548ae9. Total participants: 2","module":"server","service":"verbyflow","timestamp":"2025-07-06 18:59:36"}
{"level":"info","message":"Current clients in call ce6bf41a-dc27-4e45-be9a-f2b977548ae9 via wss.clients: user_1751824768478, user_1751824776275","module":"server","service":"verbyflow","timestamp":"2025-07-06 18:59:36"}
{"level":"debug","message":"Broadcast to user_1751824768478 in call ce6bf41a-dc27-4e45-be9a-f2b977548ae9 via activeCallMap","module":"server","service":"verbyflow","timestamp":"2025-07-06 18:59:36"}
{"level":"debug","message":"Broadcast to user_1751824768478 in call ce6bf41a-dc27-4e45-be9a-f2b977548ae9 via wss.clients","module":"server","service":"verbyflow","timestamp":"2025-07-06 18:59:36"}
{"level":"debug","message":"Fetching call: ce6bf41a-dc27-4e45-be9a-f2b977548ae9","module":"calls-api","service":"verbyflow","timestamp":"2025-07-06 18:59:36"}
{"level":"info","message":"Raw WebSocket client connected: user_1751824776654 to call ce6bf41a-dc27-4e45-be9a-f2b977548ae9","module":"server","service":"verbyflow","timestamp":"2025-07-06 18:59:36"}
{"level":"info","message":"Added user user_1751824776654 to call ce6bf41a-dc27-4e45-be9a-f2b977548ae9. Total participants: 3","module":"server","service":"verbyflow","timestamp":"2025-07-06 18:59:36"}
{"level":"info","message":"Current clients in call ce6bf41a-dc27-4e45-be9a-f2b977548ae9 via wss.clients: user_1751824768478, user_1751824776275, user_1751824776654","module":"server","service":"verbyflow","timestamp":"2025-07-06 18:59:36"}
{"level":"debug","message":"Broadcast to user_1751824768478 in call ce6bf41a-dc27-4e45-be9a-f2b977548ae9 via activeCallMap","module":"server","service":"verbyflow","timestamp":"2025-07-06 18:59:36"}
{"level":"debug","message":"Broadcast to user_1751824768478 in call ce6bf41a-dc27-4e45-be9a-f2b977548ae9 via wss.clients","module":"server","service":"verbyflow","timestamp":"2025-07-06 18:59:36"}
{"level":"info","message":"WebSocket closed for user user_1751824776275 in call ce6bf41a-dc27-4e45-be9a-f2b977548ae9","module":"server","service":"verbyflow","timestamp":"2025-07-06 18:59:36"}
{"level":"info","message":"Removed user user_1751824776275 from call ce6bf41a-dc27-4e45-be9a-f2b977548ae9. Remaining participants: 2","module":"server","service":"verbyflow","timestamp":"2025-07-06 18:59:36"}
{"level":"debug","message":"Broadcast to user_1751824768478 in call ce6bf41a-dc27-4e45-be9a-f2b977548ae9 via activeCallMap","module":"server","service":"verbyflow","timestamp":"2025-07-06 18:59:36"}
{"level":"debug","message":"Broadcast to user_1751824776654 in call ce6bf41a-dc27-4e45-be9a-f2b977548ae9 via activeCallMap","module":"server","service":"verbyflow","timestamp":"2025-07-06 18:59:36"}
{"level":"debug","message":"Broadcast to user_1751824768478 in call ce6bf41a-dc27-4e45-be9a-f2b977548ae9 via wss.clients","module":"server","service":"verbyflow","timestamp":"2025-07-06 18:59:36"}
{"level":"debug","message":"Broadcast to user_1751824776654 in call ce6bf41a-dc27-4e45-be9a-f2b977548ae9 via wss.clients","module":"server","service":"verbyflow","timestamp":"2025-07-06 18:59:36"}
{"level":"info","message":"[TRACE] WebSocket connection closed for user user_1751824776275 in call ce6bf41a-dc27-4e45-be9a-f2b977548ae9 with code 1000: Normal closure - setting up new connection","module":"server","service":"verbyflow","timestamp":"2025-07-06 18:59:36"}
{"level":"info","message":"[TRACE] Active WebSocket connections remaining: 2","module":"server","service":"verbyflow","timestamp":"2025-07-06 18:59:36"}
{"level":"info","message":"[TRACE] WebSocket connection cleanup complete","module":"server","service":"verbyflow","timestamp":"2025-07-06 18:59:36"}
{"level":"info","message":"[TRACE] Received binary WebSocket message: 123 bytes from user user_1751824776654 in call ce6bf41a-dc27-4e45-be9a-f2b977548ae9","module":"server","service":"verbyflow","timestamp":"2025-07-06 18:59:38"}
{"level":"info","message":"[TRACE] Broadcasting raw audio data to all clients in call ce6bf41a-dc27-4e45-be9a-f2b977548ae9, from user user_1751824776654","module":"server","service":"verbyflow","timestamp":"2025-07-06 18:59:38"}
{"level":"debug","message":"Broadcast to user_1751824768478 in call ce6bf41a-dc27-4e45-be9a-f2b977548ae9 via activeCallMap","module":"server","service":"verbyflow","timestamp":"2025-07-06 18:59:38"}
{"level":"debug","message":"Broadcast to user_1751824768478 in call ce6bf41a-dc27-4e45-be9a-f2b977548ae9 via wss.clients","module":"server","service":"verbyflow","timestamp":"2025-07-06 18:59:38"}
{"level":"info","message":"[TRACE] Broadcast raw audio to 2 recipients in call ce6bf41a-dc27-4e45-be9a-f2b977548ae9 (format: mp4)","module":"server","service":"verbyflow","timestamp":"2025-07-06 18:59:38"}
{"level":"info","message":"[TRACE] No metadata found for binary message from user user_1751824776654, using defaults","module":"server","service":"verbyflow","timestamp":"2025-07-06 18:59:38"}
{"level":"info","message":"[TRACE] Initialized new audio buffer for user user_1751824776654","module":"server","service":"verbyflow","timestamp":"2025-07-06 18:59:38"}
{"level":"info","message":"[TRACE] Received binary WebSocket message: 641 bytes from user user_1751824776654 in call ce6bf41a-dc27-4e45-be9a-f2b977548ae9","module":"server","service":"verbyflow","timestamp":"2025-07-06 18:59:38"}
{"level":"info","message":"[TRACE] Broadcasting raw audio data to all clients in call ce6bf41a-dc27-4e45-be9a-f2b977548ae9, from user user_1751824776654","module":"server","service":"verbyflow","timestamp":"2025-07-06 18:59:38"}
{"level":"debug","message":"Broadcast to user_1751824768478 in call ce6bf41a-dc27-4e45-be9a-f2b977548ae9 via activeCallMap","module":"server","service":"verbyflow","timestamp":"2025-07-06 18:59:38"}
{"level":"debug","message":"Broadcast to user_1751824768478 in call ce6bf41a-dc27-4e45-be9a-f2b977548ae9 via wss.clients","module":"server","service":"verbyflow","timestamp":"2025-07-06 18:59:38"}
{"level":"info","message":"[TRACE] Broadcast raw audio to 2 recipients in call ce6bf41a-dc27-4e45-be9a-f2b977548ae9 (format: mp4)","module":"server","service":"verbyflow","timestamp":"2025-07-06 18:59:38"}
{"level":"info","message":"[TRACE] No metadata found for binary message from user user_1751824776654, using defaults","module":"server","service":"verbyflow","timestamp":"2025-07-06 18:59:38"}
{"level":"info","message":"[TRACE] Received binary WebSocket message: 123 bytes from user user_1751824776654 in call ce6bf41a-dc27-4e45-be9a-f2b977548ae9","module":"server","service":"verbyflow","timestamp":"2025-07-06 18:59:39"}
{"level":"info","message":"[TRACE] Broadcasting raw audio data to all clients in call ce6bf41a-dc27-4e45-be9a-f2b977548ae9, from user user_1751824776654","module":"server","service":"verbyflow","timestamp":"2025-07-06 18:59:39"}
{"level":"debug","message":"Broadcast to user_1751824768478 in call ce6bf41a-dc27-4e45-be9a-f2b977548ae9 via activeCallMap","module":"server","service":"verbyflow","timestamp":"2025-07-06 18:59:39"}
{"level":"debug","message":"Broadcast to user_1751824768478 in call ce6bf41a-dc27-4e45-be9a-f2b977548ae9 via wss.clients","module":"server","service":"verbyflow","timestamp":"2025-07-06 18:59:39"}
{"level":"info","message":"[TRACE] Broadcast raw audio to 2 recipients in call ce6bf41a-dc27-4e45-be9a-f2b977548ae9 (format: mp4)","module":"server","service":"verbyflow","timestamp":"2025-07-06 18:59:39"}
{"level":"info","message":"[TRACE] No metadata found for binary message from user user_1751824776654, using defaults","module":"server","service":"verbyflow","timestamp":"2025-07-06 18:59:39"}
{"level":"info","message":"[TRACE] Received binary WebSocket message: 34045 bytes from user user_1751824776654 in call ce6bf41a-dc27-4e45-be9a-f2b977548ae9","module":"server","service":"verbyflow","timestamp":"2025-07-06 18:59:40"}
{"level":"info","message":"[TRACE] Broadcasting raw audio data to all clients in call ce6bf41a-dc27-4e45-be9a-f2b977548ae9, from user user_1751824776654","module":"server","service":"verbyflow","timestamp":"2025-07-06 18:59:40"}
{"level":"debug","message":"Broadcast to user_1751824768478 in call ce6bf41a-dc27-4e45-be9a-f2b977548ae9 via activeCallMap","module":"server","service":"verbyflow","timestamp":"2025-07-06 18:59:40"}
{"level":"debug","message":"Broadcast to user_1751824768478 in call ce6bf41a-dc27-4e45-be9a-f2b977548ae9 via wss.clients","module":"server","service":"verbyflow","timestamp":"2025-07-06 18:59:40"}
{"level":"info","message":"[TRACE] Broadcast raw audio to 2 recipients in call ce6bf41a-dc27-4e45-be9a-f2b977548ae9 (format: mp4)","module":"server","service":"verbyflow","timestamp":"2025-07-06 18:59:40"}
{"level":"info","message":"[TRACE] No metadata found for binary message from user user_1751824776654, using defaults","module":"server","service":"verbyflow","timestamp":"2025-07-06 18:59:40"}
{"level":"info","message":"[TRACE] Received binary WebSocket message: 123 bytes from user user_1751824776654 in call ce6bf41a-dc27-4e45-be9a-f2b977548ae9","module":"server","service":"verbyflow","timestamp":"2025-07-06 18:59:40"}
{"level":"info","message":"[TRACE] Broadcasting raw audio data to all clients in call ce6bf41a-dc27-4e45-be9a-f2b977548ae9, from user user_1751824776654","module":"server","service":"verbyflow","timestamp":"2025-07-06 18:59:40"}
{"level":"debug","message":"Broadcast to user_1751824768478 in call ce6bf41a-dc27-4e45-be9a-f2b977548ae9 via activeCallMap","module":"server","service":"verbyflow","timestamp":"2025-07-06 18:59:40"}
{"level":"debug","message":"Broadcast to user_1751824768478 in call ce6bf41a-dc27-4e45-be9a-f2b977548ae9 via wss.clients","module":"server","service":"verbyflow","timestamp":"2025-07-06 18:59:40"}
{"level":"info","message":"[TRACE] Broadcast raw audio to 2 recipients in call ce6bf41a-dc27-4e45-be9a-f2b977548ae9 (format: mp4)","module":"server","service":"verbyflow","timestamp":"2025-07-06 18:59:40"}
{"level":"info","message":"[TRACE] No metadata found for binary message from user user_1751824776654, using defaults","module":"server","service":"verbyflow","timestamp":"2025-07-06 18:59:40"}
{"level":"info","message":"[TRACE] Silence detected for user user_1751824776654 after 2034ms","module":"server","service":"verbyflow","timestamp":"2025-07-06 18:59:40"}
{"level":"info","message":"[TRACE] Processing buffered audio (35055 bytes) after natural pause","module":"server","service":"verbyflow","timestamp":"2025-07-06 18:59:40"}
{"level":"info","message":"[TRACE] Processing combined audio of 35055 bytes for transcription","module":"server","service":"verbyflow","timestamp":"2025-07-06 18:59:40"}
{"level":"info","message":"[TRACE] processAudioForTranscription started for user user_1751824776654 in call ce6bf41a-dc27-4e45-be9a-f2b977548ae9","module":"server","service":"verbyflow","timestamp":"2025-07-06 18:59:40"}
{"level":"info","message":"[TRACE] Audio data size: 35055 bytes, metadata: {\"type\":\"audio_data\",\"timestamp\":1751824780980,\"format\":\"webm\",\"mimeType\":\"audio/webm\"}","module":"server","service":"verbyflow","timestamp":"2025-07-06 18:59:40"}
{"level":"info","message":"[TRACE] Processing audio format: webm (audio/webm)","module":"server","service":"verbyflow","timestamp":"2025-07-06 18:59:40"}
{"level":"info","message":"[TRACE] Stored webm header (4096 bytes) for user user_1751824776654","module":"server","service":"verbyflow","timestamp":"2025-07-06 18:59:40"}
{"level":"info","message":"[TRACE] Saving audio data to temp file: C:\\Users\\Jarvis\\Documents\\verby\\verbyflow\\backend\\temp\\user_1751824776654-12f6a76f-9209-4274-bc8b-557a12064a7f.webm","module":"server","service":"verbyflow","timestamp":"2025-07-06 18:59:40"}
{"level":"info","message":"[TRACE] Successfully wrote 35055 bytes to C:\\Users\\Jarvis\\Documents\\verby\\verbyflow\\backend\\temp\\user_1751824776654-12f6a76f-9209-4274-bc8b-557a12064a7f.webm","module":"server","service":"verbyflow","timestamp":"2025-07-06 18:59:40"}
{"level":"info","message":"[TRACE] File stats: exists=true, size=35055 bytes","module":"server","service":"verbyflow","timestamp":"2025-07-06 18:59:40"}
{"level":"info","message":"[TRACE] Detecting audio format for C:\\Users\\Jarvis\\Documents\\verby\\verbyflow\\backend\\temp\\user_1751824776654-12f6a76f-9209-4274-bc8b-557a12064a7f.webm","module":"server","service":"verbyflow","timestamp":"2025-07-06 18:59:40"}
{"level":"info","message":"[TRACE] Received binary WebSocket message: 16539 bytes from user user_1751824776654 in call ce6bf41a-dc27-4e45-be9a-f2b977548ae9","module":"server","service":"verbyflow","timestamp":"2025-07-06 18:59:41"}
{"level":"info","message":"[TRACE] Broadcasting raw audio data to all clients in call ce6bf41a-dc27-4e45-be9a-f2b977548ae9, from user user_1751824776654","module":"server","service":"verbyflow","timestamp":"2025-07-06 18:59:41"}
{"level":"debug","message":"Broadcast to user_1751824768478 in call ce6bf41a-dc27-4e45-be9a-f2b977548ae9 via activeCallMap","module":"server","service":"verbyflow","timestamp":"2025-07-06 18:59:41"}
{"level":"debug","message":"Broadcast to user_1751824768478 in call ce6bf41a-dc27-4e45-be9a-f2b977548ae9 via wss.clients","module":"server","service":"verbyflow","timestamp":"2025-07-06 18:59:41"}
{"level":"info","message":"[TRACE] Broadcast raw audio to 2 recipients in call ce6bf41a-dc27-4e45-be9a-f2b977548ae9 (format: mp4)","module":"server","service":"verbyflow","timestamp":"2025-07-06 18:59:41"}
{"level":"info","message":"[TRACE] No metadata found for binary message from user user_1751824776654, using defaults","module":"server","service":"verbyflow","timestamp":"2025-07-06 18:59:41"}
{"level":"warn","message":"Failed to detect format using ffprobe: Command failed: \"C:\\Users\\Jarvis\\Documents\\verby\\verbyflow\\backend\\node_modules\\ffprobe-static\\ffmpeg.exe\" -v error -show_entries format=format_name -of default=noprint_wrappers=1:nokey=1 \"C:\\Users\\Jarvis\\Documents\\verby\\verbyflow\\backend\\temp\\user_1751824776654-12f6a76f-9209-4274-bc8b-557a12064a7f.webm\"\nThe system cannot find the path specified.\r\n","module":"audio-utils","service":"verbyflow","timestamp":"2025-07-06 18:59:41"}
{"level":"info","message":"[TRACE] Detected audio format: webm","module":"server","service":"verbyflow","timestamp":"2025-07-06 18:59:41"}
{"level":"debug","message":"Using file extension to determine format: webm","module":"audio-utils","service":"verbyflow","timestamp":"2025-07-06 18:59:41"}
{"level":"info","message":"[TRACE] Converting audio format if needed","module":"server","service":"verbyflow","timestamp":"2025-07-06 18:59:41"}
{"level":"debug","message":"Converting webm format to WAV format for Whisper API","module":"audio-utils","service":"verbyflow","timestamp":"2025-07-06 18:59:41"}
{"level":"info","message":"Running Whisper-compatible conversion command: \"C:\\Users\\Jarvis\\Documents\\verby\\verbyflow\\backend\\node_modules\\ffmpeg-static\\ffmpeg.exe\" -i \"C:\\Users\\Jarvis\\Documents\\verby\\verbyflow\\backend\\temp\\user_1751824776654-12f6a76f-9209-4274-bc8b-557a12064a7f.webm.webm\" -acodec pcm_s16le -ac 1 -ar 16000 \"C:\\Users\\Jarvis\\Documents\\verby\\verbyflow\\backend\\temp\\user_1751824776654-12f6a76f-9209-4274-bc8b-557a12064a7f.wav\" -y","module":"audio-utils","service":"verbyflow","timestamp":"2025-07-06 18:59:41"}
{"level":"error","message":"Error in primary conversion method: Command failed: \"C:\\Users\\Jarvis\\Documents\\verby\\verbyflow\\backend\\node_modules\\ffmpeg-static\\ffmpeg.exe\" -i \"C:\\Users\\Jarvis\\Documents\\verby\\verbyflow\\backend\\temp\\user_1751824776654-12f6a76f-9209-4274-bc8b-557a12064a7f.webm.webm\" -acodec pcm_s16le -ac 1 -ar 16000 \"C:\\Users\\Jarvis\\Documents\\verby\\verbyflow\\backend\\temp\\user_1751824776654-12f6a76f-9209-4274-bc8b-557a12064a7f.wav\" -y\nffmpeg version 6.0-essentials_build-www.gyan.dev Copyright (c) 2000-2023 the FFmpeg developers\r\n  built with gcc 12.2.0 (Rev10, Built by MSYS2 project)\r\n  configuration: --enable-gpl --enable-version3 --enable-static --disable-w32threads --disable-autodetect --enable-fontconfig --enable-iconv --enable-gnutls --enable-libxml2 --enable-gmp --enable-bzlib --enable-lzma --enable-zlib --enable-libsrt --enable-libssh --enable-libzmq --enable-avisynth --enable-sdl2 --enable-libwebp --enable-libx264 --enable-libx265 --enable-libxvid --enable-libaom --enable-libopenjpeg --enable-libvpx --enable-mediafoundation --enable-libass --enable-libfreetype --enable-libfribidi --enable-libvidstab --enable-libvmaf --enable-libzimg --enable-amf --enable-cuda-llvm --enable-cuvid --enable-ffnvcodec --enable-nvdec --enable-nvenc --enable-d3d11va --enable-dxva2 --enable-libvpl --enable-libgme --enable-libopenmpt --enable-libopencore-amrwb --enable-libmp3lame --enable-libtheora --enable-libvo-amrwbenc --enable-libgsm --enable-libopencore-amrnb --enable-libopus --enable-libspeex --enable-libvorbis --enable-librubberband\r\n  libavutil      58.  2.100 / 58.  2.100\r\n  libavcodec     60.  3.100 / 60.  3.100\r\n  libavformat    60.  3.100 / 60.  3.100\r\n  libavdevice    60.  1.100 / 60.  1.100\r\n  libavfilter     9.  3.100 /  9.  3.100\r\n  libswscale      7.  1.100 /  7.  1.100\r\n  libswresample   4. 10.100 /  4. 10.100\r\n  libpostproc    57.  1.100 / 57.  1.100\r\n[matroska,webm @ 0000028b7da514c0] Format matroska,webm detected only with low score of 1, misdetection possible!\r\n[matroska,webm @ 0000028b7da514c0] EBML header parsing failed\r\nC:\\Users\\Jarvis\\Documents\\verby\\verbyflow\\backend\\temp\\user_1751824776654-12f6a76f-9209-4274-bc8b-557a12064a7f.webm.webm: Invalid data found when processing input\r\n","module":"audio-utils","service":"verbyflow","timestamp":"2025-07-06 18:59:41"}
{"level":"info","message":"Attempting alternative WebM conversion approach","module":"audio-utils","service":"verbyflow","timestamp":"2025-07-06 18:59:41"}
{"level":"error","message":"Alternative conversion failed: Command failed: \"C:\\Users\\Jarvis\\Documents\\verby\\verbyflow\\backend\\node_modules\\ffmpeg-static\\ffmpeg.exe\" -i \"C:\\Users\\Jarvis\\Documents\\verby\\verbyflow\\backend\\temp\\user_1751824776654-12f6a76f-9209-4274-bc8b-557a12064a7f.webm\" -f s16le -acodec pcm_s16le -ac 1 -ar 16000 \"C:\\Users\\Jarvis\\Documents\\verby\\verbyflow\\backend\\temp\\user_1751824776654-12f6a76f-9209-4274-bc8b-557a12064a7f.webm.pcm\" -y\nffmpeg version 6.0-essentials_build-www.gyan.dev Copyright (c) 2000-2023 the FFmpeg developers\r\n  built with gcc 12.2.0 (Rev10, Built by MSYS2 project)\r\n  configuration: --enable-gpl --enable-version3 --enable-static --disable-w32threads --disable-autodetect --enable-fontconfig --enable-iconv --enable-gnutls --enable-libxml2 --enable-gmp --enable-bzlib --enable-lzma --enable-zlib --enable-libsrt --enable-libssh --enable-libzmq --enable-avisynth --enable-sdl2 --enable-libwebp --enable-libx264 --enable-libx265 --enable-libxvid --enable-libaom --enable-libopenjpeg --enable-libvpx --enable-mediafoundation --enable-libass --enable-libfreetype --enable-libfribidi --enable-libvidstab --enable-libvmaf --enable-libzimg --enable-amf --enable-cuda-llvm --enable-cuvid --enable-ffnvcodec --enable-nvdec --enable-nvenc --enable-d3d11va --enable-dxva2 --enable-libvpl --enable-libgme --enable-libopenmpt --enable-libopencore-amrwb --enable-libmp3lame --enable-libtheora --enable-libvo-amrwbenc --enable-libgsm --enable-libopencore-amrnb --enable-libopus --enable-libspeex --enable-libvorbis --enable-librubberband\r\n  libavutil      58.  2.100 / 58.  2.100\r\n  libavcodec     60.  3.100 / 60.  3.100\r\n  libavformat    60.  3.100 / 60.  3.100\r\n  libavdevice    60.  1.100 / 60.  1.100\r\n  libavfilter     9.  3.100 /  9.  3.100\r\n  libswscale      7.  1.100 /  7.  1.100\r\n  libswresample   4. 10.100 /  4. 10.100\r\n  libpostproc    57.  1.100 / 57.  1.100\r\n[matroska,webm @ 00000288b2c81500] Format matroska,webm detected only with low score of 1, misdetection possible!\r\n[matroska,webm @ 00000288b2c81500] EBML header parsing failed\r\nC:\\Users\\Jarvis\\Documents\\verby\\verbyflow\\backend\\temp\\user_1751824776654-12f6a76f-9209-4274-bc8b-557a12064a7f.webm: Invalid data found when processing input\r\n","module":"audio-utils","service":"verbyflow","timestamp":"2025-07-06 18:59:41"}
{"level":"warn","message":"Trying final conversion approach with format forcing","module":"audio-utils","service":"verbyflow","timestamp":"2025-07-06 18:59:41"}
{"level":"error","message":"Final conversion attempt failed: Command failed: \"C:\\Users\\Jarvis\\Documents\\verby\\verbyflow\\backend\\node_modules\\ffmpeg-static\\ffmpeg.exe\" -f webm -i \"C:\\Users\\Jarvis\\Documents\\verby\\verbyflow\\backend\\temp\\user_1751824776654-12f6a76f-9209-4274-bc8b-557a12064a7f.webm\" -acodec pcm_s16le -ac 1 -ar 16000 \"C:\\Users\\Jarvis\\Documents\\verby\\verbyflow\\backend\\temp\\user_1751824776654-12f6a76f-9209-4274-bc8b-557a12064a7f.wav\" -y\nffmpeg version 6.0-essentials_build-www.gyan.dev Copyright (c) 2000-2023 the FFmpeg developers\r\n  built with gcc 12.2.0 (Rev10, Built by MSYS2 project)\r\n  configuration: --enable-gpl --enable-version3 --enable-static --disable-w32threads --disable-autodetect --enable-fontconfig --enable-iconv --enable-gnutls --enable-libxml2 --enable-gmp --enable-bzlib --enable-lzma --enable-zlib --enable-libsrt --enable-libssh --enable-libzmq --enable-avisynth --enable-sdl2 --enable-libwebp --enable-libx264 --enable-libx265 --enable-libxvid --enable-libaom --enable-libopenjpeg --enable-libvpx --enable-mediafoundation --enable-libass --enable-libfreetype --enable-libfribidi --enable-libvidstab --enable-libvmaf --enable-libzimg --enable-amf --enable-cuda-llvm --enable-cuvid --enable-ffnvcodec --enable-nvdec --enable-nvenc --enable-d3d11va --enable-dxva2 --enable-libvpl --enable-libgme --enable-libopenmpt --enable-libopencore-amrwb --enable-libmp3lame --enable-libtheora --enable-libvo-amrwbenc --enable-libgsm --enable-libopencore-amrnb --enable-libopus --enable-libspeex --enable-libvorbis --enable-librubberband\r\n  libavutil      58.  2.100 / 58.  2.100\r\n  libavcodec     60.  3.100 / 60.  3.100\r\n  libavformat    60.  3.100 / 60.  3.100\r\n  libavdevice    60.  1.100 / 60.  1.100\r\n  libavfilter     9.  3.100 /  9.  3.100\r\n  libswscale      7.  1.100 /  7.  1.100\r\n  libswresample   4. 10.100 /  4. 10.100\r\n  libpostproc    57.  1.100 / 57.  1.100\r\n[matroska,webm @ 00000164a0b81580] EBML header parsing failed\r\nC:\\Users\\Jarvis\\Documents\\verby\\verbyflow\\backend\\temp\\user_1751824776654-12f6a76f-9209-4274-bc8b-557a12064a7f.webm: Invalid data found when processing input\r\n","module":"audio-utils","service":"verbyflow","timestamp":"2025-07-06 18:59:41"}
{"level":"warn","message":"Creating test WAV file for debugging purposes","module":"audio-utils","service":"verbyflow","timestamp":"2025-07-06 18:59:41"}
{"level":"warn","message":"Using silent test WAV file for debugging","module":"audio-utils","service":"verbyflow","timestamp":"2025-07-06 18:59:41"}
{"level":"info","message":"[TRACE] Processed file path: C:\\Users\\Jarvis\\Documents\\verby\\verbyflow\\backend\\temp\\user_1751824776654-12f6a76f-9209-4274-bc8b-557a12064a7f.wav, is converted=true","module":"server","service":"verbyflow","timestamp":"2025-07-06 18:59:41"}
{"level":"debug","message":"Transcribing audio file: user_1751824776654-12f6a76f-9209-4274-bc8b-557a12064a7f.wav (32078 bytes)","module":"whisper-service","service":"verbyflow","timestamp":"2025-07-06 18:59:41"}
{"level":"info","message":"[TRACE] Calling Whisper API for transcription with file: C:\\Users\\Jarvis\\Documents\\verby\\verbyflow\\backend\\temp\\user_1751824776654-12f6a76f-9209-4274-bc8b-557a12064a7f.wav","module":"server","service":"verbyflow","timestamp":"2025-07-06 18:59:41"}
{"level":"info","message":"Using API key starting with: sk-proj-nt... (length: 164)","module":"whisper-service","service":"verbyflow","timestamp":"2025-07-06 18:59:41"}
{"level":"info","message":"[TRACE] Received binary WebSocket message: 123 bytes from user user_1751824776654 in call ce6bf41a-dc27-4e45-be9a-f2b977548ae9","module":"server","service":"verbyflow","timestamp":"2025-07-06 18:59:41"}
{"level":"info","message":"[TRACE] Broadcasting raw audio data to all clients in call ce6bf41a-dc27-4e45-be9a-f2b977548ae9, from user user_1751824776654","module":"server","service":"verbyflow","timestamp":"2025-07-06 18:59:41"}
{"level":"debug","message":"Broadcast to user_1751824768478 in call ce6bf41a-dc27-4e45-be9a-f2b977548ae9 via activeCallMap","module":"server","service":"verbyflow","timestamp":"2025-07-06 18:59:41"}
{"level":"debug","message":"Broadcast to user_1751824768478 in call ce6bf41a-dc27-4e45-be9a-f2b977548ae9 via wss.clients","module":"server","service":"verbyflow","timestamp":"2025-07-06 18:59:41"}
{"level":"info","message":"[TRACE] Broadcast raw audio to 2 recipients in call ce6bf41a-dc27-4e45-be9a-f2b977548ae9 (format: mp4)","module":"server","service":"verbyflow","timestamp":"2025-07-06 18:59:41"}
{"level":"info","message":"[TRACE] No metadata found for binary message from user user_1751824776654, using defaults","module":"server","service":"verbyflow","timestamp":"2025-07-06 18:59:41"}
{"level":"info","message":"[TRACE] Received binary WebSocket message: 16539 bytes from user user_1751824776654 in call ce6bf41a-dc27-4e45-be9a-f2b977548ae9","module":"server","service":"verbyflow","timestamp":"2025-07-06 18:59:42"}
{"level":"info","message":"[TRACE] Broadcasting raw audio data to all clients in call ce6bf41a-dc27-4e45-be9a-f2b977548ae9, from user user_1751824776654","module":"server","service":"verbyflow","timestamp":"2025-07-06 18:59:42"}
{"level":"debug","message":"Broadcast to user_1751824768478 in call ce6bf41a-dc27-4e45-be9a-f2b977548ae9 via activeCallMap","module":"server","service":"verbyflow","timestamp":"2025-07-06 18:59:42"}
{"level":"debug","message":"Broadcast to user_1751824768478 in call ce6bf41a-dc27-4e45-be9a-f2b977548ae9 via wss.clients","module":"server","service":"verbyflow","timestamp":"2025-07-06 18:59:42"}
{"level":"info","message":"[TRACE] Broadcast raw audio to 2 recipients in call ce6bf41a-dc27-4e45-be9a-f2b977548ae9 (format: mp4)","module":"server","service":"verbyflow","timestamp":"2025-07-06 18:59:42"}
{"level":"info","message":"[TRACE] No metadata found for binary message from user user_1751824776654, using defaults","module":"server","service":"verbyflow","timestamp":"2025-07-06 18:59:42"}
{"level":"info","message":"[TRACE] Received binary WebSocket message: 123 bytes from user user_1751824776654 in call ce6bf41a-dc27-4e45-be9a-f2b977548ae9","module":"server","service":"verbyflow","timestamp":"2025-07-06 18:59:43"}
{"level":"info","message":"[TRACE] Broadcasting raw audio data to all clients in call ce6bf41a-dc27-4e45-be9a-f2b977548ae9, from user user_1751824776654","module":"server","service":"verbyflow","timestamp":"2025-07-06 18:59:43"}
{"level":"debug","message":"Broadcast to user_1751824768478 in call ce6bf41a-dc27-4e45-be9a-f2b977548ae9 via activeCallMap","module":"server","service":"verbyflow","timestamp":"2025-07-06 18:59:43"}
{"level":"debug","message":"Broadcast to user_1751824768478 in call ce6bf41a-dc27-4e45-be9a-f2b977548ae9 via wss.clients","module":"server","service":"verbyflow","timestamp":"2025-07-06 18:59:43"}
{"level":"info","message":"[TRACE] Broadcast raw audio to 2 recipients in call ce6bf41a-dc27-4e45-be9a-f2b977548ae9 (format: mp4)","module":"server","service":"verbyflow","timestamp":"2025-07-06 18:59:43"}
{"level":"info","message":"[TRACE] No metadata found for binary message from user user_1751824776654, using defaults","module":"server","service":"verbyflow","timestamp":"2025-07-06 18:59:43"}
{"level":"info","message":"[TRACE] Received binary WebSocket message: 16539 bytes from user user_1751824776654 in call ce6bf41a-dc27-4e45-be9a-f2b977548ae9","module":"server","service":"verbyflow","timestamp":"2025-07-06 18:59:43"}
{"level":"info","message":"[TRACE] Broadcasting raw audio data to all clients in call ce6bf41a-dc27-4e45-be9a-f2b977548ae9, from user user_1751824776654","module":"server","service":"verbyflow","timestamp":"2025-07-06 18:59:43"}
{"level":"debug","message":"Broadcast to user_1751824768478 in call ce6bf41a-dc27-4e45-be9a-f2b977548ae9 via activeCallMap","module":"server","service":"verbyflow","timestamp":"2025-07-06 18:59:43"}
{"level":"debug","message":"Broadcast to user_1751824768478 in call ce6bf41a-dc27-4e45-be9a-f2b977548ae9 via wss.clients","module":"server","service":"verbyflow","timestamp":"2025-07-06 18:59:43"}
{"level":"info","message":"[TRACE] Broadcast raw audio to 2 recipients in call ce6bf41a-dc27-4e45-be9a-f2b977548ae9 (format: mp4)","module":"server","service":"verbyflow","timestamp":"2025-07-06 18:59:43"}
{"level":"info","message":"[TRACE] No metadata found for binary message from user user_1751824776654, using defaults","module":"server","service":"verbyflow","timestamp":"2025-07-06 18:59:43"}
{"level":"info","message":"[TRACE] Received binary WebSocket message: 123 bytes from user user_1751824776654 in call ce6bf41a-dc27-4e45-be9a-f2b977548ae9","module":"server","service":"verbyflow","timestamp":"2025-07-06 18:59:44"}
{"level":"info","message":"[TRACE] Broadcasting raw audio data to all clients in call ce6bf41a-dc27-4e45-be9a-f2b977548ae9, from user user_1751824776654","module":"server","service":"verbyflow","timestamp":"2025-07-06 18:59:44"}
{"level":"debug","message":"Broadcast to user_1751824768478 in call ce6bf41a-dc27-4e45-be9a-f2b977548ae9 via activeCallMap","module":"server","service":"verbyflow","timestamp":"2025-07-06 18:59:44"}
{"level":"debug","message":"Broadcast to user_1751824768478 in call ce6bf41a-dc27-4e45-be9a-f2b977548ae9 via wss.clients","module":"server","service":"verbyflow","timestamp":"2025-07-06 18:59:44"}
{"level":"info","message":"[TRACE] Broadcast raw audio to 2 recipients in call ce6bf41a-dc27-4e45-be9a-f2b977548ae9 (format: mp4)","module":"server","service":"verbyflow","timestamp":"2025-07-06 18:59:44"}
{"level":"info","message":"[TRACE] No metadata found for binary message from user user_1751824776654, using defaults","module":"server","service":"verbyflow","timestamp":"2025-07-06 18:59:44"}
{"level":"info","message":"[TRACE] Received binary WebSocket message: 16539 bytes from user user_1751824776654 in call ce6bf41a-dc27-4e45-be9a-f2b977548ae9","module":"server","service":"verbyflow","timestamp":"2025-07-06 18:59:44"}
{"level":"info","message":"[TRACE] Broadcasting raw audio data to all clients in call ce6bf41a-dc27-4e45-be9a-f2b977548ae9, from user user_1751824776654","module":"server","service":"verbyflow","timestamp":"2025-07-06 18:59:44"}
{"level":"debug","message":"Broadcast to user_1751824768478 in call ce6bf41a-dc27-4e45-be9a-f2b977548ae9 via activeCallMap","module":"server","service":"verbyflow","timestamp":"2025-07-06 18:59:44"}
{"level":"debug","message":"Broadcast to user_1751824768478 in call ce6bf41a-dc27-4e45-be9a-f2b977548ae9 via wss.clients","module":"server","service":"verbyflow","timestamp":"2025-07-06 18:59:44"}
{"level":"info","message":"[TRACE] Broadcast raw audio to 2 recipients in call ce6bf41a-dc27-4e45-be9a-f2b977548ae9 (format: mp4)","module":"server","service":"verbyflow","timestamp":"2025-07-06 18:59:44"}
{"level":"info","message":"[TRACE] No metadata found for binary message from user user_1751824776654, using defaults","module":"server","service":"verbyflow","timestamp":"2025-07-06 18:59:44"}
{"level":"info","message":"[TRACE] Received binary WebSocket message: 123 bytes from user user_1751824776654 in call ce6bf41a-dc27-4e45-be9a-f2b977548ae9","module":"server","service":"verbyflow","timestamp":"2025-07-06 18:59:44"}
{"level":"info","message":"[TRACE] Broadcasting raw audio data to all clients in call ce6bf41a-dc27-4e45-be9a-f2b977548ae9, from user user_1751824776654","module":"server","service":"verbyflow","timestamp":"2025-07-06 18:59:44"}
{"level":"debug","message":"Broadcast to user_1751824768478 in call ce6bf41a-dc27-4e45-be9a-f2b977548ae9 via activeCallMap","module":"server","service":"verbyflow","timestamp":"2025-07-06 18:59:44"}
{"level":"debug","message":"Broadcast to user_1751824768478 in call ce6bf41a-dc27-4e45-be9a-f2b977548ae9 via wss.clients","module":"server","service":"verbyflow","timestamp":"2025-07-06 18:59:44"}
{"level":"info","message":"[TRACE] Broadcast raw audio to 2 recipients in call ce6bf41a-dc27-4e45-be9a-f2b977548ae9 (format: mp4)","module":"server","service":"verbyflow","timestamp":"2025-07-06 18:59:44"}
{"level":"info","message":"[TRACE] No metadata found for binary message from user user_1751824776654, using defaults","module":"server","service":"verbyflow","timestamp":"2025-07-06 18:59:44"}
{"level":"info","message":"[TRACE] Received binary WebSocket message: 3968 bytes from user user_1751824776654 in call ce6bf41a-dc27-4e45-be9a-f2b977548ae9","module":"server","service":"verbyflow","timestamp":"2025-07-06 18:59:44"}
{"level":"info","message":"[TRACE] Broadcasting raw audio data to all clients in call ce6bf41a-dc27-4e45-be9a-f2b977548ae9, from user user_1751824776654","module":"server","service":"verbyflow","timestamp":"2025-07-06 18:59:44"}
{"level":"debug","message":"Broadcast to user_1751824768478 in call ce6bf41a-dc27-4e45-be9a-f2b977548ae9 via activeCallMap","module":"server","service":"verbyflow","timestamp":"2025-07-06 18:59:44"}
{"level":"debug","message":"Broadcast to user_1751824768478 in call ce6bf41a-dc27-4e45-be9a-f2b977548ae9 via wss.clients","module":"server","service":"verbyflow","timestamp":"2025-07-06 18:59:44"}
{"level":"info","message":"[TRACE] Broadcast raw audio to 2 recipients in call ce6bf41a-dc27-4e45-be9a-f2b977548ae9 (format: mp4)","module":"server","service":"verbyflow","timestamp":"2025-07-06 18:59:44"}
{"level":"info","message":"[TRACE] No metadata found for binary message from user user_1751824776654, using defaults","module":"server","service":"verbyflow","timestamp":"2025-07-06 18:59:44"}
{"0":"s","1":"o","10":"g","11":" ","12":"u","13":"p","2":"c","3":"k","4":"e","5":"t","6":" ","7":"h","8":"a","9":"n","level":"error","message":"No response from Whisper API:","module":"whisper-service","service":"verbyflow","timestamp":"2025-07-06 18:59:57"}
{"error":{},"level":"error","message":"[TRACE] Error calling Whisper API: No response from Whisper API: socket hang up","module":"server","service":"verbyflow","timestamp":"2025-07-06 18:59:57"}
{"level":"info","message":"OPENAI_API_KEY is properly set, length: 164","module":"whisper-service","service":"verbyflow","timestamp":"2025-07-06 19:03:25"}
{"level":"info","message":"Using ffmpeg from path: C:\\Users\\Jarvis\\Documents\\verby\\verbyflow\\backend\\node_modules\\ffmpeg-static\\ffmpeg.exe","module":"audio-utils","service":"verbyflow","timestamp":"2025-07-06 19:03:25"}
{"level":"info","message":"VerbyFlow backend server running on port 3000","module":"server","service":"verbyflow","timestamp":"2025-07-06 19:03:25"}
{"level":"info","message":"Raw WebSocket client connected: user_1751824768478 to call ce6bf41a-dc27-4e45-be9a-f2b977548ae9","module":"server","service":"verbyflow","timestamp":"2025-07-06 19:03:25"}
{"level":"info","message":"Added user user_1751824768478 to call ce6bf41a-dc27-4e45-be9a-f2b977548ae9. Total participants: 1","module":"server","service":"verbyflow","timestamp":"2025-07-06 19:03:25"}
{"level":"info","message":"Current clients in call ce6bf41a-dc27-4e45-be9a-f2b977548ae9 via wss.clients: user_1751824768478","module":"server","service":"verbyflow","timestamp":"2025-07-06 19:03:25"}
{"level":"info","message":"Raw WebSocket client connected: user_1751824776654 to call ce6bf41a-dc27-4e45-be9a-f2b977548ae9","module":"server","service":"verbyflow","timestamp":"2025-07-06 19:03:25"}
{"level":"info","message":"Added user user_1751824776654 to call ce6bf41a-dc27-4e45-be9a-f2b977548ae9. Total participants: 2","module":"server","service":"verbyflow","timestamp":"2025-07-06 19:03:25"}
{"level":"info","message":"Current clients in call ce6bf41a-dc27-4e45-be9a-f2b977548ae9 via wss.clients: user_1751824768478, user_1751824776654","module":"server","service":"verbyflow","timestamp":"2025-07-06 19:03:25"}
{"level":"debug","message":"Broadcast to user_1751824768478 in call ce6bf41a-dc27-4e45-be9a-f2b977548ae9 via activeCallMap","module":"server","service":"verbyflow","timestamp":"2025-07-06 19:03:25"}
{"level":"debug","message":"Broadcast to user_1751824768478 in call ce6bf41a-dc27-4e45-be9a-f2b977548ae9 via wss.clients","module":"server","service":"verbyflow","timestamp":"2025-07-06 19:03:25"}
{"level":"info","message":"OPENAI_API_KEY is properly set, length: 164","module":"whisper-service","service":"verbyflow","timestamp":"2025-07-06 19:20:31"}
{"level":"info","message":"Using ffmpeg from path: C:\\Users\\Jarvis\\Documents\\verby\\verbyflow\\backend\\node_modules\\ffmpeg-static\\ffmpeg.exe","module":"audio-utils","service":"verbyflow","timestamp":"2025-07-06 19:20:31"}
{"level":"info","message":"VerbyFlow backend server running on port 3000","module":"server","service":"verbyflow","timestamp":"2025-07-06 19:20:31"}
{"level":"info","message":"Created new call: f93b4f54-e54c-45cb-b6a4-ac0a75619573 by user user_1751826209386","module":"calls-api","service":"verbyflow","timestamp":"2025-07-06 19:23:29"}
{"level":"info","message":"Raw WebSocket client connected: user_1751826209386 to call f93b4f54-e54c-45cb-b6a4-ac0a75619573","module":"server","service":"verbyflow","timestamp":"2025-07-06 19:23:29"}
{"level":"info","message":"Added user user_1751826209386 to call f93b4f54-e54c-45cb-b6a4-ac0a75619573. Total participants: 1","module":"server","service":"verbyflow","timestamp":"2025-07-06 19:23:29"}
{"level":"info","message":"Current clients in call f93b4f54-e54c-45cb-b6a4-ac0a75619573 via wss.clients: user_1751826209386","module":"server","service":"verbyflow","timestamp":"2025-07-06 19:23:29"}
{"level":"debug","message":"Fetching call: f93b4f54-e54c-45cb-b6a4-ac0a75619573","module":"calls-api","service":"verbyflow","timestamp":"2025-07-06 19:23:30"}
{"level":"info","message":"Raw WebSocket client connected: user_1751826210062 to call f93b4f54-e54c-45cb-b6a4-ac0a75619573","module":"server","service":"verbyflow","timestamp":"2025-07-06 19:23:30"}
{"level":"info","message":"Added user user_1751826210062 to call f93b4f54-e54c-45cb-b6a4-ac0a75619573. Total participants: 2","module":"server","service":"verbyflow","timestamp":"2025-07-06 19:23:30"}
{"level":"info","message":"Current clients in call f93b4f54-e54c-45cb-b6a4-ac0a75619573 via wss.clients: user_1751826209386, user_1751826210062","module":"server","service":"verbyflow","timestamp":"2025-07-06 19:23:30"}
{"level":"info","message":"WebSocket closed for user user_1751826209386 in call f93b4f54-e54c-45cb-b6a4-ac0a75619573","module":"server","service":"verbyflow","timestamp":"2025-07-06 19:23:30"}
{"level":"info","message":"Removed user user_1751826209386 from call f93b4f54-e54c-45cb-b6a4-ac0a75619573. Remaining participants: 1","module":"server","service":"verbyflow","timestamp":"2025-07-06 19:23:30"}
{"level":"debug","message":"Broadcast to user_1751826210062 in call f93b4f54-e54c-45cb-b6a4-ac0a75619573 via activeCallMap","module":"server","service":"verbyflow","timestamp":"2025-07-06 19:23:30"}
{"level":"debug","message":"Broadcast to user_1751826210062 in call f93b4f54-e54c-45cb-b6a4-ac0a75619573 via wss.clients","module":"server","service":"verbyflow","timestamp":"2025-07-06 19:23:30"}
{"level":"info","message":"[TRACE] WebSocket connection closed for user user_1751826209386 in call f93b4f54-e54c-45cb-b6a4-ac0a75619573 with code 1000: Normal closure - setting up new connection","module":"server","service":"verbyflow","timestamp":"2025-07-06 19:23:30"}
{"level":"info","message":"[TRACE] Active WebSocket connections remaining: 1","module":"server","service":"verbyflow","timestamp":"2025-07-06 19:23:30"}
{"level":"info","message":"[TRACE] WebSocket connection cleanup complete","module":"server","service":"verbyflow","timestamp":"2025-07-06 19:23:30"}
{"level":"debug","message":"Fetching call: f93b4f54-e54c-45cb-b6a4-ac0a75619573","module":"calls-api","service":"verbyflow","timestamp":"2025-07-06 19:23:38"}
{"level":"info","message":"Raw WebSocket client connected: user_1751826218075 to call f93b4f54-e54c-45cb-b6a4-ac0a75619573","module":"server","service":"verbyflow","timestamp":"2025-07-06 19:23:38"}
{"level":"info","message":"Added user user_1751826218075 to call f93b4f54-e54c-45cb-b6a4-ac0a75619573. Total participants: 2","module":"server","service":"verbyflow","timestamp":"2025-07-06 19:23:38"}
{"level":"info","message":"Current clients in call f93b4f54-e54c-45cb-b6a4-ac0a75619573 via wss.clients: user_1751826210062, user_1751826218075","module":"server","service":"verbyflow","timestamp":"2025-07-06 19:23:38"}
{"level":"debug","message":"Broadcast to user_1751826210062 in call f93b4f54-e54c-45cb-b6a4-ac0a75619573 via activeCallMap","module":"server","service":"verbyflow","timestamp":"2025-07-06 19:23:38"}
{"level":"debug","message":"Broadcast to user_1751826210062 in call f93b4f54-e54c-45cb-b6a4-ac0a75619573 via wss.clients","module":"server","service":"verbyflow","timestamp":"2025-07-06 19:23:38"}
{"level":"debug","message":"Fetching call: f93b4f54-e54c-45cb-b6a4-ac0a75619573","module":"calls-api","service":"verbyflow","timestamp":"2025-07-06 19:23:38"}
{"level":"info","message":"Raw WebSocket client connected: user_1751826218542 to call f93b4f54-e54c-45cb-b6a4-ac0a75619573","module":"server","service":"verbyflow","timestamp":"2025-07-06 19:23:38"}
{"level":"info","message":"Added user user_1751826218542 to call f93b4f54-e54c-45cb-b6a4-ac0a75619573. Total participants: 3","module":"server","service":"verbyflow","timestamp":"2025-07-06 19:23:38"}
{"level":"info","message":"Current clients in call f93b4f54-e54c-45cb-b6a4-ac0a75619573 via wss.clients: user_1751826210062, user_1751826218075, user_1751826218542","module":"server","service":"verbyflow","timestamp":"2025-07-06 19:23:38"}
{"level":"debug","message":"Broadcast to user_1751826210062 in call f93b4f54-e54c-45cb-b6a4-ac0a75619573 via activeCallMap","module":"server","service":"verbyflow","timestamp":"2025-07-06 19:23:38"}
{"level":"debug","message":"Broadcast to user_1751826210062 in call f93b4f54-e54c-45cb-b6a4-ac0a75619573 via wss.clients","module":"server","service":"verbyflow","timestamp":"2025-07-06 19:23:38"}
{"level":"info","message":"WebSocket closed for user user_1751826218075 in call f93b4f54-e54c-45cb-b6a4-ac0a75619573","module":"server","service":"verbyflow","timestamp":"2025-07-06 19:23:38"}
{"level":"info","message":"Removed user user_1751826218075 from call f93b4f54-e54c-45cb-b6a4-ac0a75619573. Remaining participants: 2","module":"server","service":"verbyflow","timestamp":"2025-07-06 19:23:38"}
{"level":"debug","message":"Broadcast to user_1751826210062 in call f93b4f54-e54c-45cb-b6a4-ac0a75619573 via activeCallMap","module":"server","service":"verbyflow","timestamp":"2025-07-06 19:23:38"}
{"level":"debug","message":"Broadcast to user_1751826218542 in call f93b4f54-e54c-45cb-b6a4-ac0a75619573 via activeCallMap","module":"server","service":"verbyflow","timestamp":"2025-07-06 19:23:38"}
{"level":"debug","message":"Broadcast to user_1751826210062 in call f93b4f54-e54c-45cb-b6a4-ac0a75619573 via wss.clients","module":"server","service":"verbyflow","timestamp":"2025-07-06 19:23:38"}
{"level":"debug","message":"Broadcast to user_1751826218542 in call f93b4f54-e54c-45cb-b6a4-ac0a75619573 via wss.clients","module":"server","service":"verbyflow","timestamp":"2025-07-06 19:23:38"}
{"level":"info","message":"[TRACE] WebSocket connection closed for user user_1751826218075 in call f93b4f54-e54c-45cb-b6a4-ac0a75619573 with code 1000: Normal closure - setting up new connection","module":"server","service":"verbyflow","timestamp":"2025-07-06 19:23:38"}
{"level":"info","message":"[TRACE] Active WebSocket connections remaining: 2","module":"server","service":"verbyflow","timestamp":"2025-07-06 19:23:38"}
{"level":"info","message":"[TRACE] WebSocket connection cleanup complete","module":"server","service":"verbyflow","timestamp":"2025-07-06 19:23:38"}
{"level":"info","message":"[TRACE] Received binary WebSocket message: 123 bytes from user user_1751826218542 in call f93b4f54-e54c-45cb-b6a4-ac0a75619573","module":"server","service":"verbyflow","timestamp":"2025-07-06 19:23:41"}
{"level":"info","message":"[TRACE] Broadcasting raw audio data to all clients in call f93b4f54-e54c-45cb-b6a4-ac0a75619573, from user user_1751826218542","module":"server","service":"verbyflow","timestamp":"2025-07-06 19:23:41"}
{"level":"debug","message":"Broadcast to user_1751826210062 in call f93b4f54-e54c-45cb-b6a4-ac0a75619573 via activeCallMap","module":"server","service":"verbyflow","timestamp":"2025-07-06 19:23:41"}
{"level":"debug","message":"Broadcast to user_1751826210062 in call f93b4f54-e54c-45cb-b6a4-ac0a75619573 via wss.clients","module":"server","service":"verbyflow","timestamp":"2025-07-06 19:23:41"}
{"level":"info","message":"[TRACE] Broadcast raw audio to 2 recipients in call f93b4f54-e54c-45cb-b6a4-ac0a75619573 (format: mp4)","module":"server","service":"verbyflow","timestamp":"2025-07-06 19:23:41"}
{"level":"info","message":"[TRACE] No metadata found for binary message from user user_1751826218542, using defaults","module":"server","service":"verbyflow","timestamp":"2025-07-06 19:23:41"}
{"level":"info","message":"[TRACE] Initialized new audio buffer for user user_1751826218542","module":"server","service":"verbyflow","timestamp":"2025-07-06 19:23:41"}
{"level":"info","message":"[TRACE] Received binary WebSocket message: 641 bytes from user user_1751826218542 in call f93b4f54-e54c-45cb-b6a4-ac0a75619573","module":"server","service":"verbyflow","timestamp":"2025-07-06 19:23:41"}
{"level":"info","message":"[TRACE] Broadcasting raw audio data to all clients in call f93b4f54-e54c-45cb-b6a4-ac0a75619573, from user user_1751826218542","module":"server","service":"verbyflow","timestamp":"2025-07-06 19:23:41"}
{"level":"debug","message":"Broadcast to user_1751826210062 in call f93b4f54-e54c-45cb-b6a4-ac0a75619573 via activeCallMap","module":"server","service":"verbyflow","timestamp":"2025-07-06 19:23:41"}
{"level":"debug","message":"Broadcast to user_1751826210062 in call f93b4f54-e54c-45cb-b6a4-ac0a75619573 via wss.clients","module":"server","service":"verbyflow","timestamp":"2025-07-06 19:23:41"}
{"level":"info","message":"[TRACE] Broadcast raw audio to 2 recipients in call f93b4f54-e54c-45cb-b6a4-ac0a75619573 (format: mp4)","module":"server","service":"verbyflow","timestamp":"2025-07-06 19:23:41"}
{"level":"info","message":"[TRACE] No metadata found for binary message from user user_1751826218542, using defaults","module":"server","service":"verbyflow","timestamp":"2025-07-06 19:23:41"}
{"level":"info","message":"[TRACE] Received binary WebSocket message: 123 bytes from user user_1751826218542 in call f93b4f54-e54c-45cb-b6a4-ac0a75619573","module":"server","service":"verbyflow","timestamp":"2025-07-06 19:23:42"}
{"level":"info","message":"[TRACE] Broadcasting raw audio data to all clients in call f93b4f54-e54c-45cb-b6a4-ac0a75619573, from user user_1751826218542","module":"server","service":"verbyflow","timestamp":"2025-07-06 19:23:42"}
{"level":"debug","message":"Broadcast to user_1751826210062 in call f93b4f54-e54c-45cb-b6a4-ac0a75619573 via activeCallMap","module":"server","service":"verbyflow","timestamp":"2025-07-06 19:23:42"}
{"level":"debug","message":"Broadcast to user_1751826210062 in call f93b4f54-e54c-45cb-b6a4-ac0a75619573 via wss.clients","module":"server","service":"verbyflow","timestamp":"2025-07-06 19:23:42"}
{"level":"info","message":"[TRACE] Broadcast raw audio to 2 recipients in call f93b4f54-e54c-45cb-b6a4-ac0a75619573 (format: mp4)","module":"server","service":"verbyflow","timestamp":"2025-07-06 19:23:42"}
{"level":"info","message":"[TRACE] No metadata found for binary message from user user_1751826218542, using defaults","module":"server","service":"verbyflow","timestamp":"2025-07-06 19:23:42"}
{"level":"info","message":"[TRACE] Received binary WebSocket message: 34045 bytes from user user_1751826218542 in call f93b4f54-e54c-45cb-b6a4-ac0a75619573","module":"server","service":"verbyflow","timestamp":"2025-07-06 19:23:42"}
{"level":"info","message":"[TRACE] Broadcasting raw audio data to all clients in call f93b4f54-e54c-45cb-b6a4-ac0a75619573, from user user_1751826218542","module":"server","service":"verbyflow","timestamp":"2025-07-06 19:23:42"}
{"level":"debug","message":"Broadcast to user_1751826210062 in call f93b4f54-e54c-45cb-b6a4-ac0a75619573 via activeCallMap","module":"server","service":"verbyflow","timestamp":"2025-07-06 19:23:42"}
{"level":"debug","message":"Broadcast to user_1751826210062 in call f93b4f54-e54c-45cb-b6a4-ac0a75619573 via wss.clients","module":"server","service":"verbyflow","timestamp":"2025-07-06 19:23:42"}
{"level":"info","message":"[TRACE] Broadcast raw audio to 2 recipients in call f93b4f54-e54c-45cb-b6a4-ac0a75619573 (format: mp4)","module":"server","service":"verbyflow","timestamp":"2025-07-06 19:23:42"}
{"level":"info","message":"[TRACE] No metadata found for binary message from user user_1751826218542, using defaults","module":"server","service":"verbyflow","timestamp":"2025-07-06 19:23:42"}
{"level":"info","message":"[TRACE] Received binary WebSocket message: 122 bytes from user user_1751826218542 in call f93b4f54-e54c-45cb-b6a4-ac0a75619573","module":"server","service":"verbyflow","timestamp":"2025-07-06 19:23:43"}
{"level":"info","message":"[TRACE] Broadcasting raw audio data to all clients in call f93b4f54-e54c-45cb-b6a4-ac0a75619573, from user user_1751826218542","module":"server","service":"verbyflow","timestamp":"2025-07-06 19:23:43"}
{"level":"debug","message":"Broadcast to user_1751826210062 in call f93b4f54-e54c-45cb-b6a4-ac0a75619573 via activeCallMap","module":"server","service":"verbyflow","timestamp":"2025-07-06 19:23:43"}
{"level":"debug","message":"Broadcast to user_1751826210062 in call f93b4f54-e54c-45cb-b6a4-ac0a75619573 via wss.clients","module":"server","service":"verbyflow","timestamp":"2025-07-06 19:23:43"}
{"level":"info","message":"[TRACE] Broadcast raw audio to 2 recipients in call f93b4f54-e54c-45cb-b6a4-ac0a75619573 (format: mp4)","module":"server","service":"verbyflow","timestamp":"2025-07-06 19:23:43"}
{"level":"info","message":"[TRACE] No metadata found for binary message from user user_1751826218542, using defaults","module":"server","service":"verbyflow","timestamp":"2025-07-06 19:23:43"}
{"level":"info","message":"[TRACE] Silence detected for user user_1751826218542 after 2034ms","module":"server","service":"verbyflow","timestamp":"2025-07-06 19:23:43"}
{"level":"info","message":"[TRACE] Processing buffered audio (35054 bytes) after natural pause","module":"server","service":"verbyflow","timestamp":"2025-07-06 19:23:43"}
{"level":"info","message":"[TRACE] Processing combined audio of 35054 bytes for transcription","module":"server","service":"verbyflow","timestamp":"2025-07-06 19:23:43"}
{"level":"info","message":"[TRACE] processAudioForTranscription started for user user_1751826218542 in call f93b4f54-e54c-45cb-b6a4-ac0a75619573","module":"server","service":"verbyflow","timestamp":"2025-07-06 19:23:43"}
{"level":"info","message":"[TRACE] Audio data size: 35054 bytes, metadata: {\"type\":\"audio_data\",\"timestamp\":1751826223227,\"format\":\"webm\",\"mimeType\":\"audio/webm\"}","module":"server","service":"verbyflow","timestamp":"2025-07-06 19:23:43"}
{"level":"info","message":"[TRACE] Processing audio format: webm (audio/webm)","module":"server","service":"verbyflow","timestamp":"2025-07-06 19:23:43"}
{"level":"info","message":"[TRACE] Stored webm header (4096 bytes) for user user_1751826218542","module":"server","service":"verbyflow","timestamp":"2025-07-06 19:23:43"}
{"level":"info","message":"[TRACE] Saving audio data to temp file: C:\\Users\\Jarvis\\Documents\\verby\\verbyflow\\backend\\temp\\user_1751826218542-e93f9ef7-6144-49a3-933f-813e57888933.webm","module":"server","service":"verbyflow","timestamp":"2025-07-06 19:23:43"}
{"level":"info","message":"[TRACE] Successfully wrote 35054 bytes to C:\\Users\\Jarvis\\Documents\\verby\\verbyflow\\backend\\temp\\user_1751826218542-e93f9ef7-6144-49a3-933f-813e57888933.webm","module":"server","service":"verbyflow","timestamp":"2025-07-06 19:23:43"}
{"level":"info","message":"[TRACE] File stats: exists=true, size=35054 bytes","module":"server","service":"verbyflow","timestamp":"2025-07-06 19:23:43"}
{"level":"info","message":"[TRACE] Detecting audio format for C:\\Users\\Jarvis\\Documents\\verby\\verbyflow\\backend\\temp\\user_1751826218542-e93f9ef7-6144-49a3-933f-813e57888933.webm","module":"server","service":"verbyflow","timestamp":"2025-07-06 19:23:43"}
{"level":"info","message":"[TRACE] Received binary WebSocket message: 16539 bytes from user user_1751826218542 in call f93b4f54-e54c-45cb-b6a4-ac0a75619573","module":"server","service":"verbyflow","timestamp":"2025-07-06 19:23:43"}
{"level":"info","message":"[TRACE] Broadcasting raw audio data to all clients in call f93b4f54-e54c-45cb-b6a4-ac0a75619573, from user user_1751826218542","module":"server","service":"verbyflow","timestamp":"2025-07-06 19:23:43"}
{"level":"debug","message":"Broadcast to user_1751826210062 in call f93b4f54-e54c-45cb-b6a4-ac0a75619573 via activeCallMap","module":"server","service":"verbyflow","timestamp":"2025-07-06 19:23:43"}
{"level":"debug","message":"Broadcast to user_1751826210062 in call f93b4f54-e54c-45cb-b6a4-ac0a75619573 via wss.clients","module":"server","service":"verbyflow","timestamp":"2025-07-06 19:23:43"}
{"level":"info","message":"[TRACE] Broadcast raw audio to 2 recipients in call f93b4f54-e54c-45cb-b6a4-ac0a75619573 (format: mp4)","module":"server","service":"verbyflow","timestamp":"2025-07-06 19:23:43"}
{"level":"info","message":"[TRACE] No metadata found for binary message from user user_1751826218542, using defaults","module":"server","service":"verbyflow","timestamp":"2025-07-06 19:23:43"}
{"level":"warn","message":"Failed to detect format using ffprobe: Command failed: \"C:\\Users\\Jarvis\\Documents\\verby\\verbyflow\\backend\\node_modules\\ffprobe-static\\ffmpeg.exe\" -v error -show_entries format=format_name -of default=noprint_wrappers=1:nokey=1 \"C:\\Users\\Jarvis\\Documents\\verby\\verbyflow\\backend\\temp\\user_1751826218542-e93f9ef7-6144-49a3-933f-813e57888933.webm\"\nThe system cannot find the path specified.\r\n","module":"audio-utils","service":"verbyflow","timestamp":"2025-07-06 19:23:43"}
{"level":"info","message":"[TRACE] Detected audio format: webm","module":"server","service":"verbyflow","timestamp":"2025-07-06 19:23:43"}
{"level":"debug","message":"Using file extension to determine format: webm","module":"audio-utils","service":"verbyflow","timestamp":"2025-07-06 19:23:43"}
{"level":"debug","message":"Converting webm format to WAV format for Whisper API","module":"audio-utils","service":"verbyflow","timestamp":"2025-07-06 19:23:43"}
{"level":"info","message":"Running Whisper-compatible conversion command: \"C:\\Users\\Jarvis\\Documents\\verby\\verbyflow\\backend\\node_modules\\ffmpeg-static\\ffmpeg.exe\" -i \"C:\\Users\\Jarvis\\Documents\\verby\\verbyflow\\backend\\temp\\user_1751826218542-e93f9ef7-6144-49a3-933f-813e57888933.webm.webm\" -acodec pcm_s16le -ac 1 -ar 16000 \"C:\\Users\\Jarvis\\Documents\\verby\\verbyflow\\backend\\temp\\user_1751826218542-e93f9ef7-6144-49a3-933f-813e57888933.wav\" -y","module":"audio-utils","service":"verbyflow","timestamp":"2025-07-06 19:23:43"}
{"level":"info","message":"[TRACE] Converting audio format if needed","module":"server","service":"verbyflow","timestamp":"2025-07-06 19:23:43"}
{"level":"error","message":"Error in primary conversion method: Command failed: \"C:\\Users\\Jarvis\\Documents\\verby\\verbyflow\\backend\\node_modules\\ffmpeg-static\\ffmpeg.exe\" -i \"C:\\Users\\Jarvis\\Documents\\verby\\verbyflow\\backend\\temp\\user_1751826218542-e93f9ef7-6144-49a3-933f-813e57888933.webm.webm\" -acodec pcm_s16le -ac 1 -ar 16000 \"C:\\Users\\Jarvis\\Documents\\verby\\verbyflow\\backend\\temp\\user_1751826218542-e93f9ef7-6144-49a3-933f-813e57888933.wav\" -y\nffmpeg version 6.0-essentials_build-www.gyan.dev Copyright (c) 2000-2023 the FFmpeg developers\r\n  built with gcc 12.2.0 (Rev10, Built by MSYS2 project)\r\n  configuration: --enable-gpl --enable-version3 --enable-static --disable-w32threads --disable-autodetect --enable-fontconfig --enable-iconv --enable-gnutls --enable-libxml2 --enable-gmp --enable-bzlib --enable-lzma --enable-zlib --enable-libsrt --enable-libssh --enable-libzmq --enable-avisynth --enable-sdl2 --enable-libwebp --enable-libx264 --enable-libx265 --enable-libxvid --enable-libaom --enable-libopenjpeg --enable-libvpx --enable-mediafoundation --enable-libass --enable-libfreetype --enable-libfribidi --enable-libvidstab --enable-libvmaf --enable-libzimg --enable-amf --enable-cuda-llvm --enable-cuvid --enable-ffnvcodec --enable-nvdec --enable-nvenc --enable-d3d11va --enable-dxva2 --enable-libvpl --enable-libgme --enable-libopenmpt --enable-libopencore-amrwb --enable-libmp3lame --enable-libtheora --enable-libvo-amrwbenc --enable-libgsm --enable-libopencore-amrnb --enable-libopus --enable-libspeex --enable-libvorbis --enable-librubberband\r\n  libavutil      58.  2.100 / 58.  2.100\r\n  libavcodec     60.  3.100 / 60.  3.100\r\n  libavformat    60.  3.100 / 60.  3.100\r\n  libavdevice    60.  1.100 / 60.  1.100\r\n  libavfilter     9.  3.100 /  9.  3.100\r\n  libswscale      7.  1.100 /  7.  1.100\r\n  libswresample   4. 10.100 /  4. 10.100\r\n  libpostproc    57.  1.100 / 57.  1.100\r\n[matroska,webm @ 000002b72ce11680] Format matroska,webm detected only with low score of 1, misdetection possible!\r\n[matroska,webm @ 000002b72ce11680] EBML header parsing failed\r\nC:\\Users\\Jarvis\\Documents\\verby\\verbyflow\\backend\\temp\\user_1751826218542-e93f9ef7-6144-49a3-933f-813e57888933.webm.webm: Invalid data found when processing input\r\n","module":"audio-utils","service":"verbyflow","timestamp":"2025-07-06 19:23:43"}
{"level":"info","message":"Attempting alternative WebM conversion approach","module":"audio-utils","service":"verbyflow","timestamp":"2025-07-06 19:23:43"}
{"level":"error","message":"Alternative conversion failed: Command failed: \"C:\\Users\\Jarvis\\Documents\\verby\\verbyflow\\backend\\node_modules\\ffmpeg-static\\ffmpeg.exe\" -i \"C:\\Users\\Jarvis\\Documents\\verby\\verbyflow\\backend\\temp\\user_1751826218542-e93f9ef7-6144-49a3-933f-813e57888933.webm\" -f s16le -acodec pcm_s16le -ac 1 -ar 16000 \"C:\\Users\\Jarvis\\Documents\\verby\\verbyflow\\backend\\temp\\user_1751826218542-e93f9ef7-6144-49a3-933f-813e57888933.webm.pcm\" -y\nffmpeg version 6.0-essentials_build-www.gyan.dev Copyright (c) 2000-2023 the FFmpeg developers\r\n  built with gcc 12.2.0 (Rev10, Built by MSYS2 project)\r\n  configuration: --enable-gpl --enable-version3 --enable-static --disable-w32threads --disable-autodetect --enable-fontconfig --enable-iconv --enable-gnutls --enable-libxml2 --enable-gmp --enable-bzlib --enable-lzma --enable-zlib --enable-libsrt --enable-libssh --enable-libzmq --enable-avisynth --enable-sdl2 --enable-libwebp --enable-libx264 --enable-libx265 --enable-libxvid --enable-libaom --enable-libopenjpeg --enable-libvpx --enable-mediafoundation --enable-libass --enable-libfreetype --enable-libfribidi --enable-libvidstab --enable-libvmaf --enable-libzimg --enable-amf --enable-cuda-llvm --enable-cuvid --enable-ffnvcodec --enable-nvdec --enable-nvenc --enable-d3d11va --enable-dxva2 --enable-libvpl --enable-libgme --enable-libopenmpt --enable-libopencore-amrwb --enable-libmp3lame --enable-libtheora --enable-libvo-amrwbenc --enable-libgsm --enable-libopencore-amrnb --enable-libopus --enable-libspeex --enable-libvorbis --enable-librubberband\r\n  libavutil      58.  2.100 / 58.  2.100\r\n  libavcodec     60.  3.100 / 60.  3.100\r\n  libavformat    60.  3.100 / 60.  3.100\r\n  libavdevice    60.  1.100 / 60.  1.100\r\n  libavfilter     9.  3.100 /  9.  3.100\r\n  libswscale      7.  1.100 /  7.  1.100\r\n  libswresample   4. 10.100 /  4. 10.100\r\n  libpostproc    57.  1.100 / 57.  1.100\r\n[matroska,webm @ 000001c686861700] Format matroska,webm detected only with low score of 1, misdetection possible!\r\n[matroska,webm @ 000001c686861700] EBML header parsing failed\r\nC:\\Users\\Jarvis\\Documents\\verby\\verbyflow\\backend\\temp\\user_1751826218542-e93f9ef7-6144-49a3-933f-813e57888933.webm: Invalid data found when processing input\r\n","module":"audio-utils","service":"verbyflow","timestamp":"2025-07-06 19:23:43"}
{"level":"warn","message":"Trying final conversion approach with format forcing","module":"audio-utils","service":"verbyflow","timestamp":"2025-07-06 19:23:43"}
{"level":"error","message":"Final conversion attempt failed: Command failed: \"C:\\Users\\Jarvis\\Documents\\verby\\verbyflow\\backend\\node_modules\\ffmpeg-static\\ffmpeg.exe\" -f webm -i \"C:\\Users\\Jarvis\\Documents\\verby\\verbyflow\\backend\\temp\\user_1751826218542-e93f9ef7-6144-49a3-933f-813e57888933.webm\" -acodec pcm_s16le -ac 1 -ar 16000 \"C:\\Users\\Jarvis\\Documents\\verby\\verbyflow\\backend\\temp\\user_1751826218542-e93f9ef7-6144-49a3-933f-813e57888933.wav\" -y\nffmpeg version 6.0-essentials_build-www.gyan.dev Copyright (c) 2000-2023 the FFmpeg developers\r\n  built with gcc 12.2.0 (Rev10, Built by MSYS2 project)\r\n  configuration: --enable-gpl --enable-version3 --enable-static --disable-w32threads --disable-autodetect --enable-fontconfig --enable-iconv --enable-gnutls --enable-libxml2 --enable-gmp --enable-bzlib --enable-lzma --enable-zlib --enable-libsrt --enable-libssh --enable-libzmq --enable-avisynth --enable-sdl2 --enable-libwebp --enable-libx264 --enable-libx265 --enable-libxvid --enable-libaom --enable-libopenjpeg --enable-libvpx --enable-mediafoundation --enable-libass --enable-libfreetype --enable-libfribidi --enable-libvidstab --enable-libvmaf --enable-libzimg --enable-amf --enable-cuda-llvm --enable-cuvid --enable-ffnvcodec --enable-nvdec --enable-nvenc --enable-d3d11va --enable-dxva2 --enable-libvpl --enable-libgme --enable-libopenmpt --enable-libopencore-amrwb --enable-libmp3lame --enable-libtheora --enable-libvo-amrwbenc --enable-libgsm --enable-libopencore-amrnb --enable-libopus --enable-libspeex --enable-libvorbis --enable-librubberband\r\n  libavutil      58.  2.100 / 58.  2.100\r\n  libavcodec     60.  3.100 / 60.  3.100\r\n  libavformat    60.  3.100 / 60.  3.100\r\n  libavdevice    60.  1.100 / 60.  1.100\r\n  libavfilter     9.  3.100 /  9.  3.100\r\n  libswscale      7.  1.100 /  7.  1.100\r\n  libswresample   4. 10.100 /  4. 10.100\r\n  libpostproc    57.  1.100 / 57.  1.100\r\n[matroska,webm @ 0000025219111780] EBML header parsing failed\r\nC:\\Users\\Jarvis\\Documents\\verby\\verbyflow\\backend\\temp\\user_1751826218542-e93f9ef7-6144-49a3-933f-813e57888933.webm: Invalid data found when processing input\r\n","module":"audio-utils","service":"verbyflow","timestamp":"2025-07-06 19:23:43"}
{"level":"warn","message":"Creating test WAV file for debugging purposes","module":"audio-utils","service":"verbyflow","timestamp":"2025-07-06 19:23:43"}
{"level":"warn","message":"Using silent test WAV file for debugging","module":"audio-utils","service":"verbyflow","timestamp":"2025-07-06 19:23:43"}
{"level":"info","message":"[TRACE] Processed file path: C:\\Users\\Jarvis\\Documents\\verby\\verbyflow\\backend\\temp\\user_1751826218542-e93f9ef7-6144-49a3-933f-813e57888933.wav, is converted=true","module":"server","service":"verbyflow","timestamp":"2025-07-06 19:23:43"}
{"level":"debug","message":"Transcribing audio file: user_1751826218542-e93f9ef7-6144-49a3-933f-813e57888933.wav (32078 bytes)","module":"whisper-service","service":"verbyflow","timestamp":"2025-07-06 19:23:43"}
{"level":"info","message":"[TRACE] Calling Whisper API for transcription with file: C:\\Users\\Jarvis\\Documents\\verby\\verbyflow\\backend\\temp\\user_1751826218542-e93f9ef7-6144-49a3-933f-813e57888933.wav","module":"server","service":"verbyflow","timestamp":"2025-07-06 19:23:43"}
{"level":"info","message":"Using API key starting with: sk-proj-nt... (length: 164)","module":"whisper-service","service":"verbyflow","timestamp":"2025-07-06 19:23:43"}
{"level":"info","message":"[TRACE] Received binary WebSocket message: 123 bytes from user user_1751826218542 in call f93b4f54-e54c-45cb-b6a4-ac0a75619573","module":"server","service":"verbyflow","timestamp":"2025-07-06 19:23:44"}
{"level":"info","message":"[TRACE] Broadcasting raw audio data to all clients in call f93b4f54-e54c-45cb-b6a4-ac0a75619573, from user user_1751826218542","module":"server","service":"verbyflow","timestamp":"2025-07-06 19:23:44"}
{"level":"debug","message":"Broadcast to user_1751826210062 in call f93b4f54-e54c-45cb-b6a4-ac0a75619573 via activeCallMap","module":"server","service":"verbyflow","timestamp":"2025-07-06 19:23:44"}
{"level":"debug","message":"Broadcast to user_1751826210062 in call f93b4f54-e54c-45cb-b6a4-ac0a75619573 via wss.clients","module":"server","service":"verbyflow","timestamp":"2025-07-06 19:23:44"}
{"level":"info","message":"[TRACE] Broadcast raw audio to 2 recipients in call f93b4f54-e54c-45cb-b6a4-ac0a75619573 (format: mp4)","module":"server","service":"verbyflow","timestamp":"2025-07-06 19:23:44"}
{"level":"info","message":"[TRACE] No metadata found for binary message from user user_1751826218542, using defaults","module":"server","service":"verbyflow","timestamp":"2025-07-06 19:23:44"}
{"level":"info","message":"[TRACE] Received binary WebSocket message: 16539 bytes from user user_1751826218542 in call f93b4f54-e54c-45cb-b6a4-ac0a75619573","module":"server","service":"verbyflow","timestamp":"2025-07-06 19:23:44"}
{"level":"info","message":"[TRACE] Broadcasting raw audio data to all clients in call f93b4f54-e54c-45cb-b6a4-ac0a75619573, from user user_1751826218542","module":"server","service":"verbyflow","timestamp":"2025-07-06 19:23:44"}
{"level":"debug","message":"Broadcast to user_1751826210062 in call f93b4f54-e54c-45cb-b6a4-ac0a75619573 via activeCallMap","module":"server","service":"verbyflow","timestamp":"2025-07-06 19:23:44"}
{"level":"debug","message":"Broadcast to user_1751826210062 in call f93b4f54-e54c-45cb-b6a4-ac0a75619573 via wss.clients","module":"server","service":"verbyflow","timestamp":"2025-07-06 19:23:44"}
{"level":"info","message":"[TRACE] Broadcast raw audio to 2 recipients in call f93b4f54-e54c-45cb-b6a4-ac0a75619573 (format: mp4)","module":"server","service":"verbyflow","timestamp":"2025-07-06 19:23:44"}
{"level":"info","message":"[TRACE] No metadata found for binary message from user user_1751826218542, using defaults","module":"server","service":"verbyflow","timestamp":"2025-07-06 19:23:44"}
{"level":"info","message":"[TRACE] Received binary WebSocket message: 123 bytes from user user_1751826218542 in call f93b4f54-e54c-45cb-b6a4-ac0a75619573","module":"server","service":"verbyflow","timestamp":"2025-07-06 19:23:45"}
{"level":"info","message":"[TRACE] Broadcasting raw audio data to all clients in call f93b4f54-e54c-45cb-b6a4-ac0a75619573, from user user_1751826218542","module":"server","service":"verbyflow","timestamp":"2025-07-06 19:23:45"}
{"level":"debug","message":"Broadcast to user_1751826210062 in call f93b4f54-e54c-45cb-b6a4-ac0a75619573 via activeCallMap","module":"server","service":"verbyflow","timestamp":"2025-07-06 19:23:45"}
{"level":"debug","message":"Broadcast to user_1751826210062 in call f93b4f54-e54c-45cb-b6a4-ac0a75619573 via wss.clients","module":"server","service":"verbyflow","timestamp":"2025-07-06 19:23:45"}
{"level":"info","message":"[TRACE] Broadcast raw audio to 2 recipients in call f93b4f54-e54c-45cb-b6a4-ac0a75619573 (format: mp4)","module":"server","service":"verbyflow","timestamp":"2025-07-06 19:23:45"}
{"level":"info","message":"[TRACE] No metadata found for binary message from user user_1751826218542, using defaults","module":"server","service":"verbyflow","timestamp":"2025-07-06 19:23:45"}
{"level":"info","message":"[TRACE] Received binary WebSocket message: 16539 bytes from user user_1751826218542 in call f93b4f54-e54c-45cb-b6a4-ac0a75619573","module":"server","service":"verbyflow","timestamp":"2025-07-06 19:23:45"}
{"level":"info","message":"[TRACE] Broadcasting raw audio data to all clients in call f93b4f54-e54c-45cb-b6a4-ac0a75619573, from user user_1751826218542","module":"server","service":"verbyflow","timestamp":"2025-07-06 19:23:45"}
{"level":"debug","message":"Broadcast to user_1751826210062 in call f93b4f54-e54c-45cb-b6a4-ac0a75619573 via activeCallMap","module":"server","service":"verbyflow","timestamp":"2025-07-06 19:23:45"}
{"level":"debug","message":"Broadcast to user_1751826210062 in call f93b4f54-e54c-45cb-b6a4-ac0a75619573 via wss.clients","module":"server","service":"verbyflow","timestamp":"2025-07-06 19:23:45"}
{"level":"info","message":"[TRACE] Broadcast raw audio to 2 recipients in call f93b4f54-e54c-45cb-b6a4-ac0a75619573 (format: mp4)","module":"server","service":"verbyflow","timestamp":"2025-07-06 19:23:45"}
{"level":"info","message":"[TRACE] No metadata found for binary message from user user_1751826218542, using defaults","module":"server","service":"verbyflow","timestamp":"2025-07-06 19:23:45"}
{"level":"info","message":"[TRACE] Received binary WebSocket message: 123 bytes from user user_1751826218542 in call f93b4f54-e54c-45cb-b6a4-ac0a75619573","module":"server","service":"verbyflow","timestamp":"2025-07-06 19:23:46"}
{"level":"info","message":"[TRACE] Broadcasting raw audio data to all clients in call f93b4f54-e54c-45cb-b6a4-ac0a75619573, from user user_1751826218542","module":"server","service":"verbyflow","timestamp":"2025-07-06 19:23:46"}
{"level":"debug","message":"Broadcast to user_1751826210062 in call f93b4f54-e54c-45cb-b6a4-ac0a75619573 via activeCallMap","module":"server","service":"verbyflow","timestamp":"2025-07-06 19:23:46"}
{"level":"debug","message":"Broadcast to user_1751826210062 in call f93b4f54-e54c-45cb-b6a4-ac0a75619573 via wss.clients","module":"server","service":"verbyflow","timestamp":"2025-07-06 19:23:46"}
{"level":"info","message":"[TRACE] Broadcast raw audio to 2 recipients in call f93b4f54-e54c-45cb-b6a4-ac0a75619573 (format: mp4)","module":"server","service":"verbyflow","timestamp":"2025-07-06 19:23:46"}
{"level":"info","message":"[TRACE] No metadata found for binary message from user user_1751826218542, using defaults","module":"server","service":"verbyflow","timestamp":"2025-07-06 19:23:46"}
{"level":"info","message":"[TRACE] Received binary WebSocket message: 16539 bytes from user user_1751826218542 in call f93b4f54-e54c-45cb-b6a4-ac0a75619573","module":"server","service":"verbyflow","timestamp":"2025-07-06 19:23:46"}
{"level":"info","message":"[TRACE] Broadcasting raw audio data to all clients in call f93b4f54-e54c-45cb-b6a4-ac0a75619573, from user user_1751826218542","module":"server","service":"verbyflow","timestamp":"2025-07-06 19:23:46"}
{"level":"debug","message":"Broadcast to user_1751826210062 in call f93b4f54-e54c-45cb-b6a4-ac0a75619573 via activeCallMap","module":"server","service":"verbyflow","timestamp":"2025-07-06 19:23:46"}
{"level":"debug","message":"Broadcast to user_1751826210062 in call f93b4f54-e54c-45cb-b6a4-ac0a75619573 via wss.clients","module":"server","service":"verbyflow","timestamp":"2025-07-06 19:23:46"}
{"level":"info","message":"[TRACE] Broadcast raw audio to 2 recipients in call f93b4f54-e54c-45cb-b6a4-ac0a75619573 (format: mp4)","module":"server","service":"verbyflow","timestamp":"2025-07-06 19:23:46"}
{"level":"info","message":"[TRACE] No metadata found for binary message from user user_1751826218542, using defaults","module":"server","service":"verbyflow","timestamp":"2025-07-06 19:23:46"}
{"level":"debug","message":"Transcription completed successfully: \"you...\"","module":"whisper-service","service":"verbyflow","timestamp":"2025-07-06 19:23:46"}
{"level":"info","message":"[TRACE] Whisper API response received: {\"text\":\"you\",\"usage\":{\"type\":\"duration\",\"seconds\":1}}","module":"server","service":"verbyflow","timestamp":"2025-07-06 19:23:46"}
{"level":"info","message":"[TRACE] Successfully transcribed audio: \"you\"","module":"server","service":"verbyflow","timestamp":"2025-07-06 19:23:46"}
{"level":"info","message":"[TRACE] Broadcasting transcription to all WebSocket clients in call: f93b4f54-e54c-45cb-b6a4-ac0a75619573","module":"server","service":"verbyflow","timestamp":"2025-07-06 19:23:46"}
{"level":"info","message":"[TRACE] Cleaning up temporary files","module":"server","service":"verbyflow","timestamp":"2025-07-06 19:23:46"}
{"level":"info","message":"[TRACE] Removed temp file: C:\\Users\\Jarvis\\Documents\\verby\\verbyflow\\backend\\temp\\user_1751826218542-e93f9ef7-6144-49a3-933f-813e57888933.webm","module":"server","service":"verbyflow","timestamp":"2025-07-06 19:23:46"}
{"level":"info","message":"[TRACE] Removed processed file: C:\\Users\\Jarvis\\Documents\\verby\\verbyflow\\backend\\temp\\user_1751826218542-e93f9ef7-6144-49a3-933f-813e57888933.wav","module":"server","service":"verbyflow","timestamp":"2025-07-06 19:23:46"}
{"level":"info","message":"[TRACE] Received binary WebSocket message: 123 bytes from user user_1751826218542 in call f93b4f54-e54c-45cb-b6a4-ac0a75619573","module":"server","service":"verbyflow","timestamp":"2025-07-06 19:23:47"}
{"level":"info","message":"[TRACE] Broadcasting raw audio data to all clients in call f93b4f54-e54c-45cb-b6a4-ac0a75619573, from user user_1751826218542","module":"server","service":"verbyflow","timestamp":"2025-07-06 19:23:47"}
{"level":"debug","message":"Broadcast to user_1751826210062 in call f93b4f54-e54c-45cb-b6a4-ac0a75619573 via activeCallMap","module":"server","service":"verbyflow","timestamp":"2025-07-06 19:23:47"}
{"level":"debug","message":"Broadcast to user_1751826210062 in call f93b4f54-e54c-45cb-b6a4-ac0a75619573 via wss.clients","module":"server","service":"verbyflow","timestamp":"2025-07-06 19:23:47"}
{"level":"info","message":"[TRACE] Broadcast raw audio to 2 recipients in call f93b4f54-e54c-45cb-b6a4-ac0a75619573 (format: mp4)","module":"server","service":"verbyflow","timestamp":"2025-07-06 19:23:47"}
{"level":"info","message":"[TRACE] No metadata found for binary message from user user_1751826218542, using defaults","module":"server","service":"verbyflow","timestamp":"2025-07-06 19:23:47"}
{"level":"info","message":"[TRACE] Received binary WebSocket message: 16539 bytes from user user_1751826218542 in call f93b4f54-e54c-45cb-b6a4-ac0a75619573","module":"server","service":"verbyflow","timestamp":"2025-07-06 19:23:47"}
{"level":"info","message":"[TRACE] Broadcasting raw audio data to all clients in call f93b4f54-e54c-45cb-b6a4-ac0a75619573, from user user_1751826218542","module":"server","service":"verbyflow","timestamp":"2025-07-06 19:23:47"}
{"level":"debug","message":"Broadcast to user_1751826210062 in call f93b4f54-e54c-45cb-b6a4-ac0a75619573 via activeCallMap","module":"server","service":"verbyflow","timestamp":"2025-07-06 19:23:47"}
{"level":"debug","message":"Broadcast to user_1751826210062 in call f93b4f54-e54c-45cb-b6a4-ac0a75619573 via wss.clients","module":"server","service":"verbyflow","timestamp":"2025-07-06 19:23:47"}
{"level":"info","message":"[TRACE] Broadcast raw audio to 2 recipients in call f93b4f54-e54c-45cb-b6a4-ac0a75619573 (format: mp4)","module":"server","service":"verbyflow","timestamp":"2025-07-06 19:23:47"}
{"level":"info","message":"[TRACE] No metadata found for binary message from user user_1751826218542, using defaults","module":"server","service":"verbyflow","timestamp":"2025-07-06 19:23:47"}
{"level":"info","message":"[TRACE] Received binary WebSocket message: 123 bytes from user user_1751826218542 in call f93b4f54-e54c-45cb-b6a4-ac0a75619573","module":"server","service":"verbyflow","timestamp":"2025-07-06 19:23:48"}
{"level":"info","message":"[TRACE] Broadcasting raw audio data to all clients in call f93b4f54-e54c-45cb-b6a4-ac0a75619573, from user user_1751826218542","module":"server","service":"verbyflow","timestamp":"2025-07-06 19:23:48"}
{"level":"debug","message":"Broadcast to user_1751826210062 in call f93b4f54-e54c-45cb-b6a4-ac0a75619573 via activeCallMap","module":"server","service":"verbyflow","timestamp":"2025-07-06 19:23:48"}
{"level":"debug","message":"Broadcast to user_1751826210062 in call f93b4f54-e54c-45cb-b6a4-ac0a75619573 via wss.clients","module":"server","service":"verbyflow","timestamp":"2025-07-06 19:23:48"}
{"level":"info","message":"[TRACE] Broadcast raw audio to 2 recipients in call f93b4f54-e54c-45cb-b6a4-ac0a75619573 (format: mp4)","module":"server","service":"verbyflow","timestamp":"2025-07-06 19:23:48"}
{"level":"info","message":"[TRACE] No metadata found for binary message from user user_1751826218542, using defaults","module":"server","service":"verbyflow","timestamp":"2025-07-06 19:23:48"}
{"level":"info","message":"[TRACE] Received binary WebSocket message: 16539 bytes from user user_1751826218542 in call f93b4f54-e54c-45cb-b6a4-ac0a75619573","module":"server","service":"verbyflow","timestamp":"2025-07-06 19:23:48"}
{"level":"info","message":"[TRACE] Broadcasting raw audio data to all clients in call f93b4f54-e54c-45cb-b6a4-ac0a75619573, from user user_1751826218542","module":"server","service":"verbyflow","timestamp":"2025-07-06 19:23:48"}
{"level":"debug","message":"Broadcast to user_1751826210062 in call f93b4f54-e54c-45cb-b6a4-ac0a75619573 via activeCallMap","module":"server","service":"verbyflow","timestamp":"2025-07-06 19:23:48"}
{"level":"debug","message":"Broadcast to user_1751826210062 in call f93b4f54-e54c-45cb-b6a4-ac0a75619573 via wss.clients","module":"server","service":"verbyflow","timestamp":"2025-07-06 19:23:48"}
{"level":"info","message":"[TRACE] Broadcast raw audio to 2 recipients in call f93b4f54-e54c-45cb-b6a4-ac0a75619573 (format: mp4)","module":"server","service":"verbyflow","timestamp":"2025-07-06 19:23:48"}
{"level":"info","message":"[TRACE] No metadata found for binary message from user user_1751826218542, using defaults","module":"server","service":"verbyflow","timestamp":"2025-07-06 19:23:48"}
{"level":"info","message":"[TRACE] Received binary WebSocket message: 123 bytes from user user_1751826218542 in call f93b4f54-e54c-45cb-b6a4-ac0a75619573","module":"server","service":"verbyflow","timestamp":"2025-07-06 19:23:49"}
{"level":"info","message":"[TRACE] Broadcasting raw audio data to all clients in call f93b4f54-e54c-45cb-b6a4-ac0a75619573, from user user_1751826218542","module":"server","service":"verbyflow","timestamp":"2025-07-06 19:23:49"}
{"level":"debug","message":"Broadcast to user_1751826210062 in call f93b4f54-e54c-45cb-b6a4-ac0a75619573 via activeCallMap","module":"server","service":"verbyflow","timestamp":"2025-07-06 19:23:49"}
{"level":"debug","message":"Broadcast to user_1751826210062 in call f93b4f54-e54c-45cb-b6a4-ac0a75619573 via wss.clients","module":"server","service":"verbyflow","timestamp":"2025-07-06 19:23:49"}
{"level":"info","message":"[TRACE] Broadcast raw audio to 2 recipients in call f93b4f54-e54c-45cb-b6a4-ac0a75619573 (format: mp4)","module":"server","service":"verbyflow","timestamp":"2025-07-06 19:23:49"}
{"level":"info","message":"[TRACE] No metadata found for binary message from user user_1751826218542, using defaults","module":"server","service":"verbyflow","timestamp":"2025-07-06 19:23:49"}
{"level":"info","message":"[TRACE] Received binary WebSocket message: 16539 bytes from user user_1751826218542 in call f93b4f54-e54c-45cb-b6a4-ac0a75619573","module":"server","service":"verbyflow","timestamp":"2025-07-06 19:23:49"}
{"level":"info","message":"[TRACE] Broadcasting raw audio data to all clients in call f93b4f54-e54c-45cb-b6a4-ac0a75619573, from user user_1751826218542","module":"server","service":"verbyflow","timestamp":"2025-07-06 19:23:49"}
{"level":"debug","message":"Broadcast to user_1751826210062 in call f93b4f54-e54c-45cb-b6a4-ac0a75619573 via activeCallMap","module":"server","service":"verbyflow","timestamp":"2025-07-06 19:23:49"}
{"level":"debug","message":"Broadcast to user_1751826210062 in call f93b4f54-e54c-45cb-b6a4-ac0a75619573 via wss.clients","module":"server","service":"verbyflow","timestamp":"2025-07-06 19:23:49"}
{"level":"info","message":"[TRACE] Broadcast raw audio to 2 recipients in call f93b4f54-e54c-45cb-b6a4-ac0a75619573 (format: mp4)","module":"server","service":"verbyflow","timestamp":"2025-07-06 19:23:49"}
{"level":"info","message":"[TRACE] No metadata found for binary message from user user_1751826218542, using defaults","module":"server","service":"verbyflow","timestamp":"2025-07-06 19:23:49"}
{"level":"info","message":"[TRACE] Received binary WebSocket message: 123 bytes from user user_1751826218542 in call f93b4f54-e54c-45cb-b6a4-ac0a75619573","module":"server","service":"verbyflow","timestamp":"2025-07-06 19:23:50"}
{"level":"info","message":"[TRACE] Broadcasting raw audio data to all clients in call f93b4f54-e54c-45cb-b6a4-ac0a75619573, from user user_1751826218542","module":"server","service":"verbyflow","timestamp":"2025-07-06 19:23:50"}
{"level":"debug","message":"Broadcast to user_1751826210062 in call f93b4f54-e54c-45cb-b6a4-ac0a75619573 via activeCallMap","module":"server","service":"verbyflow","timestamp":"2025-07-06 19:23:50"}
{"level":"debug","message":"Broadcast to user_1751826210062 in call f93b4f54-e54c-45cb-b6a4-ac0a75619573 via wss.clients","module":"server","service":"verbyflow","timestamp":"2025-07-06 19:23:50"}
{"level":"info","message":"[TRACE] Broadcast raw audio to 2 recipients in call f93b4f54-e54c-45cb-b6a4-ac0a75619573 (format: mp4)","module":"server","service":"verbyflow","timestamp":"2025-07-06 19:23:50"}
{"level":"info","message":"[TRACE] No metadata found for binary message from user user_1751826218542, using defaults","module":"server","service":"verbyflow","timestamp":"2025-07-06 19:23:50"}
{"level":"info","message":"[TRACE] Received binary WebSocket message: 16539 bytes from user user_1751826218542 in call f93b4f54-e54c-45cb-b6a4-ac0a75619573","module":"server","service":"verbyflow","timestamp":"2025-07-06 19:23:50"}
{"level":"info","message":"[TRACE] Broadcasting raw audio data to all clients in call f93b4f54-e54c-45cb-b6a4-ac0a75619573, from user user_1751826218542","module":"server","service":"verbyflow","timestamp":"2025-07-06 19:23:50"}
{"level":"debug","message":"Broadcast to user_1751826210062 in call f93b4f54-e54c-45cb-b6a4-ac0a75619573 via activeCallMap","module":"server","service":"verbyflow","timestamp":"2025-07-06 19:23:50"}
{"level":"debug","message":"Broadcast to user_1751826210062 in call f93b4f54-e54c-45cb-b6a4-ac0a75619573 via wss.clients","module":"server","service":"verbyflow","timestamp":"2025-07-06 19:23:50"}
{"level":"info","message":"[TRACE] Broadcast raw audio to 2 recipients in call f93b4f54-e54c-45cb-b6a4-ac0a75619573 (format: mp4)","module":"server","service":"verbyflow","timestamp":"2025-07-06 19:23:50"}
{"level":"info","message":"[TRACE] No metadata found for binary message from user user_1751826218542, using defaults","module":"server","service":"verbyflow","timestamp":"2025-07-06 19:23:50"}
{"level":"info","message":"[TRACE] Received binary WebSocket message: 123 bytes from user user_1751826218542 in call f93b4f54-e54c-45cb-b6a4-ac0a75619573","module":"server","service":"verbyflow","timestamp":"2025-07-06 19:23:51"}
{"level":"info","message":"[TRACE] Broadcasting raw audio data to all clients in call f93b4f54-e54c-45cb-b6a4-ac0a75619573, from user user_1751826218542","module":"server","service":"verbyflow","timestamp":"2025-07-06 19:23:51"}
{"level":"debug","message":"Broadcast to user_1751826210062 in call f93b4f54-e54c-45cb-b6a4-ac0a75619573 via activeCallMap","module":"server","service":"verbyflow","timestamp":"2025-07-06 19:23:51"}
{"level":"debug","message":"Broadcast to user_1751826210062 in call f93b4f54-e54c-45cb-b6a4-ac0a75619573 via wss.clients","module":"server","service":"verbyflow","timestamp":"2025-07-06 19:23:51"}
{"level":"info","message":"[TRACE] Broadcast raw audio to 2 recipients in call f93b4f54-e54c-45cb-b6a4-ac0a75619573 (format: mp4)","module":"server","service":"verbyflow","timestamp":"2025-07-06 19:23:51"}
{"level":"info","message":"[TRACE] No metadata found for binary message from user user_1751826218542, using defaults","module":"server","service":"verbyflow","timestamp":"2025-07-06 19:23:51"}
{"level":"info","message":"[TRACE] Received binary WebSocket message: 16539 bytes from user user_1751826218542 in call f93b4f54-e54c-45cb-b6a4-ac0a75619573","module":"server","service":"verbyflow","timestamp":"2025-07-06 19:23:51"}
{"level":"info","message":"[TRACE] Broadcasting raw audio data to all clients in call f93b4f54-e54c-45cb-b6a4-ac0a75619573, from user user_1751826218542","module":"server","service":"verbyflow","timestamp":"2025-07-06 19:23:51"}
{"level":"debug","message":"Broadcast to user_1751826210062 in call f93b4f54-e54c-45cb-b6a4-ac0a75619573 via activeCallMap","module":"server","service":"verbyflow","timestamp":"2025-07-06 19:23:51"}
{"level":"debug","message":"Broadcast to user_1751826210062 in call f93b4f54-e54c-45cb-b6a4-ac0a75619573 via wss.clients","module":"server","service":"verbyflow","timestamp":"2025-07-06 19:23:51"}
{"level":"info","message":"[TRACE] Broadcast raw audio to 2 recipients in call f93b4f54-e54c-45cb-b6a4-ac0a75619573 (format: mp4)","module":"server","service":"verbyflow","timestamp":"2025-07-06 19:23:51"}
{"level":"info","message":"[TRACE] No metadata found for binary message from user user_1751826218542, using defaults","module":"server","service":"verbyflow","timestamp":"2025-07-06 19:23:51"}
{"level":"info","message":"[TRACE] Received binary WebSocket message: 123 bytes from user user_1751826218542 in call f93b4f54-e54c-45cb-b6a4-ac0a75619573","module":"server","service":"verbyflow","timestamp":"2025-07-06 19:23:52"}
{"level":"info","message":"[TRACE] Broadcasting raw audio data to all clients in call f93b4f54-e54c-45cb-b6a4-ac0a75619573, from user user_1751826218542","module":"server","service":"verbyflow","timestamp":"2025-07-06 19:23:52"}
{"level":"debug","message":"Broadcast to user_1751826210062 in call f93b4f54-e54c-45cb-b6a4-ac0a75619573 via activeCallMap","module":"server","service":"verbyflow","timestamp":"2025-07-06 19:23:52"}
{"level":"debug","message":"Broadcast to user_1751826210062 in call f93b4f54-e54c-45cb-b6a4-ac0a75619573 via wss.clients","module":"server","service":"verbyflow","timestamp":"2025-07-06 19:23:52"}
{"level":"info","message":"[TRACE] Broadcast raw audio to 2 recipients in call f93b4f54-e54c-45cb-b6a4-ac0a75619573 (format: mp4)","module":"server","service":"verbyflow","timestamp":"2025-07-06 19:23:52"}
{"level":"info","message":"[TRACE] No metadata found for binary message from user user_1751826218542, using defaults","module":"server","service":"verbyflow","timestamp":"2025-07-06 19:23:52"}
{"level":"info","message":"[TRACE] Received binary WebSocket message: 16539 bytes from user user_1751826218542 in call f93b4f54-e54c-45cb-b6a4-ac0a75619573","module":"server","service":"verbyflow","timestamp":"2025-07-06 19:23:52"}
{"level":"info","message":"[TRACE] Broadcasting raw audio data to all clients in call f93b4f54-e54c-45cb-b6a4-ac0a75619573, from user user_1751826218542","module":"server","service":"verbyflow","timestamp":"2025-07-06 19:23:52"}
{"level":"debug","message":"Broadcast to user_1751826210062 in call f93b4f54-e54c-45cb-b6a4-ac0a75619573 via activeCallMap","module":"server","service":"verbyflow","timestamp":"2025-07-06 19:23:52"}
{"level":"debug","message":"Broadcast to user_1751826210062 in call f93b4f54-e54c-45cb-b6a4-ac0a75619573 via wss.clients","module":"server","service":"verbyflow","timestamp":"2025-07-06 19:23:52"}
{"level":"info","message":"[TRACE] Broadcast raw audio to 2 recipients in call f93b4f54-e54c-45cb-b6a4-ac0a75619573 (format: mp4)","module":"server","service":"verbyflow","timestamp":"2025-07-06 19:23:52"}
{"level":"info","message":"[TRACE] No metadata found for binary message from user user_1751826218542, using defaults","module":"server","service":"verbyflow","timestamp":"2025-07-06 19:23:52"}
{"level":"info","message":"[TRACE] Received binary WebSocket message: 123 bytes from user user_1751826218542 in call f93b4f54-e54c-45cb-b6a4-ac0a75619573","module":"server","service":"verbyflow","timestamp":"2025-07-06 19:23:53"}
{"level":"info","message":"[TRACE] Broadcasting raw audio data to all clients in call f93b4f54-e54c-45cb-b6a4-ac0a75619573, from user user_1751826218542","module":"server","service":"verbyflow","timestamp":"2025-07-06 19:23:53"}
{"level":"debug","message":"Broadcast to user_1751826210062 in call f93b4f54-e54c-45cb-b6a4-ac0a75619573 via activeCallMap","module":"server","service":"verbyflow","timestamp":"2025-07-06 19:23:53"}
{"level":"debug","message":"Broadcast to user_1751826210062 in call f93b4f54-e54c-45cb-b6a4-ac0a75619573 via wss.clients","module":"server","service":"verbyflow","timestamp":"2025-07-06 19:23:53"}
{"level":"info","message":"[TRACE] Broadcast raw audio to 2 recipients in call f93b4f54-e54c-45cb-b6a4-ac0a75619573 (format: mp4)","module":"server","service":"verbyflow","timestamp":"2025-07-06 19:23:53"}
{"level":"info","message":"[TRACE] No metadata found for binary message from user user_1751826218542, using defaults","module":"server","service":"verbyflow","timestamp":"2025-07-06 19:23:53"}
{"level":"info","message":"[TRACE] Received binary WebSocket message: 16539 bytes from user user_1751826218542 in call f93b4f54-e54c-45cb-b6a4-ac0a75619573","module":"server","service":"verbyflow","timestamp":"2025-07-06 19:23:53"}
{"level":"info","message":"[TRACE] Broadcasting raw audio data to all clients in call f93b4f54-e54c-45cb-b6a4-ac0a75619573, from user user_1751826218542","module":"server","service":"verbyflow","timestamp":"2025-07-06 19:23:53"}
{"level":"debug","message":"Broadcast to user_1751826210062 in call f93b4f54-e54c-45cb-b6a4-ac0a75619573 via activeCallMap","module":"server","service":"verbyflow","timestamp":"2025-07-06 19:23:53"}
{"level":"debug","message":"Broadcast to user_1751826210062 in call f93b4f54-e54c-45cb-b6a4-ac0a75619573 via wss.clients","module":"server","service":"verbyflow","timestamp":"2025-07-06 19:23:53"}
{"level":"info","message":"[TRACE] Broadcast raw audio to 2 recipients in call f93b4f54-e54c-45cb-b6a4-ac0a75619573 (format: mp4)","module":"server","service":"verbyflow","timestamp":"2025-07-06 19:23:53"}
{"level":"info","message":"[TRACE] No metadata found for binary message from user user_1751826218542, using defaults","module":"server","service":"verbyflow","timestamp":"2025-07-06 19:23:53"}
{"level":"info","message":"[TRACE] Received binary WebSocket message: 123 bytes from user user_1751826218542 in call f93b4f54-e54c-45cb-b6a4-ac0a75619573","module":"server","service":"verbyflow","timestamp":"2025-07-06 19:23:54"}
{"level":"info","message":"[TRACE] Broadcasting raw audio data to all clients in call f93b4f54-e54c-45cb-b6a4-ac0a75619573, from user user_1751826218542","module":"server","service":"verbyflow","timestamp":"2025-07-06 19:23:54"}
{"level":"debug","message":"Broadcast to user_1751826210062 in call f93b4f54-e54c-45cb-b6a4-ac0a75619573 via activeCallMap","module":"server","service":"verbyflow","timestamp":"2025-07-06 19:23:54"}
{"level":"debug","message":"Broadcast to user_1751826210062 in call f93b4f54-e54c-45cb-b6a4-ac0a75619573 via wss.clients","module":"server","service":"verbyflow","timestamp":"2025-07-06 19:23:54"}
{"level":"info","message":"[TRACE] Broadcast raw audio to 2 recipients in call f93b4f54-e54c-45cb-b6a4-ac0a75619573 (format: mp4)","module":"server","service":"verbyflow","timestamp":"2025-07-06 19:23:54"}
{"level":"info","message":"[TRACE] No metadata found for binary message from user user_1751826218542, using defaults","module":"server","service":"verbyflow","timestamp":"2025-07-06 19:23:54"}
{"level":"info","message":"[TRACE] Received binary WebSocket message: 13638 bytes from user user_1751826218542 in call f93b4f54-e54c-45cb-b6a4-ac0a75619573","module":"server","service":"verbyflow","timestamp":"2025-07-06 19:23:54"}
{"level":"info","message":"[TRACE] Broadcasting raw audio data to all clients in call f93b4f54-e54c-45cb-b6a4-ac0a75619573, from user user_1751826218542","module":"server","service":"verbyflow","timestamp":"2025-07-06 19:23:54"}
{"level":"debug","message":"Broadcast to user_1751826210062 in call f93b4f54-e54c-45cb-b6a4-ac0a75619573 via activeCallMap","module":"server","service":"verbyflow","timestamp":"2025-07-06 19:23:54"}
{"level":"debug","message":"Broadcast to user_1751826210062 in call f93b4f54-e54c-45cb-b6a4-ac0a75619573 via wss.clients","module":"server","service":"verbyflow","timestamp":"2025-07-06 19:23:54"}
{"level":"info","message":"[TRACE] Broadcast raw audio to 2 recipients in call f93b4f54-e54c-45cb-b6a4-ac0a75619573 (format: mp4)","module":"server","service":"verbyflow","timestamp":"2025-07-06 19:23:54"}
{"level":"info","message":"[TRACE] No metadata found for binary message from user user_1751826218542, using defaults","module":"server","service":"verbyflow","timestamp":"2025-07-06 19:23:54"}
{"level":"info","message":"[TRACE] Received binary WebSocket message: 41 bytes from user user_1751826210062 in call f93b4f54-e54c-45cb-b6a4-ac0a75619573","module":"server","service":"verbyflow","timestamp":"2025-07-06 19:24:00"}
{"level":"info","message":"[TRACE] Broadcasting raw audio data to all clients in call f93b4f54-e54c-45cb-b6a4-ac0a75619573, from user user_1751826210062","module":"server","service":"verbyflow","timestamp":"2025-07-06 19:24:00"}
{"level":"debug","message":"Broadcast to user_1751826218542 in call f93b4f54-e54c-45cb-b6a4-ac0a75619573 via activeCallMap","module":"server","service":"verbyflow","timestamp":"2025-07-06 19:24:00"}
{"level":"debug","message":"Broadcast to user_1751826218542 in call f93b4f54-e54c-45cb-b6a4-ac0a75619573 via wss.clients","module":"server","service":"verbyflow","timestamp":"2025-07-06 19:24:00"}
{"level":"info","message":"[TRACE] Broadcast raw audio to 2 recipients in call f93b4f54-e54c-45cb-b6a4-ac0a75619573 (format: mp4)","module":"server","service":"verbyflow","timestamp":"2025-07-06 19:24:00"}
{"level":"info","message":"[TRACE] No metadata found for binary message from user user_1751826210062, using defaults","module":"server","service":"verbyflow","timestamp":"2025-07-06 19:24:00"}
{"level":"info","message":"[TRACE] Initialized new audio buffer for user user_1751826210062","module":"server","service":"verbyflow","timestamp":"2025-07-06 19:24:00"}
{"level":"info","message":"[TRACE] Received binary WebSocket message: 41 bytes from user user_1751826218542 in call f93b4f54-e54c-45cb-b6a4-ac0a75619573","module":"server","service":"verbyflow","timestamp":"2025-07-06 19:24:08"}
{"level":"info","message":"[TRACE] Broadcasting raw audio data to all clients in call f93b4f54-e54c-45cb-b6a4-ac0a75619573, from user user_1751826218542","module":"server","service":"verbyflow","timestamp":"2025-07-06 19:24:08"}
{"level":"debug","message":"Broadcast to user_1751826210062 in call f93b4f54-e54c-45cb-b6a4-ac0a75619573 via activeCallMap","module":"server","service":"verbyflow","timestamp":"2025-07-06 19:24:08"}
{"level":"debug","message":"Broadcast to user_1751826210062 in call f93b4f54-e54c-45cb-b6a4-ac0a75619573 via wss.clients","module":"server","service":"verbyflow","timestamp":"2025-07-06 19:24:08"}
{"level":"info","message":"[TRACE] Broadcast raw audio to 2 recipients in call f93b4f54-e54c-45cb-b6a4-ac0a75619573 (format: mp4)","module":"server","service":"verbyflow","timestamp":"2025-07-06 19:24:08"}
{"level":"info","message":"[TRACE] No metadata found for binary message from user user_1751826218542, using defaults","module":"server","service":"verbyflow","timestamp":"2025-07-06 19:24:08"}
{"level":"info","message":"[TRACE] Received binary WebSocket message: 41 bytes from user user_1751826210062 in call f93b4f54-e54c-45cb-b6a4-ac0a75619573","module":"server","service":"verbyflow","timestamp":"2025-07-06 19:24:30"}
{"level":"info","message":"[TRACE] Broadcasting raw audio data to all clients in call f93b4f54-e54c-45cb-b6a4-ac0a75619573, from user user_1751826210062","module":"server","service":"verbyflow","timestamp":"2025-07-06 19:24:30"}
{"level":"debug","message":"Broadcast to user_1751826218542 in call f93b4f54-e54c-45cb-b6a4-ac0a75619573 via activeCallMap","module":"server","service":"verbyflow","timestamp":"2025-07-06 19:24:30"}
{"level":"debug","message":"Broadcast to user_1751826218542 in call f93b4f54-e54c-45cb-b6a4-ac0a75619573 via wss.clients","module":"server","service":"verbyflow","timestamp":"2025-07-06 19:24:30"}
{"level":"info","message":"[TRACE] Broadcast raw audio to 2 recipients in call f93b4f54-e54c-45cb-b6a4-ac0a75619573 (format: mp4)","module":"server","service":"verbyflow","timestamp":"2025-07-06 19:24:30"}
{"level":"info","message":"[TRACE] No metadata found for binary message from user user_1751826210062, using defaults","module":"server","service":"verbyflow","timestamp":"2025-07-06 19:24:30"}
{"level":"info","message":"[TRACE] Silence detected for user user_1751826210062 after 29998ms","module":"server","service":"verbyflow","timestamp":"2025-07-06 19:24:30"}
{"level":"info","message":"[TRACE] Buffer too small (82 bytes < 8000 bytes), skipping transcription","module":"server","service":"verbyflow","timestamp":"2025-07-06 19:24:30"}
{"level":"info","message":"[TRACE] Received binary WebSocket message: 41 bytes from user user_1751826218542 in call f93b4f54-e54c-45cb-b6a4-ac0a75619573","module":"server","service":"verbyflow","timestamp":"2025-07-06 19:24:38"}
{"level":"info","message":"[TRACE] Broadcasting raw audio data to all clients in call f93b4f54-e54c-45cb-b6a4-ac0a75619573, from user user_1751826218542","module":"server","service":"verbyflow","timestamp":"2025-07-06 19:24:38"}
{"level":"debug","message":"Broadcast to user_1751826210062 in call f93b4f54-e54c-45cb-b6a4-ac0a75619573 via activeCallMap","module":"server","service":"verbyflow","timestamp":"2025-07-06 19:24:38"}
{"level":"debug","message":"Broadcast to user_1751826210062 in call f93b4f54-e54c-45cb-b6a4-ac0a75619573 via wss.clients","module":"server","service":"verbyflow","timestamp":"2025-07-06 19:24:38"}
{"level":"info","message":"[TRACE] Broadcast raw audio to 2 recipients in call f93b4f54-e54c-45cb-b6a4-ac0a75619573 (format: mp4)","module":"server","service":"verbyflow","timestamp":"2025-07-06 19:24:38"}
{"level":"info","message":"[TRACE] No metadata found for binary message from user user_1751826218542, using defaults","module":"server","service":"verbyflow","timestamp":"2025-07-06 19:24:38"}
{"level":"info","message":"[TRACE] Received binary WebSocket message: 41 bytes from user user_1751826210062 in call f93b4f54-e54c-45cb-b6a4-ac0a75619573","module":"server","service":"verbyflow","timestamp":"2025-07-06 19:25:00"}
{"level":"info","message":"[TRACE] Broadcasting raw audio data to all clients in call f93b4f54-e54c-45cb-b6a4-ac0a75619573, from user user_1751826210062","module":"server","service":"verbyflow","timestamp":"2025-07-06 19:25:00"}
{"level":"debug","message":"Broadcast to user_1751826218542 in call f93b4f54-e54c-45cb-b6a4-ac0a75619573 via activeCallMap","module":"server","service":"verbyflow","timestamp":"2025-07-06 19:25:00"}
{"level":"debug","message":"Broadcast to user_1751826218542 in call f93b4f54-e54c-45cb-b6a4-ac0a75619573 via wss.clients","module":"server","service":"verbyflow","timestamp":"2025-07-06 19:25:00"}
{"level":"info","message":"[TRACE] Broadcast raw audio to 2 recipients in call f93b4f54-e54c-45cb-b6a4-ac0a75619573 (format: mp4)","module":"server","service":"verbyflow","timestamp":"2025-07-06 19:25:00"}
{"level":"info","message":"[TRACE] No metadata found for binary message from user user_1751826210062, using defaults","module":"server","service":"verbyflow","timestamp":"2025-07-06 19:25:00"}
{"level":"info","message":"[TRACE] Received binary WebSocket message: 41 bytes from user user_1751826218542 in call f93b4f54-e54c-45cb-b6a4-ac0a75619573","module":"server","service":"verbyflow","timestamp":"2025-07-06 19:25:08"}
{"level":"info","message":"[TRACE] Broadcasting raw audio data to all clients in call f93b4f54-e54c-45cb-b6a4-ac0a75619573, from user user_1751826218542","module":"server","service":"verbyflow","timestamp":"2025-07-06 19:25:08"}
{"level":"debug","message":"Broadcast to user_1751826210062 in call f93b4f54-e54c-45cb-b6a4-ac0a75619573 via activeCallMap","module":"server","service":"verbyflow","timestamp":"2025-07-06 19:25:08"}
{"level":"debug","message":"Broadcast to user_1751826210062 in call f93b4f54-e54c-45cb-b6a4-ac0a75619573 via wss.clients","module":"server","service":"verbyflow","timestamp":"2025-07-06 19:25:08"}
{"level":"info","message":"[TRACE] Broadcast raw audio to 2 recipients in call f93b4f54-e54c-45cb-b6a4-ac0a75619573 (format: mp4)","module":"server","service":"verbyflow","timestamp":"2025-07-06 19:25:08"}
{"level":"info","message":"[TRACE] No metadata found for binary message from user user_1751826218542, using defaults","module":"server","service":"verbyflow","timestamp":"2025-07-06 19:25:08"}
{"level":"info","message":"[TRACE] Received binary WebSocket message: 41 bytes from user user_1751826210062 in call f93b4f54-e54c-45cb-b6a4-ac0a75619573","module":"server","service":"verbyflow","timestamp":"2025-07-06 19:25:30"}
{"level":"info","message":"[TRACE] Broadcasting raw audio data to all clients in call f93b4f54-e54c-45cb-b6a4-ac0a75619573, from user user_1751826210062","module":"server","service":"verbyflow","timestamp":"2025-07-06 19:25:30"}
{"level":"debug","message":"Broadcast to user_1751826218542 in call f93b4f54-e54c-45cb-b6a4-ac0a75619573 via activeCallMap","module":"server","service":"verbyflow","timestamp":"2025-07-06 19:25:30"}
{"level":"debug","message":"Broadcast to user_1751826218542 in call f93b4f54-e54c-45cb-b6a4-ac0a75619573 via wss.clients","module":"server","service":"verbyflow","timestamp":"2025-07-06 19:25:30"}
{"level":"info","message":"[TRACE] Broadcast raw audio to 2 recipients in call f93b4f54-e54c-45cb-b6a4-ac0a75619573 (format: mp4)","module":"server","service":"verbyflow","timestamp":"2025-07-06 19:25:30"}
{"level":"info","message":"[TRACE] No metadata found for binary message from user user_1751826210062, using defaults","module":"server","service":"verbyflow","timestamp":"2025-07-06 19:25:30"}
{"level":"info","message":"[TRACE] Received binary WebSocket message: 41 bytes from user user_1751826218542 in call f93b4f54-e54c-45cb-b6a4-ac0a75619573","module":"server","service":"verbyflow","timestamp":"2025-07-06 19:25:38"}
{"level":"info","message":"[TRACE] Broadcasting raw audio data to all clients in call f93b4f54-e54c-45cb-b6a4-ac0a75619573, from user user_1751826218542","module":"server","service":"verbyflow","timestamp":"2025-07-06 19:25:38"}
{"level":"debug","message":"Broadcast to user_1751826210062 in call f93b4f54-e54c-45cb-b6a4-ac0a75619573 via activeCallMap","module":"server","service":"verbyflow","timestamp":"2025-07-06 19:25:38"}
{"level":"debug","message":"Broadcast to user_1751826210062 in call f93b4f54-e54c-45cb-b6a4-ac0a75619573 via wss.clients","module":"server","service":"verbyflow","timestamp":"2025-07-06 19:25:38"}
{"level":"info","message":"[TRACE] Broadcast raw audio to 2 recipients in call f93b4f54-e54c-45cb-b6a4-ac0a75619573 (format: mp4)","module":"server","service":"verbyflow","timestamp":"2025-07-06 19:25:38"}
{"level":"info","message":"[TRACE] No metadata found for binary message from user user_1751826218542, using defaults","module":"server","service":"verbyflow","timestamp":"2025-07-06 19:25:38"}
{"level":"info","message":"WebSocket closed for user user_1751826218542 in call f93b4f54-e54c-45cb-b6a4-ac0a75619573","module":"server","service":"verbyflow","timestamp":"2025-07-06 19:25:40"}
{"level":"info","message":"Removed user user_1751826218542 from call f93b4f54-e54c-45cb-b6a4-ac0a75619573. Remaining participants: 1","module":"server","service":"verbyflow","timestamp":"2025-07-06 19:25:40"}
{"level":"debug","message":"Broadcast to user_1751826210062 in call f93b4f54-e54c-45cb-b6a4-ac0a75619573 via activeCallMap","module":"server","service":"verbyflow","timestamp":"2025-07-06 19:25:40"}
{"level":"debug","message":"Broadcast to user_1751826210062 in call f93b4f54-e54c-45cb-b6a4-ac0a75619573 via wss.clients","module":"server","service":"verbyflow","timestamp":"2025-07-06 19:25:40"}
{"level":"info","message":"[TRACE] WebSocket connection closed for user user_1751826218542 in call f93b4f54-e54c-45cb-b6a4-ac0a75619573 with code 1005: ","module":"server","service":"verbyflow","timestamp":"2025-07-06 19:25:40"}
{"level":"info","message":"[TRACE] Active WebSocket connections remaining: 1","module":"server","service":"verbyflow","timestamp":"2025-07-06 19:25:40"}
{"level":"info","message":"[TRACE] WebSocket connection cleanup complete","module":"server","service":"verbyflow","timestamp":"2025-07-06 19:25:40"}
{"level":"info","message":"WebSocket closed for user user_1751826210062 in call f93b4f54-e54c-45cb-b6a4-ac0a75619573","module":"server","service":"verbyflow","timestamp":"2025-07-06 19:25:42"}
{"level":"info","message":"Removed user user_1751826210062 from call f93b4f54-e54c-45cb-b6a4-ac0a75619573. Remaining participants: 0","module":"server","service":"verbyflow","timestamp":"2025-07-06 19:25:42"}
{"level":"info","message":"Call f93b4f54-e54c-45cb-b6a4-ac0a75619573 has no more participants, removing tracking","module":"server","service":"verbyflow","timestamp":"2025-07-06 19:25:42"}
{"level":"info","message":"[TRACE] WebSocket connection closed for user user_1751826210062 in call f93b4f54-e54c-45cb-b6a4-ac0a75619573 with code 1005: ","module":"server","service":"verbyflow","timestamp":"2025-07-06 19:25:42"}
{"level":"info","message":"[TRACE] Active WebSocket connections remaining: 0","module":"server","service":"verbyflow","timestamp":"2025-07-06 19:25:42"}
{"level":"info","message":"[TRACE] WebSocket connection cleanup complete","module":"server","service":"verbyflow","timestamp":"2025-07-06 19:25:42"}
{"level":"info","message":"Raw WebSocket client connected: user_1751826218542 to call f93b4f54-e54c-45cb-b6a4-ac0a75619573","module":"server","service":"verbyflow","timestamp":"2025-07-06 19:25:43"}
{"level":"info","message":"Added user user_1751826218542 to call f93b4f54-e54c-45cb-b6a4-ac0a75619573. Total participants: 1","module":"server","service":"verbyflow","timestamp":"2025-07-06 19:25:43"}
{"level":"info","message":"Current clients in call f93b4f54-e54c-45cb-b6a4-ac0a75619573 via wss.clients: user_1751826218542","module":"server","service":"verbyflow","timestamp":"2025-07-06 19:25:43"}
{"level":"info","message":"Raw WebSocket client connected: user_1751826210062 to call f93b4f54-e54c-45cb-b6a4-ac0a75619573","module":"server","service":"verbyflow","timestamp":"2025-07-06 19:25:45"}
{"level":"info","message":"Added user user_1751826210062 to call f93b4f54-e54c-45cb-b6a4-ac0a75619573. Total participants: 2","module":"server","service":"verbyflow","timestamp":"2025-07-06 19:25:45"}
{"level":"info","message":"Current clients in call f93b4f54-e54c-45cb-b6a4-ac0a75619573 via wss.clients: user_1751826218542, user_1751826210062","module":"server","service":"verbyflow","timestamp":"2025-07-06 19:25:45"}
{"level":"debug","message":"Broadcast to user_1751826218542 in call f93b4f54-e54c-45cb-b6a4-ac0a75619573 via activeCallMap","module":"server","service":"verbyflow","timestamp":"2025-07-06 19:25:45"}
{"level":"debug","message":"Broadcast to user_1751826218542 in call f93b4f54-e54c-45cb-b6a4-ac0a75619573 via wss.clients","module":"server","service":"verbyflow","timestamp":"2025-07-06 19:25:45"}
{"level":"info","message":"WebSocket closed for user user_1751826210062 in call f93b4f54-e54c-45cb-b6a4-ac0a75619573","module":"server","service":"verbyflow","timestamp":"2025-07-06 19:28:43"}
{"level":"info","message":"Removed user user_1751826210062 from call f93b4f54-e54c-45cb-b6a4-ac0a75619573. Remaining participants: 1","module":"server","service":"verbyflow","timestamp":"2025-07-06 19:28:43"}
{"level":"debug","message":"Broadcast to user_1751826218542 in call f93b4f54-e54c-45cb-b6a4-ac0a75619573 via activeCallMap","module":"server","service":"verbyflow","timestamp":"2025-07-06 19:28:43"}
{"level":"debug","message":"Broadcast to user_1751826218542 in call f93b4f54-e54c-45cb-b6a4-ac0a75619573 via wss.clients","module":"server","service":"verbyflow","timestamp":"2025-07-06 19:28:43"}
{"level":"info","message":"[TRACE] WebSocket connection closed for user user_1751826210062 in call f93b4f54-e54c-45cb-b6a4-ac0a75619573 with code 1001: ","module":"server","service":"verbyflow","timestamp":"2025-07-06 19:28:43"}
{"level":"info","message":"[TRACE] Active WebSocket connections remaining: 1","module":"server","service":"verbyflow","timestamp":"2025-07-06 19:28:43"}
{"level":"info","message":"[TRACE] WebSocket connection cleanup complete","module":"server","service":"verbyflow","timestamp":"2025-07-06 19:28:43"}
{"level":"info","message":"WebSocket closed for user user_1751826218542 in call f93b4f54-e54c-45cb-b6a4-ac0a75619573","module":"server","service":"verbyflow","timestamp":"2025-07-06 19:28:43"}
{"level":"info","message":"Removed user user_1751826218542 from call f93b4f54-e54c-45cb-b6a4-ac0a75619573. Remaining participants: 0","module":"server","service":"verbyflow","timestamp":"2025-07-06 19:28:43"}
{"level":"info","message":"Call f93b4f54-e54c-45cb-b6a4-ac0a75619573 has no more participants, removing tracking","module":"server","service":"verbyflow","timestamp":"2025-07-06 19:28:43"}
{"level":"info","message":"[TRACE] WebSocket connection closed for user user_1751826218542 in call f93b4f54-e54c-45cb-b6a4-ac0a75619573 with code 1001: ","module":"server","service":"verbyflow","timestamp":"2025-07-06 19:28:43"}
{"level":"info","message":"[TRACE] Active WebSocket connections remaining: 0","module":"server","service":"verbyflow","timestamp":"2025-07-06 19:28:43"}
{"level":"info","message":"[TRACE] WebSocket connection cleanup complete","module":"server","service":"verbyflow","timestamp":"2025-07-06 19:28:43"}
{"level":"info","message":"OPENAI_API_KEY is properly set, length: 164","module":"whisper-service","service":"verbyflow","timestamp":"2025-07-06 19:31:58"}
{"level":"info","message":"Using ffmpeg from path: C:\\Users\\Jarvis\\Documents\\verby\\verbyflow\\backend\\node_modules\\ffmpeg-static\\ffmpeg.exe","module":"audio-utils","service":"verbyflow","timestamp":"2025-07-06 19:31:58"}
{"level":"info","message":"VerbyFlow backend server running on port 3000","module":"server","service":"verbyflow","timestamp":"2025-07-06 19:31:58"}
{"level":"info","message":"OPENAI_API_KEY is properly set, length: 164","module":"whisper-service","service":"verbyflow","timestamp":"2025-07-06 19:33:03"}
{"level":"info","message":"Using ffmpeg from path: C:\\Users\\Jarvis\\Documents\\verby\\verbyflow\\backend\\node_modules\\ffmpeg-static\\ffmpeg.exe","module":"audio-utils","service":"verbyflow","timestamp":"2025-07-06 19:33:03"}
{"level":"info","message":"VerbyFlow backend server running on port 3000","module":"server","service":"verbyflow","timestamp":"2025-07-06 19:33:03"}
{"level":"info","message":"OPENAI_API_KEY is properly set, length: 164","module":"whisper-service","service":"verbyflow","timestamp":"2025-07-06 19:34:31"}
{"level":"info","message":"Using ffmpeg from path: C:\\Users\\Jarvis\\Documents\\verby\\verbyflow\\backend\\node_modules\\ffmpeg-static\\ffmpeg.exe","module":"audio-utils","service":"verbyflow","timestamp":"2025-07-06 19:34:31"}
{"level":"info","message":"VerbyFlow backend server running on port 3000","module":"server","service":"verbyflow","timestamp":"2025-07-06 19:34:31"}
